circuit,mode,lambda,coverage_proxy_mode,segment_window,ratio,k,coverage_proxy,coverage_loss,toggles,activity,max_stress,stress_variance,stress_imbalance,max_segment_stress,segment_variance,hotspot_count,tradeoff_score,pareto_cov_maxstress,pareto_cov_activity,selection_time_ms,simulation_time_ms
s1196,co,0.500000,combined,16,0.050000,1,0.165299,0.834701,75,0.559701,0.559701,0.000000,0.000000,0.559701,0.000000,0,-0.796240,0,0,0.037,0.011
s1196,co,0.500000,combined,16,0.100000,2,0.270809,0.729191,260,0.485075,0.578358,0.008702,0.192308,0.485075,0.000000,0,-0.889448,0,0,0.002,0.033
s1196,co,0.500000,combined,16,0.150000,3,0.370457,0.629543,655,0.543118,0.599502,0.003240,0.103817,0.543118,0.000000,0,-0.702163,0,0,0.002,0.061
s1196,co,0.500000,combined,16,0.200000,4,0.466589,0.533411,1162,0.541978,0.606343,0.001444,0.118761,0.541978,0.000000,0,-0.559053,0,0,0.002,0.100
s1196,co,0.500000,combined,16,0.250000,5,0.548652,0.451348,1729,0.516119,0.565672,0.000754,0.096009,0.516119,0.000000,0,-0.400544,0,0,0.002,0.146
s1196,co,0.500000,combined,16,0.300000,5,0.548652,0.451348,1729,0.516119,0.565672,0.000754,0.096009,0.516119,0.000000,0,-0.400544,0,0,0.001,0.101
s1196,co,0.500000,combined,16,0.350000,6,0.627198,0.372802,2307,0.478234,0.528607,0.000545,0.105332,0.478234,0.000000,0,-0.251592,0,0,0.001,0.195
s1196,co,0.500000,combined,16,0.400000,7,0.702227,0.297773,3059,0.465885,0.519190,0.000673,0.114416,0.465885,0.000000,0,-0.161435,1,1,0.001,0.260
s1196,co,0.500000,combined,16,0.450000,8,0.776084,0.223916,4051,0.472365,0.530784,0.000924,0.123673,0.472365,0.000000,0,-0.110137,0,0,0.002,0.350
s1196,co,0.500000,combined,16,0.500000,9,0.830012,0.169988,5076,0.467662,0.521559,0.000714,0.115248,0.467662,0.000000,0,-0.038355,1,0,0.002,0.105
s1196,co,0.500000,combined,16,0.550000,10,0.883939,0.116061,6634,0.495075,0.575373,0.002232,0.162195,0.495075,0.000000,0,-0.096902,0,0,0.000,0.087
s1196,co,0.500000,combined,16,0.600000,11,0.915592,0.084408,7844,0.483779,0.552917,0.002248,0.142912,0.483779,0.000000,0,-0.037111,0,0,0.000,0.107
s1196,co,0.500000,combined,16,0.650000,12,0.942556,0.057444,9178,0.475643,0.552861,0.002421,0.162345,0.475643,0.000000,0,-0.007810,0,0,0.000,0.123
s1196,co,0.500000,combined,16,0.700000,13,0.962485,0.037515,10727,0.473682,0.537887,0.002058,0.135546,0.473682,0.000000,0,0.036652,0,0,0.000,0.141
s1196,co,0.500000,combined,16,0.750000,14,0.980070,0.019930,12397,0.472015,0.537846,0.002090,0.139469,0.472015,0.000000,0,0.054850,0,0,0.000,0.163
s1196,co,0.500000,combined,16,0.800000,14,0.980070,0.019930,12397,0.472015,0.537846,0.002090,0.139469,0.472015,0.000000,0,0.054850,0,0,0.000,0.155
s1196,co,0.500000,combined,16,0.850000,15,0.990621,0.009379,14063,0.466434,0.536816,0.002341,0.150892,0.466434,0.000000,0,0.064025,0,1,0.000,0.176
s1196,co,0.500000,combined,16,0.900000,16,0.996483,0.003517,16646,0.485250,0.539179,0.001040,0.111138,0.485250,0.000000,0,0.088507,0,0,0.000,0.196
s1196,co,0.500000,combined,16,0.950000,17,0.998828,0.001172,19022,0.491195,0.548727,0.001346,0.117128,0.494485,0.000006,0,0.068861,0,0,0.001,0.206
s1196,co,0.500000,combined,16,1.000000,18,1.000000,0.000000,20854,0.480330,0.533167,0.001012,0.110003,0.481939,0.000003,1,0.102162,1,1,0.001,0.226
s1196,combined,0.500000,combined,16,0.050000,1,0.165299,0.834701,75,0.559701,0.559701,0.000000,0.000000,0.559701,0.000000,0,-0.796240,0,0,0.014,0.011
s1196,combined,0.500000,combined,16,0.100000,2,0.270809,0.729191,260,0.485075,0.578358,0.008702,0.192308,0.485075,0.000000,0,-0.889448,0,0,0.002,0.031
s1196,combined,0.500000,combined,16,0.150000,3,0.370457,0.629543,655,0.543118,0.599502,0.003240,0.103817,0.543118,0.000000,0,-0.702163,0,0,0.002,0.061
s1196,combined,0.500000,combined,16,0.200000,4,0.466589,0.533411,1162,0.541978,0.606343,0.001444,0.118761,0.541978,0.000000,0,-0.559053,0,0,0.002,0.101
s1196,combined,0.500000,combined,16,0.250000,5,0.548652,0.451348,1729,0.516119,0.565672,0.000754,0.096009,0.516119,0.000000,0,-0.400544,0,0,0.002,0.180
s1196,combined,0.500000,combined,16,0.300000,5,0.548652,0.451348,1729,0.516119,0.565672,0.000754,0.096009,0.516119,0.000000,0,-0.400544,0,0,0.002,0.105
s1196,combined,0.500000,combined,16,0.350000,6,0.627198,0.372802,2307,0.478234,0.528607,0.000545,0.105332,0.478234,0.000000,0,-0.251592,0,0,0.001,0.200
s1196,combined,0.500000,combined,16,0.400000,7,0.702227,0.297773,3059,0.465885,0.519190,0.000673,0.114416,0.465885,0.000000,0,-0.161435,1,1,0.002,0.263
s1196,combined,0.500000,combined,16,0.450000,8,0.776084,0.223916,4051,0.472365,0.530784,0.000924,0.123673,0.472365,0.000000,0,-0.110137,0,0,0.002,0.347
s1196,combined,0.500000,combined,16,0.500000,9,0.830012,0.169988,5076,0.467662,0.521559,0.000714,0.115248,0.467662,0.000000,0,-0.038355,1,0,0.002,0.437
s1196,combined,0.500000,combined,16,0.550000,10,0.883939,0.116061,6634,0.495075,0.575373,0.002232,0.162195,0.495075,0.000000,0,-0.096902,0,0,0.002,0.478
s1196,combined,0.500000,combined,16,0.600000,11,0.915592,0.084408,7844,0.483779,0.552917,0.002248,0.142912,0.483779,0.000000,0,-0.037111,0,0,0.002,0.598
s1196,combined,0.500000,combined,16,0.650000,12,0.942556,0.057444,9178,0.475643,0.552861,0.002421,0.162345,0.475643,0.000000,0,-0.007810,0,0,0.005,0.448
s1196,combined,0.500000,combined,16,0.700000,13,0.962485,0.037515,10727,0.473682,0.537887,0.002058,0.135546,0.473682,0.000000,0,0.036652,0,0,0.002,0.533
s1196,combined,0.500000,combined,16,0.750000,14,0.980070,0.019930,12397,0.472015,0.537846,0.002090,0.139469,0.472015,0.000000,0,0.054850,0,0,0.002,0.658
s1196,combined,0.500000,combined,16,0.800000,14,0.980070,0.019930,12397,0.472015,0.537846,0.002090,0.139469,0.472015,0.000000,0,0.054850,0,0,0.005,0.602
s1196,combined,0.500000,combined,16,0.850000,15,0.990621,0.009379,14063,0.466434,0.536816,0.002341,0.150892,0.466434,0.000000,0,0.064025,0,1,0.002,0.652
s1196,combined,0.500000,combined,16,0.900000,16,0.996483,0.003517,16646,0.485250,0.539179,0.001040,0.111138,0.485250,0.000000,0,0.088507,0,0,0.002,0.733
s1196,combined,0.500000,combined,16,0.950000,17,0.998828,0.001172,19022,0.491195,0.548727,0.001346,0.117128,0.494485,0.000006,0,0.068861,0,0,0.002,0.747
s1196,combined,0.500000,combined,16,1.000000,18,1.000000,0.000000,20854,0.480330,0.533167,0.001012,0.110003,0.481939,0.000003,1,0.102162,1,1,0.002,0.820
s1196,combined_wear,0.000000,combined,16,0.050000,1,0.165299,0.834701,75,0.559701,0.559701,0.000000,0.000000,0.559701,0.000000,0,-0.796240,0,0,0.007,0.009
s1196,combined_wear,0.000000,combined,16,0.100000,2,0.270809,0.729191,260,0.485075,0.578358,0.008702,0.192308,0.485075,0.000000,0,-0.889448,0,0,0.003,0.024
s1196,combined_wear,0.000000,combined,16,0.150000,3,0.370457,0.629543,655,0.543118,0.599502,0.003240,0.103817,0.543118,0.000000,0,-0.702163,0,0,0.002,0.054
s1196,combined_wear,0.000000,combined,16,0.200000,4,0.466589,0.533411,1162,0.541978,0.606343,0.001444,0.118761,0.541978,0.000000,0,-0.559053,0,0,0.001,0.066
s1196,combined_wear,0.000000,combined,16,0.250000,5,0.548652,0.451348,1729,0.516119,0.565672,0.000754,0.096009,0.516119,0.000000,0,-0.400544,0,0,0.001,0.102
s1196,combined_wear,0.000000,combined,16,0.300000,5,0.548652,0.451348,1729,0.516119,0.565672,0.000754,0.096009,0.516119,0.000000,0,-0.400544,0,0,0.001,0.072
s1196,combined_wear,0.000000,combined,16,0.350000,6,0.627198,0.372802,2307,0.478234,0.528607,0.000545,0.105332,0.478234,0.000000,0,-0.251592,0,0,0.001,0.120
s1196,combined_wear,0.000000,combined,16,0.400000,7,0.702227,0.297773,3059,0.465885,0.519190,0.000673,0.114416,0.465885,0.000000,0,-0.161435,1,1,0.001,0.179
s1196,combined_wear,0.000000,combined,16,0.450000,8,0.776084,0.223916,4051,0.472365,0.530784,0.000924,0.123673,0.472365,0.000000,0,-0.110137,0,0,0.001,0.246
s1196,combined_wear,0.000000,combined,16,0.500000,9,0.830012,0.169988,5076,0.467662,0.521559,0.000714,0.115248,0.467662,0.000000,0,-0.038355,1,0,0.002,0.318
s1196,combined_wear,0.000000,combined,16,0.550000,10,0.883939,0.116061,6634,0.495075,0.575373,0.002232,0.162195,0.495075,0.000000,0,-0.096902,0,0,0.001,0.372
s1196,combined_wear,0.000000,combined,16,0.600000,11,0.915592,0.084408,7844,0.483779,0.552917,0.002248,0.142912,0.483779,0.000000,0,-0.037111,0,0,0.001,0.483
s1196,combined_wear,0.000000,combined,16,0.650000,12,0.942556,0.057444,9178,0.475643,0.552861,0.002421,0.162345,0.475643,0.000000,0,-0.007810,0,0,0.002,0.546
s1196,combined_wear,0.000000,combined,16,0.700000,13,0.962485,0.037515,10727,0.473682,0.537887,0.002058,0.135546,0.473682,0.000000,0,0.036652,0,0,0.002,0.631
s1196,combined_wear,0.000000,combined,16,0.750000,14,0.980070,0.019930,12397,0.472015,0.537846,0.002090,0.139469,0.472015,0.000000,0,0.054850,0,0,0.002,0.714
s1196,combined_wear,0.000000,combined,16,0.800000,14,0.980070,0.019930,12397,0.472015,0.537846,0.002090,0.139469,0.472015,0.000000,0,0.054850,0,0,0.002,0.668
s1196,combined_wear,0.000000,combined,16,0.850000,15,0.990621,0.009379,14063,0.466434,0.536816,0.002341,0.150892,0.466434,0.000000,0,0.064025,0,1,0.002,0.774
s1196,combined_wear,0.000000,combined,16,0.900000,16,0.996483,0.003517,16646,0.485250,0.539179,0.001040,0.111138,0.485250,0.000000,0,0.088507,0,0,0.002,0.857
s1196,combined_wear,0.000000,combined,16,0.950000,17,0.998828,0.001172,19022,0.491195,0.548727,0.001346,0.117128,0.494485,0.000006,0,0.068861,0,0,0.003,0.869
s1196,combined_wear,0.000000,combined,16,1.000000,18,1.000000,0.000000,20854,0.480330,0.533167,0.001012,0.110003,0.481939,0.000003,1,0.102162,1,1,0.003,0.928
s1196,combined_wear,0.250000,combined,16,0.050000,1,0.165299,0.834701,75,0.559701,0.559701,0.000000,0.000000,0.559701,0.000000,0,-0.821082,0,0,0.010,0.007
s1196,combined_wear,0.250000,combined,16,0.100000,2,0.243845,0.756155,253,0.472015,0.477612,0.000031,0.011858,0.472015,0.000000,0,-0.595281,1,0,0.002,0.017
s1196,combined_wear,0.250000,combined,16,0.150000,3,0.349355,0.650645,518,0.429519,0.509950,0.003244,0.187259,0.429519,0.000000,0,-0.727496,1,1,0.001,0.034
s1196,combined_wear,0.250000,combined,16,0.200000,4,0.445487,0.554513,1181,0.550840,0.565299,0.000251,0.026249,0.550840,0.000000,0,-0.557207,0,0,0.001,0.052
s1196,combined_wear,0.250000,combined,16,0.250000,5,0.527550,0.472450,1724,0.514627,0.526866,0.000130,0.023782,0.514627,0.000000,0,-0.400084,0,0,0.001,0.088
s1196,combined_wear,0.250000,combined,16,0.300000,5,0.527550,0.472450,1724,0.514627,0.526866,0.000130,0.023782,0.514627,0.000000,0,-0.400084,0,0,0.001,0.055
s1196,combined_wear,0.250000,combined,16,0.350000,6,0.601407,0.398593,2404,0.498342,0.521144,0.000127,0.045757,0.498342,0.000000,0,-0.306456,1,0,0.001,0.106
s1196,combined_wear,0.250000,combined,16,0.400000,7,0.701055,0.298945,3079,0.468931,0.523454,0.000648,0.116272,0.468931,0.000000,0,-0.222703,1,0,0.001,0.141
s1196,combined_wear,0.250000,combined,16,0.450000,8,0.776084,0.223916,4051,0.472365,0.530784,0.000924,0.123673,0.472365,0.000000,0,-0.178367,1,0,0.001,0.228
s1196,combined_wear,0.250000,combined,16,0.500000,9,0.830012,0.169988,5069,0.467017,0.564677,0.003217,0.209114,0.467017,0.000000,0,-0.325808,0,0,0.001,0.242
s1196,combined_wear,0.250000,combined,16,0.550000,10,0.883939,0.116061,6634,0.495075,0.575373,0.002232,0.162195,0.495075,0.000000,0,-0.230313,0,0,0.001,0.306
s1196,combined_wear,0.250000,combined,16,0.600000,11,0.901524,0.098476,7958,0.490810,0.571913,0.002210,0.165243,0.490810,0.000000,0,-0.204264,0,0,0.001,0.384
s1196,combined_wear,0.250000,combined,16,0.650000,12,0.933177,0.066823,9278,0.480825,0.551617,0.002242,0.147230,0.480825,0.000000,0,-0.148466,0,0,0.002,0.438
s1196,combined_wear,0.250000,combined,16,0.700000,13,0.960141,0.039859,10722,0.473461,0.551665,0.002405,0.165174,0.473461,0.000000,0,-0.127586,0,0,0.001,0.535
s1196,combined_wear,0.250000,combined,16,0.750000,14,0.962485,0.037515,12596,0.479592,0.562367,0.002810,0.172594,0.479592,0.000000,0,-0.171242,0,0,0.002,0.554
s1196,combined_wear,0.250000,combined,16,0.800000,14,0.962485,0.037515,12596,0.479592,0.562367,0.002810,0.172594,0.479592,0.000000,0,-0.171242,0,0,0.001,0.518
s1196,combined_wear,0.250000,combined,16,0.850000,15,0.982415,0.017585,14419,0.478242,0.548756,0.002480,0.147444,0.478242,0.000000,0,-0.112803,0,0,0.002,0.622
s1196,combined_wear,0.250000,combined,16,0.900000,16,0.983587,0.016413,16013,0.466797,0.531250,0.001857,0.138075,0.466797,0.000000,0,-0.038164,1,1,0.001,0.720
s1196,combined_wear,0.250000,combined,16,0.950000,17,0.989449,0.010551,18834,0.486340,0.535996,0.001226,0.102103,0.486858,0.000002,0,-0.005300,0,0,0.002,0.649
s1196,combined_wear,0.250000,combined,16,1.000000,18,1.000000,0.000000,20854,0.480330,0.533167,0.001012,0.110003,0.481939,0.000003,1,0.029561,1,1,0.000,0.157
s1196,combined_wear,0.500000,combined,16,0.050000,1,0.165299,0.834701,75,0.559701,0.559701,0.000000,0.000000,0.559701,0.000000,0,-0.814957,0,0,0.011,0.009
s1196,combined_wear,0.500000,combined,16,0.100000,2,0.243845,0.756155,253,0.472015,0.477612,0.000031,0.011858,0.472015,0.000000,0,-0.590235,0,0,0.003,0.020
s1196,combined_wear,0.500000,combined,16,0.150000,3,0.317702,0.682298,555,0.460199,0.472637,0.000087,0.027027,0.460199,0.000000,0,-0.506135,0,0,0.002,0.051
s1196,combined_wear,0.500000,combined,16,0.200000,4,0.399766,0.600234,908,0.423507,0.436567,0.000078,0.030837,0.423507,0.000000,0,-0.359655,1,1,0.001,0.071
s1196,combined_wear,0.500000,combined,16,0.250000,5,0.505275,0.494725,1503,0.448657,0.465672,0.000213,0.037924,0.448657,0.000000,0,-0.312709,1,1,0.001,0.103
s1196,combined_wear,0.500000,combined,16,0.300000,5,0.505275,0.494725,1503,0.448657,0.465672,0.000213,0.037924,0.448657,0.000000,0,-0.312709,1,1,0.001,0.075
s1196,combined_wear,0.500000,combined,16,0.350000,6,0.580305,0.419695,2345,0.486111,0.527363,0.000503,0.084861,0.486111,0.000000,0,-0.348127,1,0,0.001,0.138
s1196,combined_wear,0.500000,combined,16,0.400000,7,0.676436,0.323564,3272,0.498325,0.529851,0.000474,0.063264,0.498325,0.000000,0,-0.262619,1,0,0.002,0.185
s1196,combined_wear,0.500000,combined,16,0.450000,8,0.776084,0.223916,4051,0.472365,0.530784,0.000924,0.123673,0.472365,0.000000,0,-0.177887,1,0,0.001,0.248
s1196,combined_wear,0.500000,combined,16,0.500000,9,0.793669,0.206331,5111,0.470886,0.531509,0.001029,0.128742,0.470886,0.000000,0,-0.168288,0,0,0.002,0.321
s1196,combined_wear,0.500000,combined,16,0.550000,10,0.847597,0.152403,6223,0.464403,0.561940,0.003018,0.210027,0.464403,0.000000,0,-0.299447,0,1,0.001,0.380
s1196,combined_wear,0.500000,combined,16,0.600000,11,0.901524,0.098476,7958,0.490810,0.571913,0.002210,0.165243,0.490810,0.000000,0,-0.210750,0,0,0.001,0.458
s1196,combined_wear,0.500000,combined,16,0.650000,12,0.903869,0.096131,9568,0.495854,0.582711,0.002700,0.175167,0.495854,0.000000,0,-0.262730,0,0,0.002,0.501
s1196,combined_wear,0.500000,combined,16,0.700000,13,0.935522,0.064478,11020,0.486620,0.563146,0.002692,0.157260,0.486620,0.000000,0,-0.205436,0,0,0.002,0.590
s1196,combined_wear,0.500000,combined,16,0.750000,14,0.962485,0.037515,12596,0.479592,0.562367,0.002810,0.172594,0.479592,0.000000,0,-0.181294,0,0,0.002,0.670
s1196,combined_wear,0.500000,combined,16,0.800000,14,0.962485,0.037515,12596,0.479592,0.562367,0.002810,0.172594,0.479592,0.000000,0,-0.181294,0,0,0.002,0.630
s1196,combined_wear,0.500000,combined,16,0.850000,15,0.963658,0.036342,14100,0.467662,0.542786,0.002072,0.160638,0.467662,0.000000,0,-0.091517,0,0,0.002,0.722
s1196,combined_wear,0.500000,combined,16,0.900000,16,0.983587,0.016413,16013,0.466797,0.531250,0.001857,0.138075,0.466797,0.000000,0,-0.043056,1,1,0.002,0.830
s1196,combined_wear,0.500000,combined,16,0.950000,17,0.989449,0.010551,18834,0.486340,0.535996,0.001226,0.102103,0.486858,0.000002,0,-0.006506,0,0,0.003,0.895
s1196,combined_wear,0.500000,combined,16,1.000000,18,1.000000,0.000000,20854,0.480330,0.533167,0.001012,0.110003,0.481939,0.000003,1,0.029558,1,1,0.003,0.945
s1196,combined_wear,0.750000,combined,16,0.050000,1,0.165299,0.834701,75,0.559701,0.559701,0.000000,0.000000,0.559701,0.000000,0,-0.814957,0,0,0.006,0.010
s1196,combined_wear,0.750000,combined,16,0.100000,2,0.243845,0.756155,253,0.472015,0.477612,0.000031,0.011858,0.472015,0.000000,0,-0.589886,0,0,0.002,0.017
s1196,combined_wear,0.750000,combined,16,0.150000,3,0.317702,0.682298,555,0.460199,0.472637,0.000087,0.027027,0.460199,0.000000,0,-0.505171,0,0,0.001,0.035
s1196,combined_wear,0.750000,combined,16,0.200000,4,0.399766,0.600234,908,0.423507,0.436567,0.000078,0.030837,0.423507,0.000000,0,-0.358784,1,1,0.001,0.047
s1196,combined_wear,0.750000,combined,16,0.250000,5,0.474795,0.525205,1420,0.423881,0.477612,0.000762,0.126761,0.423881,0.000000,0,-0.368323,1,1,0.001,0.074
s1196,combined_wear,0.750000,combined,16,0.300000,5,0.474795,0.525205,1420,0.423881,0.477612,0.000762,0.126761,0.423881,0.000000,0,-0.368323,1,1,0.001,0.046
s1196,combined_wear,0.750000,combined,16,0.350000,6,0.492380,0.507620,2062,0.427446,0.487562,0.000858,0.140640,0.427446,0.000000,0,-0.369384,1,1,0.001,0.126
s1196,combined_wear,0.750000,combined,16,0.400000,7,0.597890,0.402110,3163,0.481724,0.528785,0.000660,0.097692,0.481724,0.000000,0,-0.333529,1,0,0.001,0.161
s1196,combined_wear,0.750000,combined,16,0.450000,8,0.694021,0.305979,4234,0.493703,0.530784,0.000628,0.075106,0.493703,0.000000,0,-0.247513,1,0,0.001,0.211
s1196,combined_wear,0.750000,combined,16,0.500000,9,0.696366,0.303634,5416,0.498987,0.549751,0.001259,0.101736,0.498987,0.000000,0,-0.311370,0,0,0.001,0.253
s1196,combined_wear,0.750000,combined,16,0.550000,10,0.750293,0.249707,6506,0.485522,0.578358,0.002859,0.191208,0.485522,0.000000,0,-0.384755,0,0,0.002,0.301
s1196,combined_wear,0.750000,combined,16,0.600000,11,0.849941,0.150059,7641,0.471259,0.574627,0.003486,0.219343,0.471259,0.000000,0,-0.314113,0,0,0.002,0.347
s1196,combined_wear,0.750000,combined,16,0.650000,12,0.903869,0.096131,9568,0.495854,0.582711,0.002700,0.175167,0.495854,0.000000,0,-0.232694,0,0,0.001,0.414
s1196,combined_wear,0.750000,combined,16,0.700000,13,0.905041,0.094959,10924,0.482381,0.558553,0.001891,0.157909,0.482381,0.000000,0,-0.140778,0,0,0.001,0.497
s1196,combined_wear,0.750000,combined,16,0.750000,14,0.932005,0.067995,12650,0.481648,0.546375,0.001941,0.134387,0.481648,0.000000,0,-0.106265,0,0,0.002,0.535
s1196,combined_wear,0.750000,combined,16,0.800000,14,0.932005,0.067995,12650,0.481648,0.546375,0.001941,0.134387,0.481648,0.000000,0,-0.106265,0,0,0.001,0.515
s1196,combined_wear,0.750000,combined,16,0.850000,15,0.963658,0.036342,14100,0.467662,0.542786,0.002072,0.160638,0.467662,0.000000,0,-0.068462,0,0,0.002,0.616
s1196,combined_wear,0.750000,combined,16,0.900000,16,0.983587,0.016413,16013,0.466797,0.531250,0.001857,0.138075,0.466797,0.000000,0,-0.022400,1,1,0.002,0.717
s1196,combined_wear,0.750000,combined,16,0.950000,17,0.989449,0.010551,18834,0.486340,0.535996,0.001226,0.102103,0.486858,0.000002,0,0.007137,0,0,0.003,0.784
s1196,combined_wear,0.750000,combined,16,1.000000,18,1.000000,0.000000,20854,0.480330,0.533167,0.001012,0.110003,0.481939,0.000003,1,0.040821,1,1,0.003,0.822
s1196,combined_wear,1.000000,combined,16,0.050000,1,0.165299,0.834701,75,0.559701,0.559701,0.000000,0.000000,0.559701,0.000000,0,-0.818572,0,0,0.010,0.007
s1196,combined_wear,1.000000,combined,16,0.100000,2,0.243845,0.756155,253,0.472015,0.477612,0.000031,0.011858,0.472015,0.000000,0,-0.593463,0,0,0.002,0.017
s1196,combined_wear,1.000000,combined,16,0.150000,3,0.317702,0.682298,555,0.460199,0.472637,0.000087,0.027027,0.460199,0.000000,0,-0.509585,0,0,0.001,0.042
s1196,combined_wear,1.000000,combined,16,0.200000,4,0.335287,0.664713,977,0.455690,0.488806,0.000370,0.072671,0.455690,0.000000,0,-0.526691,0,0,0.001,0.055
s1196,combined_wear,1.000000,combined,16,0.250000,5,0.417351,0.582649,1430,0.426866,0.456716,0.000234,0.069930,0.426866,0.000000,0,-0.379311,1,1,0.001,0.084
s1196,combined_wear,1.000000,combined,16,0.300000,5,0.417351,0.582649,1430,0.426866,0.456716,0.000234,0.069930,0.426866,0.000000,0,-0.379311,1,1,0.001,0.058
s1196,combined_wear,1.000000,combined,16,0.350000,6,0.492380,0.507620,2062,0.427446,0.487562,0.000858,0.140640,0.427446,0.000000,0,-0.386027,1,1,0.001,0.110
s1196,combined_wear,1.000000,combined,16,0.400000,7,0.494725,0.505275,2880,0.438623,0.518124,0.001583,0.181250,0.438623,0.000000,0,-0.483413,1,1,0.001,0.148
s1196,combined_wear,1.000000,combined,16,0.450000,8,0.600234,0.399766,4179,0.487290,0.550373,0.001354,0.129457,0.487290,0.000000,0,-0.429282,0,0,0.001,0.196
s1196,combined_wear,1.000000,combined,16,0.500000,9,0.696366,0.303634,5416,0.498987,0.549751,0.001259,0.101736,0.498987,0.000000,0,-0.334707,0,0,0.001,0.268
s1196,combined_wear,1.000000,combined,16,0.550000,10,0.750293,0.249707,6506,0.485522,0.578358,0.002859,0.191208,0.485522,0.000000,0,-0.433440,0,0,0.001,0.303
s1196,combined_wear,1.000000,combined,16,0.600000,11,0.751465,0.248535,7666,0.472801,0.550204,0.001937,0.163710,0.472801,0.000000,0,-0.315891,0,0,0.001,0.346
s1196,combined_wear,1.000000,combined,16,0.650000,12,0.851114,0.148886,8863,0.459318,0.549129,0.002414,0.195532,0.459318,0.000000,0,-0.245016,0,1,0.001,0.402
s1196,combined_wear,1.000000,combined,16,0.700000,13,0.905041,0.094959,10924,0.482381,0.558553,0.001891,0.157909,0.482381,0.000000,0,-0.174115,0,0,0.001,0.465
s1196,combined_wear,1.000000,combined,16,0.750000,14,0.932005,0.067995,12650,0.481648,0.546375,0.001941,0.134387,0.481648,0.000000,0,-0.140303,0,0,0.001,0.551
s1196,combined_wear,1.000000,combined,16,0.800000,14,0.932005,0.067995,12650,0.481648,0.546375,0.001941,0.134387,0.481648,0.000000,0,-0.140303,0,0,0.002,0.500
s1196,combined_wear,1.000000,combined,16,0.850000,15,0.963658,0.036342,14100,0.467662,0.542786,0.002072,0.160638,0.467662,0.000000,0,-0.104543,0,0,0.000,0.117
s1196,combined_wear,1.000000,combined,16,0.900000,16,0.983587,0.016413,16013,0.466797,0.531250,0.001857,0.138075,0.466797,0.000000,0,-0.055017,1,1,0.000,0.137
s1196,combined_wear,1.000000,combined,16,0.950000,17,0.989449,0.010551,18834,0.486340,0.535996,0.001226,0.102103,0.486858,0.000002,0,-0.015601,0,0,0.000,0.147
s1196,combined_wear,1.000000,combined,16,1.000000,18,1.000000,0.000000,20854,0.480330,0.533167,0.001012,0.110003,0.481939,0.000003,1,0.021463,1,1,0.000,0.156
s1196,combined_wear_leveling,0.000000,combined,16,0.050000,1,0.165299,0.834701,75,0.559701,0.559701,0.000000,0.000000,0.559701,0.000000,0,-0.796240,0,0,0.014,0.007
s1196,combined_wear_leveling,0.000000,combined,16,0.100000,2,0.270809,0.729191,260,0.485075,0.578358,0.008702,0.192308,0.485075,0.000000,0,-0.889448,0,0,0.011,0.019
s1196,combined_wear_leveling,0.000000,combined,16,0.150000,3,0.370457,0.629543,655,0.543118,0.599502,0.003240,0.103817,0.543118,0.000000,0,-0.702163,0,0,0.016,0.038
s1196,combined_wear_leveling,0.000000,combined,16,0.200000,4,0.466589,0.533411,1162,0.541978,0.606343,0.001444,0.118761,0.541978,0.000000,0,-0.559053,0,0,0.023,0.056
s1196,combined_wear_leveling,0.000000,combined,16,0.250000,5,0.548652,0.451348,1729,0.516119,0.565672,0.000754,0.096009,0.516119,0.000000,0,-0.400544,0,0,0.029,0.077
s1196,combined_wear_leveling,0.000000,combined,16,0.300000,5,0.548652,0.451348,1729,0.516119,0.565672,0.000754,0.096009,0.516119,0.000000,0,-0.400544,0,0,0.028,0.048
s1196,combined_wear_leveling,0.000000,combined,16,0.350000,6,0.627198,0.372802,2307,0.478234,0.528607,0.000545,0.105332,0.478234,0.000000,0,-0.251592,0,0,0.043,0.100
s1196,combined_wear_leveling,0.000000,combined,16,0.400000,7,0.702227,0.297773,3059,0.465885,0.519190,0.000673,0.114416,0.465885,0.000000,0,-0.161435,1,1,0.042,0.143
s1196,combined_wear_leveling,0.000000,combined,16,0.450000,8,0.776084,0.223916,4051,0.472365,0.530784,0.000924,0.123673,0.472365,0.000000,0,-0.110137,0,0,0.048,0.197
s1196,combined_wear_leveling,0.000000,combined,16,0.500000,9,0.830012,0.169988,5076,0.467662,0.521559,0.000714,0.115248,0.467662,0.000000,0,-0.038355,1,0,0.055,0.260
s1196,combined_wear_leveling,0.000000,combined,16,0.550000,10,0.883939,0.116061,6634,0.495075,0.575373,0.002232,0.162195,0.495075,0.000000,0,-0.096902,0,0,0.064,0.300
s1196,combined_wear_leveling,0.000000,combined,16,0.600000,11,0.915592,0.084408,7844,0.483779,0.552917,0.002248,0.142912,0.483779,0.000000,0,-0.037111,0,0,0.073,0.367
s1196,combined_wear_leveling,0.000000,combined,16,0.650000,12,0.942556,0.057444,9178,0.475643,0.552861,0.002421,0.162345,0.475643,0.000000,0,-0.007810,0,0,0.076,0.451
s1196,combined_wear_leveling,0.000000,combined,16,0.700000,13,0.962485,0.037515,10727,0.473682,0.537887,0.002058,0.135546,0.473682,0.000000,0,0.036652,0,0,0.083,0.516
s1196,combined_wear_leveling,0.000000,combined,16,0.750000,14,0.980070,0.019930,12397,0.472015,0.537846,0.002090,0.139469,0.472015,0.000000,0,0.054850,0,0,0.086,0.585
s1196,combined_wear_leveling,0.000000,combined,16,0.800000,14,0.980070,0.019930,12397,0.472015,0.537846,0.002090,0.139469,0.472015,0.000000,0,0.054850,0,0,0.086,0.548
s1196,combined_wear_leveling,0.000000,combined,16,0.850000,15,0.990621,0.009379,14063,0.466434,0.536816,0.002341,0.150892,0.466434,0.000000,0,0.064025,0,1,0.096,0.642
s1196,combined_wear_leveling,0.000000,combined,16,0.900000,16,0.996483,0.003517,16646,0.485250,0.539179,0.001040,0.111138,0.485250,0.000000,0,0.088507,0,0,0.097,0.715
s1196,combined_wear_leveling,0.000000,combined,16,0.950000,17,0.998828,0.001172,19022,0.491195,0.548727,0.001346,0.117128,0.494485,0.000006,0,0.068861,0,0,0.102,0.752
s1196,combined_wear_leveling,0.000000,combined,16,1.000000,18,1.000000,0.000000,20854,0.480330,0.533167,0.001012,0.110003,0.481939,0.000003,1,0.102162,1,1,0.105,0.813
s1196,combined_wear_leveling,0.250000,combined,16,0.050000,1,0.165299,0.834701,75,0.559701,0.559701,0.000000,0.000000,0.559701,0.000000,0,-0.796240,0,0,0.012,0.008
s1196,combined_wear_leveling,0.250000,combined,16,0.100000,2,0.270809,0.729191,260,0.485075,0.578358,0.008702,0.192308,0.485075,0.000000,0,-0.889448,0,0,0.011,0.020
s1196,combined_wear_leveling,0.250000,combined,16,0.150000,3,0.370457,0.629543,655,0.543118,0.599502,0.003240,0.103817,0.543118,0.000000,0,-0.702163,0,0,0.016,0.035
s1196,combined_wear_leveling,0.250000,combined,16,0.200000,4,0.466589,0.533411,1162,0.541978,0.606343,0.001444,0.118761,0.541978,0.000000,0,-0.559053,0,0,0.023,0.053
s1196,combined_wear_leveling,0.250000,combined,16,0.250000,5,0.548652,0.451348,1729,0.516119,0.565672,0.000754,0.096009,0.516119,0.000000,0,-0.400544,0,0,0.029,0.083
s1196,combined_wear_leveling,0.250000,combined,16,0.300000,5,0.548652,0.451348,1729,0.516119,0.565672,0.000754,0.096009,0.516119,0.000000,0,-0.400544,0,0,0.028,0.057
s1196,combined_wear_leveling,0.250000,combined,16,0.350000,6,0.627198,0.372802,2307,0.478234,0.528607,0.000545,0.105332,0.478234,0.000000,0,-0.251592,0,0,0.035,0.097
s1196,combined_wear_leveling,0.250000,combined,16,0.400000,7,0.702227,0.297773,3059,0.465885,0.519190,0.000673,0.114416,0.465885,0.000000,0,-0.161435,1,1,0.043,0.149
s1196,combined_wear_leveling,0.250000,combined,16,0.450000,8,0.776084,0.223916,4051,0.472365,0.530784,0.000924,0.123673,0.472365,0.000000,0,-0.110137,1,0,0.049,0.194
s1196,combined_wear_leveling,0.250000,combined,16,0.500000,9,0.830012,0.169988,5069,0.467017,0.564677,0.003217,0.209114,0.467017,0.000000,0,-0.145248,0,0,0.056,0.243
s1196,combined_wear_leveling,0.250000,combined,16,0.550000,10,0.883939,0.116061,6634,0.495075,0.575373,0.002232,0.162195,0.495075,0.000000,0,-0.096902,0,0,0.065,0.290
s1196,combined_wear_leveling,0.250000,combined,16,0.600000,11,0.915592,0.084408,7844,0.483779,0.552917,0.002248,0.142912,0.483779,0.000000,0,-0.037111,0,0,0.078,0.400
s1196,combined_wear_leveling,0.250000,combined,16,0.650000,12,0.942556,0.057444,9178,0.475643,0.552861,0.002421,0.162345,0.475643,0.000000,0,-0.007810,0,0,0.075,0.482
s1196,combined_wear_leveling,0.250000,combined,16,0.700000,13,0.962485,0.037515,10727,0.473682,0.537887,0.002058,0.135546,0.473682,0.000000,0,0.036652,0,0,0.091,0.120
s1196,combined_wear_leveling,0.250000,combined,16,0.750000,14,0.980070,0.019930,12397,0.472015,0.537846,0.002090,0.139469,0.472015,0.000000,0,0.054850,0,0,0.017,0.114
s1196,combined_wear_leveling,0.250000,combined,16,0.800000,14,0.980070,0.019930,12397,0.472015,0.537846,0.002090,0.139469,0.472015,0.000000,0,0.054850,0,0,0.017,0.108
s1196,combined_wear_leveling,0.250000,combined,16,0.850000,15,0.990621,0.009379,14063,0.466434,0.536816,0.002341,0.150892,0.466434,0.000000,0,0.064025,0,1,0.018,0.123
s1196,combined_wear_leveling,0.250000,combined,16,0.900000,16,0.996483,0.003517,16646,0.485250,0.539179,0.001040,0.111138,0.485250,0.000000,0,0.088507,0,0,0.018,0.139
s1196,combined_wear_leveling,0.250000,combined,16,0.950000,17,0.998828,0.001172,19022,0.491195,0.548727,0.001346,0.117128,0.494485,0.000006,0,0.068861,0,0,0.019,0.146
s1196,combined_wear_leveling,0.250000,combined,16,1.000000,18,1.000000,0.000000,20854,0.480330,0.533167,0.001012,0.110003,0.481939,0.000003,1,0.102162,1,1,0.020,0.159
s1196,combined_wear_leveling,0.500000,combined,16,0.050000,1,0.165299,0.834701,75,0.559701,0.559701,0.000000,0.000000,0.559701,0.000000,0,-0.796240,0,0,0.012,0.007
s1196,combined_wear_leveling,0.500000,combined,16,0.100000,2,0.270809,0.729191,260,0.485075,0.578358,0.008702,0.192308,0.485075,0.000000,0,-0.889448,0,0,0.011,0.026
s1196,combined_wear_leveling,0.500000,combined,16,0.150000,3,0.370457,0.629543,655,0.543118,0.599502,0.003240,0.103817,0.543118,0.000000,0,-0.702163,0,0,0.016,0.032
s1196,combined_wear_leveling,0.500000,combined,16,0.200000,4,0.466589,0.533411,1162,0.541978,0.606343,0.001444,0.118761,0.541978,0.000000,0,-0.559053,0,0,0.022,0.048
s1196,combined_wear_leveling,0.500000,combined,16,0.250000,5,0.548652,0.451348,1729,0.516119,0.565672,0.000754,0.096009,0.516119,0.000000,0,-0.400544,0,0,0.029,0.073
s1196,combined_wear_leveling,0.500000,combined,16,0.300000,5,0.548652,0.451348,1729,0.516119,0.565672,0.000754,0.096009,0.516119,0.000000,0,-0.400544,0,0,0.028,0.048
s1196,combined_wear_leveling,0.500000,combined,16,0.350000,6,0.627198,0.372802,2307,0.478234,0.528607,0.000545,0.105332,0.478234,0.000000,0,-0.251592,0,0,0.035,0.110
s1196,combined_wear_leveling,0.500000,combined,16,0.400000,7,0.702227,0.297773,3059,0.465885,0.519190,0.000673,0.114416,0.465885,0.000000,0,-0.161435,1,1,0.042,0.154
s1196,combined_wear_leveling,0.500000,combined,16,0.450000,8,0.776084,0.223916,4051,0.472365,0.530784,0.000924,0.123673,0.472365,0.000000,0,-0.110137,1,0,0.048,0.214
s1196,combined_wear_leveling,0.500000,combined,16,0.500000,9,0.830012,0.169988,5069,0.467017,0.564677,0.003217,0.209114,0.467017,0.000000,0,-0.145248,0,0,0.059,0.230
s1196,combined_wear_leveling,0.500000,combined,16,0.550000,10,0.883939,0.116061,6634,0.495075,0.575373,0.002232,0.162195,0.495075,0.000000,0,-0.096902,0,0,0.064,0.300
s1196,combined_wear_leveling,0.500000,combined,16,0.600000,11,0.915592,0.084408,7844,0.483779,0.552917,0.002248,0.142912,0.483779,0.000000,0,-0.037111,0,0,0.071,0.385
s1196,combined_wear_leveling,0.500000,combined,16,0.650000,12,0.942556,0.057444,9178,0.475643,0.552861,0.002421,0.162345,0.475643,0.000000,0,-0.007810,0,0,0.077,0.437
s1196,combined_wear_leveling,0.500000,combined,16,0.700000,13,0.962485,0.037515,10727,0.473682,0.537887,0.002058,0.135546,0.473682,0.000000,0,0.036652,0,0,0.083,0.513
s1196,combined_wear_leveling,0.500000,combined,16,0.750000,14,0.980070,0.019930,12397,0.472015,0.537846,0.002090,0.139469,0.472015,0.000000,0,0.054850,0,0,0.087,0.496
s1196,combined_wear_leveling,0.500000,combined,16,0.800000,14,0.980070,0.019930,12397,0.472015,0.537846,0.002090,0.139469,0.472015,0.000000,0,0.054850,0,0,0.016,0.108
s1196,combined_wear_leveling,0.500000,combined,16,0.850000,15,0.990621,0.009379,14063,0.466434,0.536816,0.002341,0.150892,0.466434,0.000000,0,0.064025,0,1,0.019,0.123
s1196,combined_wear_leveling,0.500000,combined,16,0.900000,16,0.996483,0.003517,16646,0.485250,0.539179,0.001040,0.111138,0.485250,0.000000,0,0.088507,0,0,0.019,0.138
s1196,combined_wear_leveling,0.500000,combined,16,0.950000,17,0.998828,0.001172,19022,0.491195,0.548727,0.001346,0.117128,0.494485,0.000006,0,0.068861,0,0,0.020,0.146
s1196,combined_wear_leveling,0.500000,combined,16,1.000000,18,1.000000,0.000000,20854,0.480330,0.533167,0.001012,0.110003,0.481939,0.000003,1,0.102162,1,1,0.020,0.156
s1196,combined_wear_leveling,0.750000,combined,16,0.050000,1,0.165299,0.834701,75,0.559701,0.559701,0.000000,0.000000,0.559701,0.000000,0,-0.796240,0,0,0.021,0.011
s1196,combined_wear_leveling,0.750000,combined,16,0.100000,2,0.270809,0.729191,260,0.485075,0.578358,0.008702,0.192308,0.485075,0.000000,0,-0.889448,0,0,0.020,0.048
s1196,combined_wear_leveling,0.750000,combined,16,0.150000,3,0.370457,0.629543,655,0.543118,0.599502,0.003240,0.103817,0.543118,0.000000,0,-0.702163,0,0,0.031,0.093
s1196,combined_wear_leveling,0.750000,combined,16,0.200000,4,0.466589,0.533411,1162,0.541978,0.606343,0.001444,0.118761,0.541978,0.000000,0,-0.559053,0,0,0.043,0.129
s1196,combined_wear_leveling,0.750000,combined,16,0.250000,5,0.548652,0.451348,1729,0.516119,0.565672,0.000754,0.096009,0.516119,0.000000,0,-0.400544,0,0,0.082,0.166
s1196,combined_wear_leveling,0.750000,combined,16,0.300000,5,0.548652,0.451348,1729,0.516119,0.565672,0.000754,0.096009,0.516119,0.000000,0,-0.400544,0,0,0.056,0.119
s1196,combined_wear_leveling,0.750000,combined,16,0.350000,6,0.627198,0.372802,2307,0.478234,0.528607,0.000545,0.105332,0.478234,0.000000,0,-0.251592,0,0,0.068,0.193
s1196,combined_wear_leveling,0.750000,combined,16,0.400000,7,0.702227,0.297773,3059,0.465885,0.519190,0.000673,0.114416,0.465885,0.000000,0,-0.161435,1,1,0.082,0.264
s1196,combined_wear_leveling,0.750000,combined,16,0.450000,8,0.776084,0.223916,4051,0.472365,0.530784,0.000924,0.123673,0.472365,0.000000,0,-0.110137,1,0,0.095,0.329
s1196,combined_wear_leveling,0.750000,combined,16,0.500000,9,0.830012,0.169988,5069,0.467017,0.564677,0.003217,0.209114,0.467017,0.000000,0,-0.145248,0,0,0.108,0.393
s1196,combined_wear_leveling,0.750000,combined,16,0.550000,10,0.883939,0.116061,6634,0.495075,0.575373,0.002232,0.162195,0.495075,0.000000,0,-0.096902,0,0,0.159,0.385
s1196,combined_wear_leveling,0.750000,combined,16,0.600000,11,0.915592,0.084408,7844,0.483779,0.552917,0.002248,0.142912,0.483779,0.000000,0,-0.037111,0,0,0.075,0.373
s1196,combined_wear_leveling,0.750000,combined,16,0.650000,12,0.942556,0.057444,9178,0.475643,0.552861,0.002421,0.162345,0.475643,0.000000,0,-0.007810,0,0,0.090,0.445
s1196,combined_wear_leveling,0.750000,combined,16,0.700000,13,0.962485,0.037515,10727,0.473682,0.537887,0.002058,0.135546,0.473682,0.000000,0,0.036652,0,0,0.082,0.530
s1196,combined_wear_leveling,0.750000,combined,16,0.750000,14,0.980070,0.019930,12397,0.472015,0.537846,0.002090,0.139469,0.472015,0.000000,0,0.054850,0,0,0.088,0.586
s1196,combined_wear_leveling,0.750000,combined,16,0.800000,14,0.980070,0.019930,12397,0.472015,0.537846,0.002090,0.139469,0.472015,0.000000,0,0.054850,0,0,0.086,0.558
s1196,combined_wear_leveling,0.750000,combined,16,0.850000,15,0.990621,0.009379,14063,0.466434,0.536816,0.002341,0.150892,0.466434,0.000000,0,0.064025,0,1,0.104,0.641
s1196,combined_wear_leveling,0.750000,combined,16,0.900000,16,0.996483,0.003517,16646,0.485250,0.539179,0.001040,0.111138,0.485250,0.000000,0,0.088507,0,0,0.097,0.715
s1196,combined_wear_leveling,0.750000,combined,16,0.950000,17,0.998828,0.001172,19022,0.491195,0.548727,0.001346,0.117128,0.494485,0.000006,0,0.068861,0,0,0.108,0.740
s1196,combined_wear_leveling,0.750000,combined,16,1.000000,18,1.000000,0.000000,20854,0.480330,0.533167,0.001012,0.110003,0.481939,0.000003,1,0.102162,1,1,0.103,0.558
s1196,combined_wear_leveling,1.000000,combined,16,0.050000,1,0.165299,0.834701,75,0.559701,0.559701,0.000000,0.000000,0.559701,0.000000,0,-0.796240,0,0,0.012,0.008
s1196,combined_wear_leveling,1.000000,combined,16,0.100000,2,0.270809,0.729191,260,0.485075,0.578358,0.008702,0.192308,0.485075,0.000000,0,-0.889448,0,0,0.011,0.021
s1196,combined_wear_leveling,1.000000,combined,16,0.150000,3,0.370457,0.629543,655,0.543118,0.599502,0.003240,0.103817,0.543118,0.000000,0,-0.702163,0,0,0.016,0.036
s1196,combined_wear_leveling,1.000000,combined,16,0.200000,4,0.466589,0.533411,1162,0.541978,0.606343,0.001444,0.118761,0.541978,0.000000,0,-0.559053,0,0,0.022,0.046
s1196,combined_wear_leveling,1.000000,combined,16,0.250000,5,0.548652,0.451348,1729,0.516119,0.565672,0.000754,0.096009,0.516119,0.000000,0,-0.400544,0,0,0.029,0.071
s1196,combined_wear_leveling,1.000000,combined,16,0.300000,5,0.548652,0.451348,1729,0.516119,0.565672,0.000754,0.096009,0.516119,0.000000,0,-0.400544,0,0,0.028,0.052
s1196,combined_wear_leveling,1.000000,combined,16,0.350000,6,0.627198,0.372802,2307,0.478234,0.528607,0.000545,0.105332,0.478234,0.000000,0,-0.251592,0,0,0.035,0.102
s1196,combined_wear_leveling,1.000000,combined,16,0.400000,7,0.702227,0.297773,3059,0.465885,0.519190,0.000673,0.114416,0.465885,0.000000,0,-0.161435,1,1,0.042,0.151
s1196,combined_wear_leveling,1.000000,combined,16,0.450000,8,0.776084,0.223916,4051,0.472365,0.530784,0.000924,0.123673,0.472365,0.000000,0,-0.110137,1,0,0.048,0.210
s1196,combined_wear_leveling,1.000000,combined,16,0.500000,9,0.830012,0.169988,5069,0.467017,0.564677,0.003217,0.209114,0.467017,0.000000,0,-0.145248,0,0,0.056,0.245
s1196,combined_wear_leveling,1.000000,combined,16,0.550000,10,0.883939,0.116061,6634,0.495075,0.575373,0.002232,0.162195,0.495075,0.000000,0,-0.096902,0,0,0.064,0.302
s1196,combined_wear_leveling,1.000000,combined,16,0.600000,11,0.915592,0.084408,7844,0.483779,0.552917,0.002248,0.142912,0.483779,0.000000,0,-0.037111,0,0,0.072,0.398
s1196,combined_wear_leveling,1.000000,combined,16,0.650000,12,0.942556,0.057444,9178,0.475643,0.552861,0.002421,0.162345,0.475643,0.000000,0,-0.007810,0,0,0.075,0.485
s1196,combined_wear_leveling,1.000000,combined,16,0.700000,13,0.962485,0.037515,10727,0.473682,0.537887,0.002058,0.135546,0.473682,0.000000,0,0.036652,0,0,0.083,0.519
s1196,combined_wear_leveling,1.000000,combined,16,0.750000,14,0.980070,0.019930,12397,0.472015,0.537846,0.002090,0.139469,0.472015,0.000000,0,0.054850,0,0,0.087,0.595
s1196,combined_wear_leveling,1.000000,combined,16,0.800000,14,0.980070,0.019930,12397,0.472015,0.537846,0.002090,0.139469,0.472015,0.000000,0,0.054850,0,0,0.087,0.568
s1196,combined_wear_leveling,1.000000,combined,16,0.850000,15,0.990621,0.009379,14063,0.466434,0.536816,0.002341,0.150892,0.466434,0.000000,0,0.064025,0,1,0.097,0.634
s1196,combined_wear_leveling,1.000000,combined,16,0.900000,16,0.996483,0.003517,16646,0.485250,0.539179,0.001040,0.111138,0.485250,0.000000,0,0.088507,0,0,0.103,0.716
s1196,combined_wear_leveling,1.000000,combined,16,0.950000,17,0.998828,0.001172,19022,0.491195,0.548727,0.001346,0.117128,0.494485,0.000006,0,0.068861,0,0,0.102,0.747
s1196,combined_wear_leveling,1.000000,combined,16,1.000000,18,1.000000,0.000000,20854,0.480330,0.533167,0.001012,0.110003,0.481939,0.000003,1,0.102162,1,1,0.102,0.817
s1196,co_wear,0.000000,combined,16,0.050000,1,0.165299,0.834701,75,0.559701,0.559701,0.000000,0.000000,0.559701,0.000000,0,-0.796240,0,0,0.012,0.009
s1196,co_wear,0.000000,combined,16,0.100000,2,0.270809,0.729191,260,0.485075,0.578358,0.008702,0.192308,0.485075,0.000000,0,-0.889448,0,0,0.003,0.023
s1196,co_wear,0.000000,combined,16,0.150000,3,0.370457,0.629543,655,0.543118,0.599502,0.003240,0.103817,0.543118,0.000000,0,-0.702163,0,0,0.001,0.043
s1196,co_wear,0.000000,combined,16,0.200000,4,0.466589,0.533411,1162,0.541978,0.606343,0.001444,0.118761,0.541978,0.000000,0,-0.559053,0,0,0.001,0.077
s1196,co_wear,0.000000,combined,16,0.250000,5,0.548652,0.451348,1729,0.516119,0.565672,0.000754,0.096009,0.516119,0.000000,0,-0.400544,0,0,0.001,0.117
s1196,co_wear,0.000000,combined,16,0.300000,5,0.548652,0.451348,1729,0.516119,0.565672,0.000754,0.096009,0.516119,0.000000,0,-0.400544,0,0,0.001,0.072
s1196,co_wear,0.000000,combined,16,0.350000,6,0.627198,0.372802,2307,0.478234,0.528607,0.000545,0.105332,0.478234,0.000000,0,-0.251592,0,0,0.001,0.130
s1196,co_wear,0.000000,combined,16,0.400000,7,0.702227,0.297773,3059,0.465885,0.519190,0.000673,0.114416,0.465885,0.000000,0,-0.161435,1,1,0.001,0.175
s1196,co_wear,0.000000,combined,16,0.450000,8,0.776084,0.223916,4051,0.472365,0.530784,0.000924,0.123673,0.472365,0.000000,0,-0.110137,0,0,0.001,0.233
s1196,co_wear,0.000000,combined,16,0.500000,9,0.830012,0.169988,5076,0.467662,0.521559,0.000714,0.115248,0.467662,0.000000,0,-0.038355,1,0,0.002,0.306
s1196,co_wear,0.000000,combined,16,0.550000,10,0.883939,0.116061,6634,0.495075,0.575373,0.002232,0.162195,0.495075,0.000000,0,-0.096902,0,0,0.001,0.397
s1196,co_wear,0.000000,combined,16,0.600000,11,0.915592,0.084408,7844,0.483779,0.552917,0.002248,0.142912,0.483779,0.000000,0,-0.037111,0,0,0.002,0.452
s1196,co_wear,0.000000,combined,16,0.650000,12,0.942556,0.057444,9178,0.475643,0.552861,0.002421,0.162345,0.475643,0.000000,0,-0.007810,0,0,0.002,0.350
s1196,co_wear,0.000000,combined,16,0.700000,13,0.962485,0.037515,10727,0.473682,0.537887,0.002058,0.135546,0.473682,0.000000,0,0.036652,0,0,0.000,0.119
s1196,co_wear,0.000000,combined,16,0.750000,14,0.980070,0.019930,12397,0.472015,0.537846,0.002090,0.139469,0.472015,0.000000,0,0.054850,0,0,0.000,0.136
s1196,co_wear,0.000000,combined,16,0.800000,14,0.980070,0.019930,12397,0.472015,0.537846,0.002090,0.139469,0.472015,0.000000,0,0.054850,0,0,0.000,0.129
s1196,co_wear,0.000000,combined,16,0.850000,15,0.990621,0.009379,14063,0.466434,0.536816,0.002341,0.150892,0.466434,0.000000,0,0.064025,0,1,0.000,0.150
s1196,co_wear,0.000000,combined,16,0.900000,16,0.996483,0.003517,16646,0.485250,0.539179,0.001040,0.111138,0.485250,0.000000,0,0.088507,0,0,0.000,0.172
s1196,co_wear,0.000000,combined,16,0.950000,17,0.998828,0.001172,19022,0.491195,0.548727,0.001346,0.117128,0.494485,0.000006,0,0.068861,0,0,0.001,0.177
s1196,co_wear,0.000000,combined,16,1.000000,18,1.000000,0.000000,20854,0.480330,0.533167,0.001012,0.110003,0.481939,0.000003,1,0.102162,1,1,0.001,0.190
s1196,co_wear,0.250000,combined,16,0.050000,1,0.165299,0.834701,75,0.559701,0.559701,0.000000,0.000000,0.559701,0.000000,0,-0.821082,0,0,0.008,0.010
s1196,co_wear,0.250000,combined,16,0.100000,2,0.243845,0.756155,253,0.472015,0.477612,0.000031,0.011858,0.472015,0.000000,0,-0.595281,1,0,0.003,0.027
s1196,co_wear,0.250000,combined,16,0.150000,3,0.349355,0.650645,518,0.429519,0.509950,0.003244,0.187259,0.429519,0.000000,0,-0.727496,1,1,0.003,0.069
s1196,co_wear,0.250000,combined,16,0.200000,4,0.445487,0.554513,1181,0.550840,0.565299,0.000251,0.026249,0.550840,0.000000,0,-0.557207,0,0,0.002,0.105
s1196,co_wear,0.250000,combined,16,0.250000,5,0.527550,0.472450,1724,0.514627,0.526866,0.000130,0.023782,0.514627,0.000000,0,-0.400084,0,0,0.002,0.148
s1196,co_wear,0.250000,combined,16,0.300000,5,0.527550,0.472450,1724,0.514627,0.526866,0.000130,0.023782,0.514627,0.000000,0,-0.400084,0,0,0.002,0.108
s1196,co_wear,0.250000,combined,16,0.350000,6,0.601407,0.398593,2404,0.498342,0.521144,0.000127,0.045757,0.498342,0.000000,0,-0.306456,1,0,0.002,0.200
s1196,co_wear,0.250000,combined,16,0.400000,7,0.701055,0.298945,3079,0.468931,0.523454,0.000648,0.116272,0.468931,0.000000,0,-0.222703,1,0,0.002,0.259
s1196,co_wear,0.250000,combined,16,0.450000,8,0.776084,0.223916,4051,0.472365,0.530784,0.000924,0.123673,0.472365,0.000000,0,-0.178367,1,0,0.002,0.335
s1196,co_wear,0.250000,combined,16,0.500000,9,0.830012,0.169988,5069,0.467017,0.564677,0.003217,0.209114,0.467017,0.000000,0,-0.325808,0,0,0.003,0.081
s1196,co_wear,0.250000,combined,16,0.550000,10,0.883939,0.116061,6634,0.495075,0.575373,0.002232,0.162195,0.495075,0.000000,0,-0.230313,0,0,0.000,0.086
s1196,co_wear,0.250000,combined,16,0.600000,11,0.901524,0.098476,7958,0.490810,0.571913,0.002210,0.165243,0.490810,0.000000,0,-0.204264,0,0,0.000,0.103
s1196,co_wear,0.250000,combined,16,0.650000,12,0.933177,0.066823,9278,0.480825,0.551617,0.002242,0.147230,0.480825,0.000000,0,-0.148466,0,0,0.000,0.121
s1196,co_wear,0.250000,combined,16,0.700000,13,0.960141,0.039859,10722,0.473461,0.551665,0.002405,0.165174,0.473461,0.000000,0,-0.127586,0,0,0.000,0.139
s1196,co_wear,0.250000,combined,16,0.750000,14,0.962485,0.037515,12596,0.479592,0.562367,0.002810,0.172594,0.479592,0.000000,0,-0.171242,0,0,0.000,0.152
s1196,co_wear,0.250000,combined,16,0.800000,14,0.962485,0.037515,12596,0.479592,0.562367,0.002810,0.172594,0.479592,0.000000,0,-0.171242,0,0,0.000,0.147
s1196,co_wear,0.250000,combined,16,0.850000,15,0.982415,0.017585,14419,0.478242,0.548756,0.002480,0.147444,0.478242,0.000000,0,-0.112803,0,0,0.001,0.171
s1196,co_wear,0.250000,combined,16,0.900000,16,0.983587,0.016413,16013,0.466797,0.531250,0.001857,0.138075,0.466797,0.000000,0,-0.038164,1,1,0.000,0.190
s1196,co_wear,0.250000,combined,16,0.950000,17,0.989449,0.010551,18834,0.486340,0.535996,0.001226,0.102103,0.486858,0.000002,0,-0.005300,0,0,0.001,0.209
s1196,co_wear,0.250000,combined,16,1.000000,18,1.000000,0.000000,20854,0.480330,0.533167,0.001012,0.110003,0.481939,0.000003,1,0.029561,1,1,0.001,0.222
s1196,co_wear,0.500000,combined,16,0.050000,1,0.165299,0.834701,75,0.559701,0.559701,0.000000,0.000000,0.559701,0.000000,0,-0.814957,0,0,0.006,0.007
s1196,co_wear,0.500000,combined,16,0.100000,2,0.243845,0.756155,253,0.472015,0.477612,0.000031,0.011858,0.472015,0.000000,0,-0.590235,0,0,0.002,0.017
s1196,co_wear,0.500000,combined,16,0.150000,3,0.317702,0.682298,555,0.460199,0.472637,0.000087,0.027027,0.460199,0.000000,0,-0.506135,0,0,0.001,0.038
s1196,co_wear,0.500000,combined,16,0.200000,4,0.399766,0.600234,908,0.423507,0.436567,0.000078,0.030837,0.423507,0.000000,0,-0.359655,1,1,0.001,0.052
s1196,co_wear,0.500000,combined,16,0.250000,5,0.505275,0.494725,1503,0.448657,0.465672,0.000213,0.037924,0.448657,0.000000,0,-0.312709,1,1,0.001,0.079
s1196,co_wear,0.500000,combined,16,0.300000,5,0.505275,0.494725,1503,0.448657,0.465672,0.000213,0.037924,0.448657,0.000000,0,-0.312709,1,1,0.001,0.047
s1196,co_wear,0.500000,combined,16,0.350000,6,0.580305,0.419695,2345,0.486111,0.527363,0.000503,0.084861,0.486111,0.000000,0,-0.348127,1,0,0.001,0.111
s1196,co_wear,0.500000,combined,16,0.400000,7,0.676436,0.323564,3272,0.498325,0.529851,0.000474,0.063264,0.498325,0.000000,0,-0.262619,1,0,0.001,0.151
s1196,co_wear,0.500000,combined,16,0.450000,8,0.776084,0.223916,4051,0.472365,0.530784,0.000924,0.123673,0.472365,0.000000,0,-0.177887,1,0,0.001,0.218
s1196,co_wear,0.500000,combined,16,0.500000,9,0.793669,0.206331,5111,0.470886,0.531509,0.001029,0.128742,0.470886,0.000000,0,-0.168288,0,0,0.001,0.286
s1196,co_wear,0.500000,combined,16,0.550000,10,0.847597,0.152403,6223,0.464403,0.561940,0.003018,0.210027,0.464403,0.000000,0,-0.299447,0,1,0.001,0.292
s1196,co_wear,0.500000,combined,16,0.600000,11,0.901524,0.098476,7958,0.490810,0.571913,0.002210,0.165243,0.490810,0.000000,0,-0.210750,0,0,0.001,0.362
s1196,co_wear,0.500000,combined,16,0.650000,12,0.903869,0.096131,9568,0.495854,0.582711,0.002700,0.175167,0.495854,0.000000,0,-0.262730,0,0,0.001,0.428
s1196,co_wear,0.500000,combined,16,0.700000,13,0.935522,0.064478,11020,0.486620,0.563146,0.002692,0.157260,0.486620,0.000000,0,-0.205436,0,0,0.002,0.480
s1196,co_wear,0.500000,combined,16,0.750000,14,0.962485,0.037515,12596,0.479592,0.562367,0.002810,0.172594,0.479592,0.000000,0,-0.181294,0,0,0.001,0.551
s1196,co_wear,0.500000,combined,16,0.800000,14,0.962485,0.037515,12596,0.479592,0.562367,0.002810,0.172594,0.479592,0.000000,0,-0.181294,0,0,0.002,0.502
s1196,co_wear,0.500000,combined,16,0.850000,15,0.963658,0.036342,14100,0.467662,0.542786,0.002072,0.160638,0.467662,0.000000,0,-0.091517,0,0,0.001,0.151
s1196,co_wear,0.500000,combined,16,0.900000,16,0.983587,0.016413,16013,0.466797,0.531250,0.001857,0.138075,0.466797,0.000000,0,-0.043056,1,1,0.000,0.135
s1196,co_wear,0.500000,combined,16,0.950000,17,0.989449,0.010551,18834,0.486340,0.535996,0.001226,0.102103,0.486858,0.000002,0,-0.006506,0,0,0.000,0.147
s1196,co_wear,0.500000,combined,16,1.000000,18,1.000000,0.000000,20854,0.480330,0.533167,0.001012,0.110003,0.481939,0.000003,1,0.029558,1,1,0.000,0.157
s1196,co_wear,0.750000,combined,16,0.050000,1,0.165299,0.834701,75,0.559701,0.559701,0.000000,0.000000,0.559701,0.000000,0,-0.814957,0,0,0.007,0.009
s1196,co_wear,0.750000,combined,16,0.100000,2,0.243845,0.756155,253,0.472015,0.477612,0.000031,0.011858,0.472015,0.000000,0,-0.589886,0,0,0.003,0.031
s1196,co_wear,0.750000,combined,16,0.150000,3,0.317702,0.682298,555,0.460199,0.472637,0.000087,0.027027,0.460199,0.000000,0,-0.505171,0,0,0.013,0.060
s1196,co_wear,0.750000,combined,16,0.200000,4,0.399766,0.600234,908,0.423507,0.436567,0.000078,0.030837,0.423507,0.000000,0,-0.358784,1,1,0.002,0.101
s1196,co_wear,0.750000,combined,16,0.250000,5,0.474795,0.525205,1420,0.423881,0.477612,0.000762,0.126761,0.423881,0.000000,0,-0.368323,1,1,0.002,0.139
s1196,co_wear,0.750000,combined,16,0.300000,5,0.474795,0.525205,1420,0.423881,0.477612,0.000762,0.126761,0.423881,0.000000,0,-0.368323,1,1,0.002,0.098
s1196,co_wear,0.750000,combined,16,0.350000,6,0.492380,0.507620,2062,0.427446,0.487562,0.000858,0.140640,0.427446,0.000000,0,-0.369384,1,1,0.002,0.187
s1196,co_wear,0.750000,combined,16,0.400000,7,0.597890,0.402110,3163,0.481724,0.528785,0.000660,0.097692,0.481724,0.000000,0,-0.333529,1,0,0.002,0.251
s1196,co_wear,0.750000,combined,16,0.450000,8,0.694021,0.305979,4234,0.493703,0.530784,0.000628,0.075106,0.493703,0.000000,0,-0.247513,1,0,0.002,0.316
s1196,co_wear,0.750000,combined,16,0.500000,9,0.696366,0.303634,5416,0.498987,0.549751,0.001259,0.101736,0.498987,0.000000,0,-0.311370,0,0,0.002,0.369
s1196,co_wear,0.750000,combined,16,0.550000,10,0.750293,0.249707,6506,0.485522,0.578358,0.002859,0.191208,0.485522,0.000000,0,-0.384755,0,0,0.002,0.382
s1196,co_wear,0.750000,combined,16,0.600000,11,0.849941,0.150059,7641,0.471259,0.574627,0.003486,0.219343,0.471259,0.000000,0,-0.314113,0,0,0.002,0.443
s1196,co_wear,0.750000,combined,16,0.650000,12,0.903869,0.096131,9568,0.495854,0.582711,0.002700,0.175167,0.495854,0.000000,0,-0.232694,0,0,0.002,0.498
s1196,co_wear,0.750000,combined,16,0.700000,13,0.905041,0.094959,10924,0.482381,0.558553,0.001891,0.157909,0.482381,0.000000,0,-0.140778,0,0,0.002,0.517
s1196,co_wear,0.750000,combined,16,0.750000,14,0.932005,0.067995,12650,0.481648,0.546375,0.001941,0.134387,0.481648,0.000000,0,-0.106265,0,0,0.002,0.554
s1196,co_wear,0.750000,combined,16,0.800000,14,0.932005,0.067995,12650,0.481648,0.546375,0.001941,0.134387,0.481648,0.000000,0,-0.106265,0,0,0.002,0.578
s1196,co_wear,0.750000,combined,16,0.850000,15,0.963658,0.036342,14100,0.467662,0.542786,0.002072,0.160638,0.467662,0.000000,0,-0.068462,0,0,0.004,0.415
s1196,co_wear,0.750000,combined,16,0.900000,16,0.983587,0.016413,16013,0.466797,0.531250,0.001857,0.138075,0.466797,0.000000,0,-0.022400,1,1,0.002,0.469
s1196,co_wear,0.750000,combined,16,0.950000,17,0.989449,0.010551,18834,0.486340,0.535996,0.001226,0.102103,0.486858,0.000002,0,0.007137,0,0,0.002,0.485
s1196,co_wear,0.750000,combined,16,1.000000,18,1.000000,0.000000,20854,0.480330,0.533167,0.001012,0.110003,0.481939,0.000003,1,0.040821,1,1,0.002,0.535
s1196,co_wear,1.000000,combined,16,0.050000,1,0.165299,0.834701,75,0.559701,0.559701,0.000000,0.000000,0.559701,0.000000,0,-0.818572,0,0,0.005,0.007
s1196,co_wear,1.000000,combined,16,0.100000,2,0.243845,0.756155,253,0.472015,0.477612,0.000031,0.011858,0.472015,0.000000,0,-0.593463,0,0,0.002,0.017
s1196,co_wear,1.000000,combined,16,0.150000,3,0.317702,0.682298,555,0.460199,0.472637,0.000087,0.027027,0.460199,0.000000,0,-0.509585,0,0,0.001,0.036
s1196,co_wear,1.000000,combined,16,0.200000,4,0.335287,0.664713,977,0.455690,0.488806,0.000370,0.072671,0.455690,0.000000,0,-0.526691,0,0,0.001,0.055
s1196,co_wear,1.000000,combined,16,0.250000,5,0.417351,0.582649,1430,0.426866,0.456716,0.000234,0.069930,0.426866,0.000000,0,-0.379311,1,1,0.001,0.085
s1196,co_wear,1.000000,combined,16,0.300000,5,0.417351,0.582649,1430,0.426866,0.456716,0.000234,0.069930,0.426866,0.000000,0,-0.379311,1,1,0.001,0.058
s1196,co_wear,1.000000,combined,16,0.350000,6,0.492380,0.507620,2062,0.427446,0.487562,0.000858,0.140640,0.427446,0.000000,0,-0.386027,1,1,0.001,0.109
s1196,co_wear,1.000000,combined,16,0.400000,7,0.494725,0.505275,2880,0.438623,0.518124,0.001583,0.181250,0.438623,0.000000,0,-0.483413,1,1,0.001,0.149
s1196,co_wear,1.000000,combined,16,0.450000,8,0.600234,0.399766,4179,0.487290,0.550373,0.001354,0.129457,0.487290,0.000000,0,-0.429282,0,0,0.001,0.193
s1196,co_wear,1.000000,combined,16,0.500000,9,0.696366,0.303634,5416,0.498987,0.549751,0.001259,0.101736,0.498987,0.000000,0,-0.334707,0,0,0.001,0.259
s1196,co_wear,1.000000,combined,16,0.550000,10,0.750293,0.249707,6506,0.485522,0.578358,0.002859,0.191208,0.485522,0.000000,0,-0.433440,0,0,0.001,0.304
s1196,co_wear,1.000000,combined,16,0.600000,11,0.751465,0.248535,7666,0.472801,0.550204,0.001937,0.163710,0.472801,0.000000,0,-0.315891,0,0,0.001,0.359
s1196,co_wear,1.000000,combined,16,0.650000,12,0.851114,0.148886,8863,0.459318,0.549129,0.002414,0.195532,0.459318,0.000000,0,-0.245016,0,1,0.002,0.395
s1196,co_wear,1.000000,combined,16,0.700000,13,0.905041,0.094959,10924,0.482381,0.558553,0.001891,0.157909,0.482381,0.000000,0,-0.174115,0,0,0.002,0.466
s1196,co_wear,1.000000,combined,16,0.750000,14,0.932005,0.067995,12650,0.481648,0.546375,0.001941,0.134387,0.481648,0.000000,0,-0.140303,0,0,0.001,0.541
s1196,co_wear,1.000000,combined,16,0.800000,14,0.932005,0.067995,12650,0.481648,0.546375,0.001941,0.134387,0.481648,0.000000,0,-0.140303,0,0,0.002,0.504
s1196,co_wear,1.000000,combined,16,0.850000,15,0.963658,0.036342,14100,0.467662,0.542786,0.002072,0.160638,0.467662,0.000000,0,-0.104543,0,0,0.002,0.606
s1196,co_wear,1.000000,combined,16,0.900000,16,0.983587,0.016413,16013,0.466797,0.531250,0.001857,0.138075,0.466797,0.000000,0,-0.055017,1,1,0.002,0.265
s1196,co_wear,1.000000,combined,16,0.950000,17,0.989449,0.010551,18834,0.486340,0.535996,0.001226,0.102103,0.486858,0.000002,0,-0.015601,0,0,0.001,0.146
s1196,co_wear,1.000000,combined,16,1.000000,18,1.000000,0.000000,20854,0.480330,0.533167,0.001012,0.110003,0.481939,0.000003,1,0.021463,1,1,0.000,0.157
s1196,co_wear_leveling,0.000000,combined,16,0.050000,1,0.165299,0.834701,75,0.559701,0.559701,0.000000,0.000000,0.559701,0.000000,0,-0.796240,0,0,0.014,0.011
s1196,co_wear_leveling,0.000000,combined,16,0.100000,2,0.270809,0.729191,260,0.485075,0.578358,0.008702,0.192308,0.485075,0.000000,0,-0.889448,0,0,0.020,0.052
s1196,co_wear_leveling,0.000000,combined,16,0.150000,3,0.370457,0.629543,655,0.543118,0.599502,0.003240,0.103817,0.543118,0.000000,0,-0.702163,0,0,0.031,0.093
s1196,co_wear_leveling,0.000000,combined,16,0.200000,4,0.466589,0.533411,1162,0.541978,0.606343,0.001444,0.118761,0.541978,0.000000,0,-0.559053,0,0,0.043,0.133
s1196,co_wear_leveling,0.000000,combined,16,0.250000,5,0.548652,0.451348,1729,0.516119,0.565672,0.000754,0.096009,0.516119,0.000000,0,-0.400544,0,0,0.057,0.167
s1196,co_wear_leveling,0.000000,combined,16,0.300000,5,0.548652,0.451348,1729,0.516119,0.565672,0.000754,0.096009,0.516119,0.000000,0,-0.400544,0,0,0.056,0.137
s1196,co_wear_leveling,0.000000,combined,16,0.350000,6,0.627198,0.372802,2307,0.478234,0.528607,0.000545,0.105332,0.478234,0.000000,0,-0.251592,0,0,0.069,0.191
s1196,co_wear_leveling,0.000000,combined,16,0.400000,7,0.702227,0.297773,3059,0.465885,0.519190,0.000673,0.114416,0.465885,0.000000,0,-0.161435,1,1,0.082,0.263
s1196,co_wear_leveling,0.000000,combined,16,0.450000,8,0.776084,0.223916,4051,0.472365,0.530784,0.000924,0.123673,0.472365,0.000000,0,-0.110137,0,0,0.096,0.346
s1196,co_wear_leveling,0.000000,combined,16,0.500000,9,0.830012,0.169988,5076,0.467662,0.521559,0.000714,0.115248,0.467662,0.000000,0,-0.038355,1,0,0.110,0.411
s1196,co_wear_leveling,0.000000,combined,16,0.550000,10,0.883939,0.116061,6634,0.495075,0.575373,0.002232,0.162195,0.495075,0.000000,0,-0.096902,0,0,0.121,0.484
s1196,co_wear_leveling,0.000000,combined,16,0.600000,11,0.915592,0.084408,7844,0.483779,0.552917,0.002248,0.142912,0.483779,0.000000,0,-0.037111,0,0,0.135,0.583
s1196,co_wear_leveling,0.000000,combined,16,0.650000,12,0.942556,0.057444,9178,0.475643,0.552861,0.002421,0.162345,0.475643,0.000000,0,-0.007810,0,0,0.153,0.676
s1196,co_wear_leveling,0.000000,combined,16,0.700000,13,0.962485,0.037515,10727,0.473682,0.537887,0.002058,0.135546,0.473682,0.000000,0,0.036652,0,0,0.155,0.704
s1196,co_wear_leveling,0.000000,combined,16,0.750000,14,0.980070,0.019930,12397,0.472015,0.537846,0.002090,0.139469,0.472015,0.000000,0,0.054850,0,0,0.095,0.567
s1196,co_wear_leveling,0.000000,combined,16,0.800000,14,0.980070,0.019930,12397,0.472015,0.537846,0.002090,0.139469,0.472015,0.000000,0,0.054850,0,0,0.084,0.492
s1196,co_wear_leveling,0.000000,combined,16,0.850000,15,0.990621,0.009379,14063,0.466434,0.536816,0.002341,0.150892,0.466434,0.000000,0,0.064025,0,1,0.086,0.592
s1196,co_wear_leveling,0.000000,combined,16,0.900000,16,0.996483,0.003517,16646,0.485250,0.539179,0.001040,0.111138,0.485250,0.000000,0,0.088507,0,0,0.100,0.723
s1196,co_wear_leveling,0.000000,combined,16,0.950000,17,0.998828,0.001172,19022,0.491195,0.548727,0.001346,0.117128,0.494485,0.000006,0,0.068861,0,0,0.102,0.763
s1196,co_wear_leveling,0.000000,combined,16,1.000000,18,1.000000,0.000000,20854,0.480330,0.533167,0.001012,0.110003,0.481939,0.000003,1,0.102162,1,1,0.105,0.829
s1196,co_wear_leveling,0.250000,combined,16,0.050000,1,0.165299,0.834701,75,0.559701,0.559701,0.000000,0.000000,0.559701,0.000000,0,-0.796240,0,0,0.013,0.007
s1196,co_wear_leveling,0.250000,combined,16,0.100000,2,0.270809,0.729191,260,0.485075,0.578358,0.008702,0.192308,0.485075,0.000000,0,-0.889448,0,0,0.011,0.019
s1196,co_wear_leveling,0.250000,combined,16,0.150000,3,0.370457,0.629543,655,0.543118,0.599502,0.003240,0.103817,0.543118,0.000000,0,-0.702163,0,0,0.016,0.036
s1196,co_wear_leveling,0.250000,combined,16,0.200000,4,0.466589,0.533411,1162,0.541978,0.606343,0.001444,0.118761,0.541978,0.000000,0,-0.559053,0,0,0.022,0.055
s1196,co_wear_leveling,0.250000,combined,16,0.250000,5,0.548652,0.451348,1729,0.516119,0.565672,0.000754,0.096009,0.516119,0.000000,0,-0.400544,0,0,0.029,0.083
s1196,co_wear_leveling,0.250000,combined,16,0.300000,5,0.548652,0.451348,1729,0.516119,0.565672,0.000754,0.096009,0.516119,0.000000,0,-0.400544,0,0,0.028,0.053
s1196,co_wear_leveling,0.250000,combined,16,0.350000,6,0.627198,0.372802,2307,0.478234,0.528607,0.000545,0.105332,0.478234,0.000000,0,-0.251592,0,0,0.034,0.097
s1196,co_wear_leveling,0.250000,combined,16,0.400000,7,0.702227,0.297773,3059,0.465885,0.519190,0.000673,0.114416,0.465885,0.000000,0,-0.161435,1,1,0.041,0.141
s1196,co_wear_leveling,0.250000,combined,16,0.450000,8,0.776084,0.223916,4051,0.472365,0.530784,0.000924,0.123673,0.472365,0.000000,0,-0.110137,1,0,0.049,0.209
s1196,co_wear_leveling,0.250000,combined,16,0.500000,9,0.830012,0.169988,5069,0.467017,0.564677,0.003217,0.209114,0.467017,0.000000,0,-0.145248,0,0,0.057,0.243
s1196,co_wear_leveling,0.250000,combined,16,0.550000,10,0.883939,0.116061,6634,0.495075,0.575373,0.002232,0.162195,0.495075,0.000000,0,-0.096902,0,0,0.062,0.299
s1196,co_wear_leveling,0.250000,combined,16,0.600000,11,0.915592,0.084408,7844,0.483779,0.552917,0.002248,0.142912,0.483779,0.000000,0,-0.037111,0,0,0.073,0.384
s1196,co_wear_leveling,0.250000,combined,16,0.650000,12,0.942556,0.057444,9178,0.475643,0.552861,0.002421,0.162345,0.475643,0.000000,0,-0.007810,0,0,0.077,0.445
s1196,co_wear_leveling,0.250000,combined,16,0.700000,13,0.962485,0.037515,10727,0.473682,0.537887,0.002058,0.135546,0.473682,0.000000,0,0.036652,0,0,0.081,0.521
s1196,co_wear_leveling,0.250000,combined,16,0.750000,14,0.980070,0.019930,12397,0.472015,0.537846,0.002090,0.139469,0.472015,0.000000,0,0.054850,0,0,0.088,0.589
s1196,co_wear_leveling,0.250000,combined,16,0.800000,14,0.980070,0.019930,12397,0.472015,0.537846,0.002090,0.139469,0.472015,0.000000,0,0.054850,0,0,0.088,0.542
s1196,co_wear_leveling,0.250000,combined,16,0.850000,15,0.990621,0.009379,14063,0.466434,0.536816,0.002341,0.150892,0.466434,0.000000,0,0.064025,0,1,0.090,0.657
s1196,co_wear_leveling,0.250000,combined,16,0.900000,16,0.996483,0.003517,16646,0.485250,0.539179,0.001040,0.111138,0.485250,0.000000,0,0.088507,0,0,0.102,0.729
s1196,co_wear_leveling,0.250000,combined,16,0.950000,17,0.998828,0.001172,19022,0.491195,0.548727,0.001346,0.117128,0.494485,0.000006,0,0.068861,0,0,0.102,0.780
s1196,co_wear_leveling,0.250000,combined,16,1.000000,18,1.000000,0.000000,20854,0.480330,0.533167,0.001012,0.110003,0.481939,0.000003,1,0.102162,1,1,0.104,0.822
s1196,co_wear_leveling,0.500000,combined,16,0.050000,1,0.165299,0.834701,75,0.559701,0.559701,0.000000,0.000000,0.559701,0.000000,0,-0.796240,0,0,0.012,0.008
s1196,co_wear_leveling,0.500000,combined,16,0.100000,2,0.270809,0.729191,260,0.485075,0.578358,0.008702,0.192308,0.485075,0.000000,0,-0.889448,0,0,0.011,0.030
s1196,co_wear_leveling,0.500000,combined,16,0.150000,3,0.370457,0.629543,655,0.543118,0.599502,0.003240,0.103817,0.543118,0.000000,0,-0.702163,0,0,0.017,0.046
s1196,co_wear_leveling,0.500000,combined,16,0.200000,4,0.466589,0.533411,1162,0.541978,0.606343,0.001444,0.118761,0.541978,0.000000,0,-0.559053,0,0,0.023,0.046
s1196,co_wear_leveling,0.500000,combined,16,0.250000,5,0.548652,0.451348,1729,0.516119,0.565672,0.000754,0.096009,0.516119,0.000000,0,-0.400544,0,0,0.029,0.069
s1196,co_wear_leveling,0.500000,combined,16,0.300000,5,0.548652,0.451348,1729,0.516119,0.565672,0.000754,0.096009,0.516119,0.000000,0,-0.400544,0,0,0.028,0.045
s1196,co_wear_leveling,0.500000,combined,16,0.350000,6,0.627198,0.372802,2307,0.478234,0.528607,0.000545,0.105332,0.478234,0.000000,0,-0.251592,0,0,0.035,0.100
s1196,co_wear_leveling,0.500000,combined,16,0.400000,7,0.702227,0.297773,3059,0.465885,0.519190,0.000673,0.114416,0.465885,0.000000,0,-0.161435,1,1,0.048,0.146
s1196,co_wear_leveling,0.500000,combined,16,0.450000,8,0.776084,0.223916,4051,0.472365,0.530784,0.000924,0.123673,0.472365,0.000000,0,-0.110137,1,0,0.049,0.199
s1196,co_wear_leveling,0.500000,combined,16,0.500000,9,0.830012,0.169988,5069,0.467017,0.564677,0.003217,0.209114,0.467017,0.000000,0,-0.145248,0,0,0.057,0.239
s1196,co_wear_leveling,0.500000,combined,16,0.550000,10,0.883939,0.116061,6634,0.495075,0.575373,0.002232,0.162195,0.495075,0.000000,0,-0.096902,0,0,0.063,0.289
s1196,co_wear_leveling,0.500000,combined,16,0.600000,11,0.915592,0.084408,7844,0.483779,0.552917,0.002248,0.142912,0.483779,0.000000,0,-0.037111,0,0,0.071,0.379
s1196,co_wear_leveling,0.500000,combined,16,0.650000,12,0.942556,0.057444,9178,0.475643,0.552861,0.002421,0.162345,0.475643,0.000000,0,-0.007810,0,0,0.077,0.438
s1196,co_wear_leveling,0.500000,combined,16,0.700000,13,0.962485,0.037515,10727,0.473682,0.537887,0.002058,0.135546,0.473682,0.000000,0,0.036652,0,0,0.082,0.519
s1196,co_wear_leveling,0.500000,combined,16,0.750000,14,0.980070,0.019930,12397,0.472015,0.537846,0.002090,0.139469,0.472015,0.000000,0,0.054850,0,0,0.086,0.588
s1196,co_wear_leveling,0.500000,combined,16,0.800000,14,0.980070,0.019930,12397,0.472015,0.537846,0.002090,0.139469,0.472015,0.000000,0,0.054850,0,0,0.085,0.578
s1196,co_wear_leveling,0.500000,combined,16,0.850000,15,0.990621,0.009379,14063,0.466434,0.536816,0.002341,0.150892,0.466434,0.000000,0,0.064025,0,1,0.094,0.651
s1196,co_wear_leveling,0.500000,combined,16,0.900000,16,0.996483,0.003517,16646,0.485250,0.539179,0.001040,0.111138,0.485250,0.000000,0,0.088507,0,0,0.103,0.722
s1196,co_wear_leveling,0.500000,combined,16,0.950000,17,0.998828,0.001172,19022,0.491195,0.548727,0.001346,0.117128,0.494485,0.000006,0,0.068861,0,0,0.100,0.752
s1196,co_wear_leveling,0.500000,combined,16,1.000000,18,1.000000,0.000000,20854,0.480330,0.533167,0.001012,0.110003,0.481939,0.000003,1,0.102162,1,1,0.104,0.818
s1196,co_wear_leveling,0.750000,combined,16,0.050000,1,0.165299,0.834701,75,0.559701,0.559701,0.000000,0.000000,0.559701,0.000000,0,-0.796240,0,0,0.012,0.008
s1196,co_wear_leveling,0.750000,combined,16,0.100000,2,0.270809,0.729191,260,0.485075,0.578358,0.008702,0.192308,0.485075,0.000000,0,-0.889448,0,0,0.011,0.018
s1196,co_wear_leveling,0.750000,combined,16,0.150000,3,0.370457,0.629543,655,0.543118,0.599502,0.003240,0.103817,0.543118,0.000000,0,-0.702163,0,0,0.017,0.032
s1196,co_wear_leveling,0.750000,combined,16,0.200000,4,0.466589,0.533411,1162,0.541978,0.606343,0.001444,0.118761,0.541978,0.000000,0,-0.559053,0,0,0.023,0.046
s1196,co_wear_leveling,0.750000,combined,16,0.250000,5,0.548652,0.451348,1729,0.516119,0.565672,0.000754,0.096009,0.516119,0.000000,0,-0.400544,0,0,0.029,0.073
s1196,co_wear_leveling,0.750000,combined,16,0.300000,5,0.548652,0.451348,1729,0.516119,0.565672,0.000754,0.096009,0.516119,0.000000,0,-0.400544,0,0,0.028,0.046
s1196,co_wear_leveling,0.750000,combined,16,0.350000,6,0.627198,0.372802,2307,0.478234,0.528607,0.000545,0.105332,0.478234,0.000000,0,-0.251592,0,0,0.034,0.102
s1196,co_wear_leveling,0.750000,combined,16,0.400000,7,0.702227,0.297773,3059,0.465885,0.519190,0.000673,0.114416,0.465885,0.000000,0,-0.161435,1,1,0.044,0.158
s1196,co_wear_leveling,0.750000,combined,16,0.450000,8,0.776084,0.223916,4051,0.472365,0.530784,0.000924,0.123673,0.472365,0.000000,0,-0.110137,1,0,0.049,0.212
s1196,co_wear_leveling,0.750000,combined,16,0.500000,9,0.830012,0.169988,5069,0.467017,0.564677,0.003217,0.209114,0.467017,0.000000,0,-0.145248,0,0,0.057,0.230
s1196,co_wear_leveling,0.750000,combined,16,0.550000,10,0.883939,0.116061,6634,0.495075,0.575373,0.002232,0.162195,0.495075,0.000000,0,-0.096902,0,0,0.062,0.291
s1196,co_wear_leveling,0.750000,combined,16,0.600000,11,0.915592,0.084408,7844,0.483779,0.552917,0.002248,0.142912,0.483779,0.000000,0,-0.037111,0,0,0.075,0.374
s1196,co_wear_leveling,0.750000,combined,16,0.650000,12,0.942556,0.057444,9178,0.475643,0.552861,0.002421,0.162345,0.475643,0.000000,0,-0.007810,0,0,0.074,0.445
s1196,co_wear_leveling,0.750000,combined,16,0.700000,13,0.962485,0.037515,10727,0.473682,0.537887,0.002058,0.135546,0.473682,0.000000,0,0.036652,0,0,0.086,0.516
s1196,co_wear_leveling,0.750000,combined,16,0.750000,14,0.980070,0.019930,12397,0.472015,0.537846,0.002090,0.139469,0.472015,0.000000,0,0.054850,0,0,0.088,0.577
s1196,co_wear_leveling,0.750000,combined,16,0.800000,14,0.980070,0.019930,12397,0.472015,0.537846,0.002090,0.139469,0.472015,0.000000,0,0.054850,0,0,0.017,0.104
s1196,co_wear_leveling,0.750000,combined,16,0.850000,15,0.990621,0.009379,14063,0.466434,0.536816,0.002341,0.150892,0.466434,0.000000,0,0.064025,0,1,0.017,0.125
s1196,co_wear_leveling,0.750000,combined,16,0.900000,16,0.996483,0.003517,16646,0.485250,0.539179,0.001040,0.111138,0.485250,0.000000,0,0.088507,0,0,0.019,0.137
s1196,co_wear_leveling,0.750000,combined,16,0.950000,17,0.998828,0.001172,19022,0.491195,0.548727,0.001346,0.117128,0.494485,0.000006,0,0.068861,0,0,0.020,0.146
s1196,co_wear_leveling,0.750000,combined,16,1.000000,18,1.000000,0.000000,20854,0.480330,0.533167,0.001012,0.110003,0.481939,0.000003,1,0.102162,1,1,0.020,0.154
s1196,co_wear_leveling,1.000000,combined,16,0.050000,1,0.165299,0.834701,75,0.559701,0.559701,0.000000,0.000000,0.559701,0.000000,0,-0.796240,0,0,0.017,0.008
s1196,co_wear_leveling,1.000000,combined,16,0.100000,2,0.270809,0.729191,260,0.485075,0.578358,0.008702,0.192308,0.485075,0.000000,0,-0.889448,0,0,0.012,0.021
s1196,co_wear_leveling,1.000000,combined,16,0.150000,3,0.370457,0.629543,655,0.543118,0.599502,0.003240,0.103817,0.543118,0.000000,0,-0.702163,0,0,0.017,0.052
s1196,co_wear_leveling,1.000000,combined,16,0.200000,4,0.466589,0.533411,1162,0.541978,0.606343,0.001444,0.118761,0.541978,0.000000,0,-0.559053,0,0,0.034,0.054
s1196,co_wear_leveling,1.000000,combined,16,0.250000,5,0.548652,0.451348,1729,0.516119,0.565672,0.000754,0.096009,0.516119,0.000000,0,-0.400544,0,0,0.030,0.080
s1196,co_wear_leveling,1.000000,combined,16,0.300000,5,0.548652,0.451348,1729,0.516119,0.565672,0.000754,0.096009,0.516119,0.000000,0,-0.400544,0,0,0.029,0.055
s1196,co_wear_leveling,1.000000,combined,16,0.350000,6,0.627198,0.372802,2307,0.478234,0.528607,0.000545,0.105332,0.478234,0.000000,0,-0.251592,0,0,0.035,0.105
s1196,co_wear_leveling,1.000000,combined,16,0.400000,7,0.702227,0.297773,3059,0.465885,0.519190,0.000673,0.114416,0.465885,0.000000,0,-0.161435,1,1,0.042,0.143
s1196,co_wear_leveling,1.000000,combined,16,0.450000,8,0.776084,0.223916,4051,0.472365,0.530784,0.000924,0.123673,0.472365,0.000000,0,-0.110137,1,0,0.049,0.194
s1196,co_wear_leveling,1.000000,combined,16,0.500000,9,0.830012,0.169988,5069,0.467017,0.564677,0.003217,0.209114,0.467017,0.000000,0,-0.145248,0,0,0.057,0.259
s1196,co_wear_leveling,1.000000,combined,16,0.550000,10,0.883939,0.116061,6634,0.495075,0.575373,0.002232,0.162195,0.495075,0.000000,0,-0.096902,0,0,0.065,0.295
s1196,co_wear_leveling,1.000000,combined,16,0.600000,11,0.915592,0.084408,7844,0.483779,0.552917,0.002248,0.142912,0.483779,0.000000,0,-0.037111,0,0,0.072,0.393
s1196,co_wear_leveling,1.000000,combined,16,0.650000,12,0.942556,0.057444,9178,0.475643,0.552861,0.002421,0.162345,0.475643,0.000000,0,-0.007810,0,0,0.083,0.448
s1196,co_wear_leveling,1.000000,combined,16,0.700000,13,0.962485,0.037515,10727,0.473682,0.537887,0.002058,0.135546,0.473682,0.000000,0,0.036652,0,0,0.085,0.533
s1196,co_wear_leveling,1.000000,combined,16,0.750000,14,0.980070,0.019930,12397,0.472015,0.537846,0.002090,0.139469,0.472015,0.000000,0,0.054850,0,0,0.088,0.581
s1196,co_wear_leveling,1.000000,combined,16,0.800000,14,0.980070,0.019930,12397,0.472015,0.537846,0.002090,0.139469,0.472015,0.000000,0,0.054850,0,0,0.088,0.580
s1196,co_wear_leveling,1.000000,combined,16,0.850000,15,0.990621,0.009379,14063,0.466434,0.536816,0.002341,0.150892,0.466434,0.000000,0,0.064025,0,1,0.093,0.668
s1196,co_wear_leveling,1.000000,combined,16,0.900000,16,0.996483,0.003517,16646,0.485250,0.539179,0.001040,0.111138,0.485250,0.000000,0,0.088507,0,0,0.103,0.730
s1196,co_wear_leveling,1.000000,combined,16,0.950000,17,0.998828,0.001172,19022,0.491195,0.548727,0.001346,0.117128,0.494485,0.000006,0,0.068861,0,0,0.102,0.758
s1196,co_wear_leveling,1.000000,combined,16,1.000000,18,1.000000,0.000000,20854,0.480330,0.533167,0.001012,0.110003,0.481939,0.000003,1,0.102162,1,1,0.124,0.815
s1196,random,0.500000,combined,16,0.050000,1,0.031653,0.968347,48,0.358209,0.358209,0.000000,0.000000,0.358209,0.000000,0,-0.600383,1,1,0.022,0.010
s1196,random,0.500000,combined,16,0.100000,2,0.131301,0.868699,273,0.509328,0.555970,0.002175,0.091575,0.509328,0.000000,0,-1.047471,0,0,0.016,0.039
s1196,random,0.500000,combined,16,0.150000,3,0.132474,0.867526,653,0.541459,0.594527,0.001610,0.098009,0.541459,0.000000,0,-1.045815,0,0,0.014,0.080
s1196,random,0.500000,combined,16,0.200000,4,0.237984,0.762016,1034,0.482276,0.520522,0.001167,0.079304,0.482276,0.000000,0,-0.774329,0,0,0.014,0.136
s1196,random,0.500000,combined,16,0.250000,5,0.248535,0.751465,1656,0.494328,0.547761,0.001561,0.108092,0.494328,0.000000,0,-0.841406,0,0,0.014,0.213
s1196,random,0.500000,combined,16,0.300000,5,0.248535,0.751465,1656,0.494328,0.547761,0.001561,0.108092,0.494328,0.000000,0,-0.841406,0,0,0.015,0.146
s1196,random,0.500000,combined,16,0.350000,6,0.302462,0.697538,2234,0.463101,0.523632,0.002258,0.130707,0.463101,0.000000,0,-0.815556,0,0,0.014,0.223
s1196,random,0.500000,combined,16,0.400000,7,0.376319,0.623681,3078,0.468779,0.514925,0.000710,0.098441,0.468779,0.000000,0,-0.568243,0,0,0.014,0.279
s1196,random,0.500000,combined,16,0.450000,8,0.378664,0.621336,4348,0.506996,0.560634,0.001205,0.105796,0.506996,0.000000,0,-0.694450,0,0,0.014,0.368
s1196,random,0.500000,combined,16,0.500000,9,0.543962,0.456038,5191,0.478257,0.534826,0.001425,0.118282,0.478257,0.000000,0,-0.505280,0,0,0.014,0.421
s1196,random,0.500000,combined,16,0.550000,10,0.549824,0.450176,6380,0.476119,0.524627,0.000994,0.101881,0.476119,0.000000,0,-0.441058,0,0,0.014,0.500
s1196,random,0.500000,combined,16,0.600000,11,0.567409,0.432591,7646,0.471568,0.517639,0.000763,0.097698,0.471568,0.000000,0,-0.387885,0,0,0.015,0.572
s1196,random,0.500000,combined,16,0.650000,12,0.649472,0.350528,8935,0.463049,0.505597,0.000589,0.091886,0.463049,0.000000,0,-0.268536,0,1,0.015,0.637
s1196,random,0.500000,combined,16,0.700000,13,0.676436,0.323564,10561,0.466352,0.495982,0.000352,0.063536,0.466352,0.000000,0,-0.210340,1,0,0.017,0.523
s1196,random,0.500000,combined,16,0.750000,14,0.696366,0.303634,12162,0.463067,0.498934,0.000308,0.077454,0.463067,0.000000,0,-0.184987,1,1,0.017,0.586
s1196,random,0.500000,combined,16,0.800000,14,0.696366,0.303634,12162,0.463067,0.498934,0.000308,0.077454,0.463067,0.000000,0,-0.184987,1,1,0.014,0.616
s1196,random,0.500000,combined,16,0.850000,15,0.771395,0.228605,14602,0.484312,0.533333,0.000745,0.101219,0.484312,0.000000,0,-0.206830,0,0,0.018,0.670
s1196,random,0.500000,combined,16,0.900000,16,0.849941,0.150059,15980,0.465835,0.511194,0.000648,0.097372,0.465835,0.000000,0,-0.081843,1,1,0.015,0.727
s1196,random,0.500000,combined,16,0.950000,17,0.946073,0.053927,18047,0.466018,0.525022,0.001280,0.126614,0.466528,0.000001,1,-0.067513,1,1,0.015,0.799
s1196,random,0.500000,combined,16,1.000000,18,1.000000,0.000000,20854,0.480330,0.533167,0.001012,0.110003,0.481939,0.000003,1,-0.004038,1,1,0.015,0.829
s1238,co,0.500000,combined,16,0.050000,1,0.167742,0.832258,81,0.558621,0.558621,0.000000,0.000000,0.558621,0.000000,0,-0.789885,0,0,0.005,0.008
s1238,co,0.500000,combined,16,0.100000,2,0.262366,0.737634,282,0.486207,0.582759,0.009322,0.198582,0.486207,0.000000,0,-0.900221,0,0,0.002,0.020
s1238,co,0.500000,combined,16,0.150000,3,0.353763,0.646237,726,0.556322,0.600000,0.003618,0.078512,0.556322,0.000000,0,-0.732738,0,0,0.001,0.038
s1238,co,0.500000,combined,16,0.200000,4,0.441935,0.558065,1263,0.544397,0.610345,0.001521,0.121140,0.544397,0.000000,0,-0.586124,0,0,0.001,0.060
s1238,co,0.500000,combined,16,0.250000,5,0.529032,0.470968,1590,0.438621,0.510345,0.002482,0.163522,0.438621,0.000000,0,-0.348211,0,0,0.001,0.090
s1238,co,0.500000,combined,16,0.300000,5,0.529032,0.470968,1590,0.438621,0.510345,0.002482,0.163522,0.438621,0.000000,0,-0.348211,0,0,0.001,0.048
s1238,co,0.500000,combined,16,0.350000,6,0.615054,0.384946,2243,0.429693,0.487356,0.001459,0.134195,0.429693,0.000000,0,-0.207916,0,0,0.001,0.098
s1238,co,0.500000,combined,16,0.400000,7,0.690323,0.309677,2967,0.417593,0.465025,0.000942,0.113583,0.417593,0.000000,0,-0.089677,1,1,0.001,0.133
s1238,co,0.500000,combined,16,0.450000,8,0.759140,0.240860,4332,0.466810,0.562069,0.003107,0.204063,0.466810,0.000000,0,-0.202463,0,1,0.001,0.197
s1238,co,0.500000,combined,16,0.500000,9,0.825806,0.174194,5877,0.500383,0.580843,0.002207,0.160796,0.500383,0.000000,0,-0.157076,0,0,0.001,0.287
s1238,co,0.500000,combined,16,0.550000,10,0.892473,0.107527,7174,0.494759,0.577931,0.002355,0.168107,0.494759,0.000000,0,-0.086976,0,0,0.001,0.316
s1238,co,0.500000,combined,16,0.600000,11,0.922581,0.077419,8569,0.488401,0.555486,0.002381,0.137356,0.488401,0.000000,0,-0.033476,0,0,0.002,0.394
s1238,co,0.500000,combined,16,0.650000,12,0.947312,0.052688,9995,0.478688,0.543103,0.002189,0.134567,0.478688,0.000000,0,0.015227,0,0,0.001,0.500
s1238,co,0.500000,combined,16,0.700000,13,0.965591,0.034409,11721,0.478311,0.541645,0.002295,0.132412,0.478311,0.000000,0,0.032195,0,0,0.002,0.549
s1238,co,0.500000,combined,16,0.750000,14,0.981720,0.018280,13531,0.476108,0.541379,0.002311,0.137093,0.476108,0.000000,0,0.050106,0,0,0.001,0.603
s1238,co,0.500000,combined,16,0.800000,14,0.981720,0.018280,13531,0.476108,0.541379,0.002311,0.137093,0.476108,0.000000,0,0.050106,0,0,0.001,0.515
s1238,co,0.500000,combined,16,0.850000,15,0.991398,0.008602,15354,0.470621,0.540230,0.002537,0.147909,0.470621,0.000000,0,0.059566,0,1,0.001,0.585
s1238,co,0.500000,combined,16,0.900000,16,0.996774,0.003226,18207,0.490490,0.545259,0.001100,0.111660,0.490490,0.000000,0,0.081582,0,0,0.001,0.621
s1238,co,0.500000,combined,16,0.950000,17,0.998925,0.001075,20636,0.492447,0.549696,0.001288,0.116253,0.495132,0.000004,0,0.073284,0,0,0.002,0.637
s1238,co,0.500000,combined,16,1.000000,18,1.000000,0.000000,22683,0.482822,0.535249,0.000998,0.108584,0.483716,0.000001,1,0.102596,1,1,0.002,0.607
s1238,combined,0.500000,combined,16,0.050000,1,0.167742,0.832258,81,0.558621,0.558621,0.000000,0.000000,0.558621,0.000000,0,-0.789885,0,0,0.005,0.006
s1238,combined,0.500000,combined,16,0.100000,2,0.262366,0.737634,282,0.486207,0.582759,0.009322,0.198582,0.486207,0.000000,0,-0.900221,0,0,0.002,0.016
s1238,combined,0.500000,combined,16,0.150000,3,0.353763,0.646237,726,0.556322,0.600000,0.003618,0.078512,0.556322,0.000000,0,-0.732738,0,0,0.001,0.028
s1238,combined,0.500000,combined,16,0.200000,4,0.441935,0.558065,1263,0.544397,0.610345,0.001521,0.121140,0.544397,0.000000,0,-0.586124,0,0,0.001,0.042
s1238,combined,0.500000,combined,16,0.250000,5,0.529032,0.470968,1590,0.438621,0.510345,0.002482,0.163522,0.438621,0.000000,0,-0.348211,0,0,0.001,0.060
s1238,combined,0.500000,combined,16,0.300000,5,0.529032,0.470968,1590,0.438621,0.510345,0.002482,0.163522,0.438621,0.000000,0,-0.348211,0,0,0.001,0.039
s1238,combined,0.500000,combined,16,0.350000,6,0.615054,0.384946,2243,0.429693,0.487356,0.001459,0.134195,0.429693,0.000000,0,-0.207916,0,0,0.001,0.097
s1238,combined,0.500000,combined,16,0.400000,7,0.690323,0.309677,2967,0.417593,0.465025,0.000942,0.113583,0.417593,0.000000,0,-0.089677,1,1,0.001,0.127
s1238,combined,0.500000,combined,16,0.450000,8,0.759140,0.240860,4332,0.466810,0.562069,0.003107,0.204063,0.466810,0.000000,0,-0.202463,0,1,0.001,0.155
s1238,combined,0.500000,combined,16,0.500000,9,0.825806,0.174194,5877,0.500383,0.580843,0.002207,0.160796,0.500383,0.000000,0,-0.157076,0,0,0.001,0.209
s1238,combined,0.500000,combined,16,0.550000,10,0.892473,0.107527,7174,0.494759,0.577931,0.002355,0.168107,0.494759,0.000000,0,-0.086976,0,0,0.001,0.269
s1238,combined,0.500000,combined,16,0.600000,11,0.922581,0.077419,8569,0.488401,0.555486,0.002381,0.137356,0.488401,0.000000,0,-0.033476,0,0,0.001,0.364
s1238,combined,0.500000,combined,16,0.650000,12,0.947312,0.052688,9995,0.478688,0.543103,0.002189,0.134567,0.478688,0.000000,0,0.015227,0,0,0.001,0.425
s1238,combined,0.500000,combined,16,0.700000,13,0.965591,0.034409,11721,0.478311,0.541645,0.002295,0.132412,0.478311,0.000000,0,0.032195,0,0,0.001,0.501
s1238,combined,0.500000,combined,16,0.750000,14,0.981720,0.018280,13531,0.476108,0.541379,0.002311,0.137093,0.476108,0.000000,0,0.050106,0,0,0.001,0.606
s1238,combined,0.500000,combined,16,0.800000,14,0.981720,0.018280,13531,0.476108,0.541379,0.002311,0.137093,0.476108,0.000000,0,0.050106,0,0,0.001,0.560
s1238,combined,0.500000,combined,16,0.850000,15,0.991398,0.008602,15354,0.470621,0.540230,0.002537,0.147909,0.470621,0.000000,0,0.059566,0,1,0.001,0.672
s1238,combined,0.500000,combined,16,0.900000,16,0.996774,0.003226,18207,0.490490,0.545259,0.001100,0.111660,0.490490,0.000000,0,0.081582,0,0,0.001,0.766
s1238,combined,0.500000,combined,16,0.950000,17,0.998925,0.001075,20636,0.492447,0.549696,0.001288,0.116253,0.495132,0.000004,0,0.073284,0,0,0.002,0.816
s1238,combined,0.500000,combined,16,1.000000,18,1.000000,0.000000,22683,0.482822,0.535249,0.000998,0.108584,0.483716,0.000001,1,0.102596,1,1,0.002,0.869
s1238,combined_wear,0.000000,combined,16,0.050000,1,0.167742,0.832258,81,0.558621,0.558621,0.000000,0.000000,0.558621,0.000000,0,-0.789885,0,0,0.001,0.002
s1238,combined_wear,0.000000,combined,16,0.100000,2,0.262366,0.737634,282,0.486207,0.582759,0.009322,0.198582,0.486207,0.000000,0,-0.900221,0,0,0.000,0.004
s1238,combined_wear,0.000000,combined,16,0.150000,3,0.353763,0.646237,726,0.556322,0.600000,0.003618,0.078512,0.556322,0.000000,0,-0.732738,0,0,0.000,0.007
s1238,combined_wear,0.000000,combined,16,0.200000,4,0.441935,0.558065,1263,0.544397,0.610345,0.001521,0.121140,0.544397,0.000000,0,-0.586124,0,0,0.000,0.011
s1238,combined_wear,0.000000,combined,16,0.250000,5,0.529032,0.470968,1590,0.438621,0.510345,0.002482,0.163522,0.438621,0.000000,0,-0.348211,0,0,0.000,0.015
s1238,combined_wear,0.000000,combined,16,0.300000,5,0.529032,0.470968,1590,0.438621,0.510345,0.002482,0.163522,0.438621,0.000000,0,-0.348211,0,0,0.000,0.010
s1238,combined_wear,0.000000,combined,16,0.350000,6,0.615054,0.384946,2243,0.429693,0.487356,0.001459,0.134195,0.429693,0.000000,0,-0.207916,0,0,0.000,0.020
s1238,combined_wear,0.000000,combined,16,0.400000,7,0.690323,0.309677,2967,0.417593,0.465025,0.000942,0.113583,0.417593,0.000000,0,-0.089677,1,1,0.000,0.025
s1238,combined_wear,0.000000,combined,16,0.450000,8,0.759140,0.240860,4332,0.466810,0.562069,0.003107,0.204063,0.466810,0.000000,0,-0.202463,0,1,0.000,0.035
s1238,combined_wear,0.000000,combined,16,0.500000,9,0.825806,0.174194,5877,0.500383,0.580843,0.002207,0.160796,0.500383,0.000000,0,-0.157076,0,0,0.000,0.048
s1238,combined_wear,0.000000,combined,16,0.550000,10,0.892473,0.107527,7174,0.494759,0.577931,0.002355,0.168107,0.494759,0.000000,0,-0.086976,0,0,0.000,0.062
s1238,combined_wear,0.000000,combined,16,0.600000,11,0.922581,0.077419,8569,0.488401,0.555486,0.002381,0.137356,0.488401,0.000000,0,-0.033476,0,0,0.000,0.075
s1238,combined_wear,0.000000,combined,16,0.650000,12,0.947312,0.052688,9995,0.478688,0.543103,0.002189,0.134567,0.478688,0.000000,0,0.015227,0,0,0.000,0.092
s1238,combined_wear,0.000000,combined,16,0.700000,13,0.965591,0.034409,11721,0.478311,0.541645,0.002295,0.132412,0.478311,0.000000,0,0.032195,0,0,0.000,0.107
s1238,combined_wear,0.000000,combined,16,0.750000,14,0.981720,0.018280,13531,0.476108,0.541379,0.002311,0.137093,0.476108,0.000000,0,0.050106,0,0,0.000,0.120
s1238,combined_wear,0.000000,combined,16,0.800000,14,0.981720,0.018280,13531,0.476108,0.541379,0.002311,0.137093,0.476108,0.000000,0,0.050106,0,0,0.000,0.108
s1238,combined_wear,0.000000,combined,16,0.850000,15,0.991398,0.008602,15354,0.470621,0.540230,0.002537,0.147909,0.470621,0.000000,0,0.059566,0,1,0.000,0.131
s1238,combined_wear,0.000000,combined,16,0.900000,16,0.996774,0.003226,18207,0.490490,0.545259,0.001100,0.111660,0.490490,0.000000,0,0.081582,0,0,0.000,0.603
s1238,combined_wear,0.000000,combined,16,0.950000,17,0.998925,0.001075,20636,0.492447,0.549696,0.001288,0.116253,0.495132,0.000004,0,0.073284,0,0,0.002,0.815
s1238,combined_wear,0.000000,combined,16,1.000000,18,1.000000,0.000000,22683,0.482822,0.535249,0.000998,0.108584,0.483716,0.000001,1,0.102596,1,1,0.002,0.880
s1238,combined_wear,0.250000,combined,16,0.050000,1,0.167742,0.832258,81,0.558621,0.558621,0.000000,0.000000,0.558621,0.000000,0,-0.812970,0,0,0.006,0.007
s1238,combined_wear,0.250000,combined,16,0.100000,2,0.253763,0.746237,262,0.451724,0.465517,0.000190,0.030534,0.451724,0.000000,0,-0.559572,1,0,0.002,0.019
s1238,combined_wear,0.250000,combined,16,0.150000,3,0.348387,0.651613,565,0.432950,0.512644,0.003232,0.184071,0.432950,0.000000,0,-0.623331,0,1,0.001,0.035
s1238,combined_wear,0.250000,combined,16,0.200000,4,0.435484,0.564516,1164,0.501724,0.581034,0.005648,0.158076,0.501724,0.000000,0,-0.763590,0,0,0.001,0.052
s1238,combined_wear,0.250000,combined,16,0.250000,5,0.502151,0.497849,1839,0.507310,0.533793,0.000866,0.052202,0.507310,0.000000,0,-0.449617,0,0,0.001,0.073
s1238,combined_wear,0.250000,combined,16,0.300000,5,0.502151,0.497849,1839,0.507310,0.533793,0.000866,0.052202,0.507310,0.000000,0,-0.449617,0,0,0.001,0.049
s1238,combined_wear,0.250000,combined,16,0.350000,6,0.590323,0.409677,2446,0.468582,0.513793,0.000671,0.096484,0.468582,0.000000,0,-0.300906,0,0,0.001,0.099
s1238,combined_wear,0.250000,combined,16,0.400000,7,0.665591,0.334409,3190,0.448980,0.487685,0.000422,0.086207,0.448980,0.000000,0,-0.174635,1,1,0.001,0.177
s1238,combined_wear,0.250000,combined,16,0.450000,8,0.734409,0.265591,4459,0.480496,0.568103,0.002598,0.182328,0.480496,0.000000,0,-0.299520,0,0,0.001,0.199
s1238,combined_wear,0.250000,combined,16,0.500000,9,0.825806,0.174194,5441,0.463261,0.560920,0.003126,0.210807,0.463261,0.000000,0,-0.209907,0,1,0.001,0.242
s1238,combined_wear,0.250000,combined,16,0.550000,10,0.892473,0.107527,7174,0.494759,0.577931,0.002355,0.168107,0.494759,0.000000,0,-0.151949,0,0,0.002,0.308
s1238,combined_wear,0.250000,combined,16,0.600000,11,0.908602,0.091398,8604,0.490396,0.574295,0.002312,0.171083,0.490396,0.000000,0,-0.126882,0,0,0.001,0.406
s1238,combined_wear,0.250000,combined,16,0.650000,12,0.938710,0.061290,10125,0.484914,0.554023,0.002361,0.142519,0.484914,0.000000,0,-0.076567,0,0,0.001,0.463
s1238,combined_wear,0.250000,combined,16,0.700000,13,0.963441,0.036559,11673,0.476352,0.542706,0.002205,0.139296,0.476352,0.000000,0,-0.027536,0,0,0.002,0.553
s1238,combined_wear,0.250000,combined,16,0.750000,14,0.965591,0.034409,13592,0.478255,0.548276,0.002418,0.146410,0.478255,0.000000,0,-0.041323,0,0,0.002,0.586
s1238,combined_wear,0.250000,combined,16,0.800000,14,0.965591,0.034409,13592,0.478255,0.548276,0.002418,0.146410,0.478255,0.000000,0,-0.041323,0,0,0.001,0.565
s1238,combined_wear,0.250000,combined,16,0.850000,15,0.983871,0.016129,15594,0.477977,0.546667,0.002508,0.143709,0.477977,0.000000,0,-0.025369,0,0,0.002,0.680
s1238,combined_wear,0.250000,combined,16,0.900000,16,0.984946,0.015054,17371,0.467969,0.530603,0.001923,0.133844,0.467969,0.000000,0,0.024355,1,1,0.002,0.658
s1238,combined_wear,0.250000,combined,16,0.950000,17,0.990323,0.009677,20514,0.489536,0.541582,0.001231,0.106318,0.489706,0.000001,1,0.031609,0,0,0.002,0.698
s1238,combined_wear,0.250000,combined,16,1.000000,18,1.000000,0.000000,22683,0.482822,0.535249,0.000998,0.108584,0.483716,0.000001,1,0.063064,1,1,0.002,0.696
s1238,combined_wear,0.500000,combined,16,0.050000,1,0.167742,0.832258,81,0.558621,0.558621,0.000000,0.000000,0.558621,0.000000,0,-0.795115,0,0,0.006,0.008
s1238,combined_wear,0.500000,combined,16,0.100000,2,0.253763,0.746237,262,0.451724,0.465517,0.000190,0.030534,0.451724,0.000000,0,-0.552489,0,0,0.002,0.017
s1238,combined_wear,0.500000,combined,16,0.150000,3,0.320430,0.679570,585,0.448276,0.457471,0.000056,0.020513,0.448276,0.000000,0,-0.464657,0,0,0.001,0.036
s1238,combined_wear,0.500000,combined,16,0.200000,4,0.407527,0.592473,886,0.381897,0.398276,0.000294,0.042889,0.381897,0.000000,0,-0.289316,1,1,0.001,0.053
s1238,combined_wear,0.500000,combined,16,0.250000,5,0.476344,0.523656,1549,0.427310,0.508966,0.002136,0.191091,0.427310,0.000000,0,-0.509882,1,1,0.001,0.080
s1238,combined_wear,0.500000,combined,16,0.300000,5,0.476344,0.523656,1549,0.427310,0.508966,0.002136,0.191091,0.427310,0.000000,0,-0.509882,1,1,0.001,0.055
s1238,combined_wear,0.500000,combined,16,0.350000,6,0.570968,0.429032,2822,0.540613,0.603448,0.001372,0.116230,0.540613,0.000000,0,-0.529835,0,0,0.001,0.109
s1238,combined_wear,0.500000,combined,16,0.400000,7,0.646237,0.353763,3608,0.507811,0.564532,0.000913,0.111696,0.507811,0.000000,0,-0.353859,0,0,0.001,0.150
s1238,combined_wear,0.500000,combined,16,0.450000,8,0.734409,0.265591,4459,0.480496,0.568103,0.002598,0.182328,0.480496,0.000000,0,-0.387807,0,0,0.001,0.197
s1238,combined_wear,0.500000,combined,16,0.500000,9,0.750538,0.249462,5595,0.476373,0.564751,0.002444,0.185523,0.476373,0.000000,0,-0.352120,0,0,0.001,0.268
s1238,combined_wear,0.500000,combined,16,0.550000,10,0.841935,0.158065,6685,0.461034,0.558621,0.002933,0.211668,0.461034,0.000000,0,-0.283576,0,1,0.001,0.326
s1238,combined_wear,0.500000,combined,16,0.600000,11,0.908602,0.091398,8604,0.490396,0.574295,0.002312,0.171083,0.490396,0.000000,0,-0.203275,0,0,0.001,0.414
s1238,combined_wear,0.500000,combined,16,0.650000,12,0.910753,0.089247,10251,0.490948,0.578161,0.002527,0.177641,0.490948,0.000000,0,-0.223122,0,0,0.002,0.439
s1238,combined_wear,0.500000,combined,16,0.700000,13,0.940860,0.059140,11910,0.486023,0.559151,0.002570,0.150462,0.486023,0.000000,0,-0.176546,0,0,0.001,0.510
s1238,combined_wear,0.500000,combined,16,0.750000,14,0.965591,0.034409,13592,0.478255,0.548276,0.002418,0.146410,0.478255,0.000000,0,-0.122887,0,0,0.002,0.536
s1238,combined_wear,0.500000,combined,16,0.800000,14,0.965591,0.034409,13592,0.478255,0.548276,0.002418,0.146410,0.478255,0.000000,0,-0.122887,0,0,0.001,0.501
s1238,combined_wear,0.500000,combined,16,0.850000,15,0.966667,0.033333,15273,0.468138,0.531034,0.001821,0.134355,0.468138,0.000000,0,-0.047525,0,0,0.001,0.552
s1238,combined_wear,0.500000,combined,16,0.900000,16,0.984946,0.015054,17371,0.467969,0.530603,0.001923,0.133844,0.467969,0.000000,0,-0.037493,1,1,0.001,0.239
s1238,combined_wear,0.500000,combined,16,0.950000,17,0.990323,0.009677,20514,0.489536,0.541582,0.001231,0.106318,0.489706,0.000001,1,-0.001533,0,0,0.000,0.161
s1238,combined_wear,0.500000,combined,16,1.000000,18,1.000000,0.000000,22683,0.482822,0.535249,0.000998,0.108584,0.483716,0.000001,1,0.039272,1,1,0.001,0.168
s1238,combined_wear,0.750000,combined,16,0.050000,1,0.167742,0.832258,81,0.558621,0.558621,0.000000,0.000000,0.558621,0.000000,0,-0.809750,0,0,0.006,0.007
s1238,combined_wear,0.750000,combined,16,0.100000,2,0.253763,0.746237,262,0.451724,0.465517,0.000190,0.030534,0.451724,0.000000,0,-0.566477,0,0,0.002,0.017
s1238,combined_wear,0.750000,combined,16,0.150000,3,0.320430,0.679570,585,0.448276,0.457471,0.000056,0.020513,0.448276,0.000000,0,-0.477173,1,0,0.001,0.035
s1238,combined_wear,0.750000,combined,16,0.200000,4,0.389247,0.610753,1028,0.443103,0.494828,0.000916,0.116732,0.443103,0.000000,0,-0.516992,1,0,0.001,0.059
s1238,combined_wear,0.750000,combined,16,0.250000,5,0.476344,0.523656,1549,0.427310,0.508966,0.002136,0.191091,0.427310,0.000000,0,-0.543340,1,1,0.001,0.081
s1238,combined_wear,0.750000,combined,16,0.300000,5,0.476344,0.523656,1549,0.427310,0.508966,0.002136,0.191091,0.427310,0.000000,0,-0.543340,1,1,0.001,0.053
s1238,combined_wear,0.750000,combined,16,0.350000,6,0.551613,0.448387,2323,0.445019,0.516092,0.001282,0.159707,0.445019,0.000000,0,-0.409177,1,1,0.001,0.107
s1238,combined_wear,0.750000,combined,16,0.400000,7,0.567742,0.432258,3163,0.445179,0.519212,0.001280,0.166298,0.445179,0.000000,0,-0.395669,1,1,0.001,0.145
s1238,combined_wear,0.750000,combined,16,0.450000,8,0.662366,0.337634,4650,0.501078,0.561207,0.001009,0.120000,0.501078,0.000000,0,-0.361310,0,0,0.001,0.211
s1238,combined_wear,0.750000,combined,16,0.500000,9,0.664516,0.335484,5873,0.500043,0.567816,0.001349,0.135536,0.500043,0.000000,0,-0.396103,0,0,0.001,0.263
s1238,combined_wear,0.750000,combined,16,0.550000,10,0.752688,0.247312,6924,0.477517,0.570345,0.002641,0.194396,0.477517,0.000000,0,-0.412233,0,0,0.001,0.321
s1238,combined_wear,0.750000,combined,16,0.600000,11,0.819355,0.180645,8905,0.507552,0.584953,0.002307,0.152499,0.507552,0.000000,0,-0.353345,0,0,0.001,0.383
s1238,combined_wear,0.750000,combined,16,0.650000,12,0.910753,0.089247,10251,0.490948,0.578161,0.002527,0.177641,0.490948,0.000000,0,-0.262080,0,0,0.001,0.425
s1238,combined_wear,0.750000,combined,16,0.700000,13,0.911828,0.088172,11756,0.479739,0.555968,0.001853,0.158898,0.479739,0.000000,0,-0.168241,0,0,0.001,0.495
s1238,combined_wear,0.750000,combined,16,0.750000,14,0.941935,0.058065,13505,0.475194,0.539901,0.001908,0.136172,0.475194,0.000000,0,-0.125479,0,0,0.001,0.573
s1238,combined_wear,0.750000,combined,16,0.800000,14,0.941935,0.058065,13505,0.475194,0.539901,0.001908,0.136172,0.475194,0.000000,0,-0.125479,0,0,0.002,0.516
s1238,combined_wear,0.750000,combined,16,0.850000,15,0.966667,0.033333,15273,0.468138,0.531034,0.001821,0.134355,0.468138,0.000000,0,-0.078591,0,0,0.002,0.654
s1238,combined_wear,0.750000,combined,16,0.900000,16,0.984946,0.015054,17371,0.467969,0.530603,0.001923,0.133844,0.467969,0.000000,0,-0.069515,1,1,0.002,0.738
s1238,combined_wear,0.750000,combined,16,0.950000,17,0.990323,0.009677,20514,0.489536,0.541582,0.001231,0.106318,0.489706,0.000001,1,-0.027323,0,0,0.002,0.827
s1238,combined_wear,0.750000,combined,16,1.000000,18,1.000000,0.000000,22683,0.482822,0.535249,0.000998,0.108584,0.483716,0.000001,1,0.015844,1,1,0.003,0.871
s1238,combined_wear,1.000000,combined,16,0.050000,1,0.167742,0.832258,81,0.558621,0.558621,0.000000,0.000000,0.558621,0.000000,0,-0.809750,0,0,0.013,0.010
s1238,combined_wear,1.000000,combined,16,0.100000,2,0.253763,0.746237,262,0.451724,0.465517,0.000190,0.030534,0.451724,0.000000,0,-0.566477,0,0,0.002,0.023
s1238,combined_wear,1.000000,combined,16,0.150000,3,0.320430,0.679570,585,0.448276,0.457471,0.000056,0.020513,0.448276,0.000000,0,-0.477173,1,0,0.001,0.036
s1238,combined_wear,1.000000,combined,16,0.200000,4,0.336559,0.663441,1037,0.446983,0.470690,0.000235,0.053038,0.446983,0.000000,0,-0.488132,1,0,0.001,0.057
s1238,combined_wear,1.000000,combined,16,0.250000,5,0.405376,0.594624,1610,0.444138,0.503448,0.001000,0.133540,0.444138,0.000000,0,-0.517144,1,0,0.001,0.103
s1238,combined_wear,1.000000,combined,16,0.300000,5,0.405376,0.594624,1610,0.444138,0.503448,0.001000,0.133540,0.444138,0.000000,0,-0.517144,1,0,0.002,0.077
s1238,combined_wear,1.000000,combined,16,0.350000,6,0.492473,0.507527,2247,0.430460,0.513793,0.001968,0.193591,0.430460,0.000000,0,-0.518244,1,1,0.001,0.115
s1238,combined_wear,1.000000,combined,16,0.400000,7,0.567742,0.432258,3163,0.445179,0.519212,0.001280,0.166298,0.445179,0.000000,0,-0.395669,1,1,0.001,0.151
s1238,combined_wear,1.000000,combined,16,0.450000,8,0.569892,0.430108,4172,0.449569,0.531897,0.001588,0.183126,0.449569,0.000000,0,-0.437450,0,1,0.001,0.184
s1238,combined_wear,1.000000,combined,16,0.500000,9,0.664516,0.335484,5873,0.500043,0.567816,0.001349,0.135536,0.500043,0.000000,0,-0.396103,0,0,0.001,0.254
s1238,combined_wear,1.000000,combined,16,0.550000,10,0.752688,0.247312,6924,0.477517,0.570345,0.002641,0.194396,0.477517,0.000000,0,-0.412233,0,0,0.001,0.318
s1238,combined_wear,1.000000,combined,16,0.600000,11,0.819355,0.180645,8905,0.507552,0.584953,0.002307,0.152499,0.507552,0.000000,0,-0.353345,0,0,0.002,0.360
s1238,combined_wear,1.000000,combined,16,0.650000,12,0.820430,0.179570,10338,0.495115,0.560345,0.001688,0.131747,0.495115,0.000000,0,-0.261473,0,0,0.001,0.428
s1238,combined_wear,1.000000,combined,16,0.700000,13,0.911828,0.088172,11756,0.479739,0.555968,0.001853,0.158898,0.479739,0.000000,0,-0.168241,0,0,0.001,0.518
s1238,combined_wear,1.000000,combined,16,0.750000,14,0.936559,0.063441,13672,0.481070,0.546798,0.001792,0.136630,0.481070,0.000000,0,-0.131049,0,0,0.002,0.581
s1238,combined_wear,1.000000,combined,16,0.800000,14,0.936559,0.063441,13672,0.481070,0.546798,0.001792,0.136630,0.481070,0.000000,0,-0.131049,0,0,0.003,0.520
s1238,combined_wear,1.000000,combined,16,0.850000,15,0.966667,0.033333,15273,0.468138,0.531034,0.001821,0.134355,0.468138,0.000000,0,-0.078591,0,0,0.002,0.651
s1238,combined_wear,1.000000,combined,16,0.900000,16,0.984946,0.015054,17371,0.467969,0.530603,0.001923,0.133844,0.467969,0.000000,0,-0.069515,1,1,0.002,0.732
s1238,combined_wear,1.000000,combined,16,0.950000,17,0.990323,0.009677,20514,0.489536,0.541582,0.001231,0.106318,0.489706,0.000001,1,-0.027323,0,0,0.002,0.832
s1238,combined_wear,1.000000,combined,16,1.000000,18,1.000000,0.000000,22683,0.482822,0.535249,0.000998,0.108584,0.483716,0.000001,1,0.015844,1,1,0.003,0.869
s1238,combined_wear_leveling,0.000000,combined,16,0.050000,1,0.167742,0.832258,81,0.558621,0.558621,0.000000,0.000000,0.558621,0.000000,0,-0.789885,0,0,0.009,0.008
s1238,combined_wear_leveling,0.000000,combined,16,0.100000,2,0.262366,0.737634,282,0.486207,0.582759,0.009322,0.198582,0.486207,0.000000,0,-0.900221,0,0,0.011,0.019
s1238,combined_wear_leveling,0.000000,combined,16,0.150000,3,0.353763,0.646237,726,0.556322,0.600000,0.003618,0.078512,0.556322,0.000000,0,-0.732738,0,0,0.016,0.032
s1238,combined_wear_leveling,0.000000,combined,16,0.200000,4,0.441935,0.558065,1263,0.544397,0.610345,0.001521,0.121140,0.544397,0.000000,0,-0.586124,0,0,0.022,0.048
s1238,combined_wear_leveling,0.000000,combined,16,0.250000,5,0.529032,0.470968,1590,0.438621,0.510345,0.002482,0.163522,0.438621,0.000000,0,-0.348211,0,0,0.029,0.067
s1238,combined_wear_leveling,0.000000,combined,16,0.300000,5,0.529032,0.470968,1590,0.438621,0.510345,0.002482,0.163522,0.438621,0.000000,0,-0.348211,0,0,0.028,0.046
s1238,combined_wear_leveling,0.000000,combined,16,0.350000,6,0.615054,0.384946,2243,0.429693,0.487356,0.001459,0.134195,0.429693,0.000000,0,-0.207916,0,0,0.034,0.100
s1238,combined_wear_leveling,0.000000,combined,16,0.400000,7,0.690323,0.309677,2967,0.417593,0.465025,0.000942,0.113583,0.417593,0.000000,0,-0.089677,1,1,0.042,0.145
s1238,combined_wear_leveling,0.000000,combined,16,0.450000,8,0.759140,0.240860,4332,0.466810,0.562069,0.003107,0.204063,0.466810,0.000000,0,-0.202463,0,1,0.049,0.201
s1238,combined_wear_leveling,0.000000,combined,16,0.500000,9,0.825806,0.174194,5877,0.500383,0.580843,0.002207,0.160796,0.500383,0.000000,0,-0.157076,0,0,0.058,0.248
s1238,combined_wear_leveling,0.000000,combined,16,0.550000,10,0.892473,0.107527,7174,0.494759,0.577931,0.002355,0.168107,0.494759,0.000000,0,-0.086976,0,0,0.064,0.320
s1238,combined_wear_leveling,0.000000,combined,16,0.600000,11,0.922581,0.077419,8569,0.488401,0.555486,0.002381,0.137356,0.488401,0.000000,0,-0.033476,0,0,0.071,0.404
s1238,combined_wear_leveling,0.000000,combined,16,0.650000,12,0.947312,0.052688,9995,0.478688,0.543103,0.002189,0.134567,0.478688,0.000000,0,0.015227,0,0,0.077,0.473
s1238,combined_wear_leveling,0.000000,combined,16,0.700000,13,0.965591,0.034409,11721,0.478311,0.541645,0.002295,0.132412,0.478311,0.000000,0,0.032195,0,0,0.082,0.546
s1238,combined_wear_leveling,0.000000,combined,16,0.750000,14,0.981720,0.018280,13531,0.476108,0.541379,0.002311,0.137093,0.476108,0.000000,0,0.050106,0,0,0.086,0.621
s1238,combined_wear_leveling,0.000000,combined,16,0.800000,14,0.981720,0.018280,13531,0.476108,0.541379,0.002311,0.137093,0.476108,0.000000,0,0.050106,0,0,0.087,0.610
s1238,combined_wear_leveling,0.000000,combined,16,0.850000,15,0.991398,0.008602,15354,0.470621,0.540230,0.002537,0.147909,0.470621,0.000000,0,0.059566,0,1,0.092,0.689
s1238,combined_wear_leveling,0.000000,combined,16,0.900000,16,0.996774,0.003226,18207,0.490490,0.545259,0.001100,0.111660,0.490490,0.000000,0,0.081582,0,0,0.092,0.767
s1238,combined_wear_leveling,0.000000,combined,16,0.950000,17,0.998925,0.001075,20636,0.492447,0.549696,0.001288,0.116253,0.495132,0.000004,0,0.073284,0,0,0.102,0.956
s1238,combined_wear_leveling,0.000000,combined,16,1.000000,18,1.000000,0.000000,22683,0.482822,0.535249,0.000998,0.108584,0.483716,0.000001,1,0.102596,1,1,0.124,0.872
s1238,combined_wear_leveling,0.250000,combined,16,0.050000,1,0.167742,0.832258,81,0.558621,0.558621,0.000000,0.000000,0.558621,0.000000,0,-0.789885,0,0,0.014,0.007
s1238,combined_wear_leveling,0.250000,combined,16,0.100000,2,0.262366,0.737634,282,0.486207,0.582759,0.009322,0.198582,0.486207,0.000000,0,-0.900221,0,0,0.012,0.039
s1238,combined_wear_leveling,0.250000,combined,16,0.150000,3,0.353763,0.646237,726,0.556322,0.600000,0.003618,0.078512,0.556322,0.000000,0,-0.732738,0,0,0.025,0.047
s1238,combined_wear_leveling,0.250000,combined,16,0.200000,4,0.441935,0.558065,1263,0.544397,0.610345,0.001521,0.121140,0.544397,0.000000,0,-0.586124,0,0,0.032,0.057
s1238,combined_wear_leveling,0.250000,combined,16,0.250000,5,0.529032,0.470968,1590,0.438621,0.510345,0.002482,0.163522,0.438621,0.000000,0,-0.348211,0,0,0.030,0.066
s1238,combined_wear_leveling,0.250000,combined,16,0.300000,5,0.529032,0.470968,1590,0.438621,0.510345,0.002482,0.163522,0.438621,0.000000,0,-0.348211,0,0,0.029,0.045
s1238,combined_wear_leveling,0.250000,combined,16,0.350000,6,0.615054,0.384946,2243,0.429693,0.487356,0.001459,0.134195,0.429693,0.000000,0,-0.207916,0,0,0.035,0.096
s1238,combined_wear_leveling,0.250000,combined,16,0.400000,7,0.690323,0.309677,2967,0.417593,0.465025,0.000942,0.113583,0.417593,0.000000,0,-0.089677,1,1,0.042,0.134
s1238,combined_wear_leveling,0.250000,combined,16,0.450000,8,0.759140,0.240860,4332,0.466810,0.562069,0.003107,0.204063,0.466810,0.000000,0,-0.202463,0,0,0.048,0.195
s1238,combined_wear_leveling,0.250000,combined,16,0.500000,9,0.825806,0.174194,5441,0.463261,0.560920,0.003126,0.210807,0.463261,0.000000,0,-0.132189,0,1,0.056,0.287
s1238,combined_wear_leveling,0.250000,combined,16,0.550000,10,0.892473,0.107527,7174,0.494759,0.577931,0.002355,0.168107,0.494759,0.000000,0,-0.086976,0,0,0.065,0.313
s1238,combined_wear_leveling,0.250000,combined,16,0.600000,11,0.922581,0.077419,8569,0.488401,0.555486,0.002381,0.137356,0.488401,0.000000,0,-0.033476,0,0,0.071,0.418
s1238,combined_wear_leveling,0.250000,combined,16,0.650000,12,0.947312,0.052688,9995,0.478688,0.543103,0.002189,0.134567,0.478688,0.000000,0,0.015227,0,0,0.077,0.485
s1238,combined_wear_leveling,0.250000,combined,16,0.700000,13,0.965591,0.034409,11721,0.478311,0.541645,0.002295,0.132412,0.478311,0.000000,0,0.032195,0,0,0.083,0.573
s1238,combined_wear_leveling,0.250000,combined,16,0.750000,14,0.981720,0.018280,13531,0.476108,0.541379,0.002311,0.137093,0.476108,0.000000,0,0.050106,0,0,0.088,0.641
s1238,combined_wear_leveling,0.250000,combined,16,0.800000,14,0.981720,0.018280,13531,0.476108,0.541379,0.002311,0.137093,0.476108,0.000000,0,0.050106,0,0,0.092,0.587
s1238,combined_wear_leveling,0.250000,combined,16,0.850000,15,0.991398,0.008602,15354,0.470621,0.540230,0.002537,0.147909,0.470621,0.000000,0,0.059566,0,1,0.091,0.712
s1238,combined_wear_leveling,0.250000,combined,16,0.900000,16,0.996774,0.003226,18207,0.490490,0.545259,0.001100,0.111660,0.490490,0.000000,0,0.081582,0,0,0.094,0.786
s1238,combined_wear_leveling,0.250000,combined,16,0.950000,17,0.998925,0.001075,20636,0.492447,0.549696,0.001288,0.116253,0.495132,0.000004,0,0.073284,0,0,0.103,0.828
s1238,combined_wear_leveling,0.250000,combined,16,1.000000,18,1.000000,0.000000,22683,0.482822,0.535249,0.000998,0.108584,0.483716,0.000001,1,0.102596,1,1,0.114,0.898
s1238,combined_wear_leveling,0.500000,combined,16,0.050000,1,0.167742,0.832258,81,0.558621,0.558621,0.000000,0.000000,0.558621,0.000000,0,-0.797775,0,0,0.009,0.009
s1238,combined_wear_leveling,0.500000,combined,16,0.100000,2,0.262366,0.737634,282,0.486207,0.582759,0.009322,0.198582,0.486207,0.000000,0,-0.908452,0,0,0.012,0.021
s1238,combined_wear_leveling,0.500000,combined,16,0.150000,3,0.353763,0.646237,726,0.556322,0.600000,0.003618,0.078512,0.556322,0.000000,0,-0.741212,0,0,0.017,0.036
s1238,combined_wear_leveling,0.500000,combined,16,0.200000,4,0.439785,0.560215,1211,0.521983,0.556897,0.001933,0.066887,0.521983,0.000000,0,-0.543335,0,0,0.039,0.057
s1238,combined_wear_leveling,0.500000,combined,16,0.250000,5,0.527957,0.472043,1840,0.507586,0.562759,0.000802,0.108696,0.507586,0.000000,0,-0.416840,0,0,0.029,0.079
s1238,combined_wear_leveling,0.500000,combined,16,0.300000,5,0.527957,0.472043,1840,0.507586,0.562759,0.000802,0.108696,0.507586,0.000000,0,-0.416840,0,0,0.028,0.055
s1238,combined_wear_leveling,0.500000,combined,16,0.350000,6,0.615054,0.384946,2243,0.429693,0.487356,0.001459,0.134195,0.429693,0.000000,0,-0.214799,0,0,0.034,0.097
s1238,combined_wear_leveling,0.500000,combined,16,0.400000,7,0.690323,0.309677,2967,0.417593,0.465025,0.000942,0.113583,0.417593,0.000000,0,-0.096245,1,1,0.048,0.132
s1238,combined_wear_leveling,0.500000,combined,16,0.450000,8,0.759140,0.240860,4332,0.466810,0.562069,0.003107,0.204063,0.466810,0.000000,0,-0.210402,0,0,0.048,0.187
s1238,combined_wear_leveling,0.500000,combined,16,0.500000,9,0.825806,0.174194,5441,0.463261,0.560920,0.003126,0.210807,0.463261,0.000000,0,-0.140111,0,1,0.056,0.261
s1238,combined_wear_leveling,0.500000,combined,16,0.550000,10,0.892473,0.107527,7174,0.494759,0.577931,0.002355,0.168107,0.494759,0.000000,0,-0.095139,0,0,0.062,0.318
s1238,combined_wear_leveling,0.500000,combined,16,0.600000,11,0.922581,0.077419,8569,0.488401,0.555486,0.002381,0.137356,0.488401,0.000000,0,-0.041322,0,0,0.072,0.391
s1238,combined_wear_leveling,0.500000,combined,16,0.650000,12,0.947312,0.052688,9995,0.478688,0.543103,0.002189,0.134567,0.478688,0.000000,0,0.007557,0,0,0.084,0.476
s1238,combined_wear_leveling,0.500000,combined,16,0.700000,13,0.965591,0.034409,11721,0.478311,0.541645,0.002295,0.132412,0.478311,0.000000,0,0.024545,0,0,0.082,0.554
s1238,combined_wear_leveling,0.500000,combined,16,0.750000,14,0.981720,0.018280,13531,0.476108,0.541379,0.002311,0.137093,0.476108,0.000000,0,0.042459,0,0,0.086,0.607
s1238,combined_wear_leveling,0.500000,combined,16,0.800000,14,0.981720,0.018280,13531,0.476108,0.541379,0.002311,0.137093,0.476108,0.000000,0,0.042459,0,0,0.084,0.597
s1238,combined_wear_leveling,0.500000,combined,16,0.850000,15,0.991398,0.008602,15354,0.470621,0.540230,0.002537,0.147909,0.470621,0.000000,0,0.051936,0,1,0.093,0.706
s1238,combined_wear_leveling,0.500000,combined,16,0.900000,16,0.996774,0.003226,18207,0.490490,0.545259,0.001100,0.111660,0.490490,0.000000,0,0.073881,0,0,0.096,0.425
s1238,combined_wear_leveling,0.500000,combined,16,0.950000,17,0.998925,0.001075,20636,0.492447,0.549696,0.001288,0.116253,0.495132,0.000004,0,0.065520,0,0,0.019,0.157
s1238,combined_wear_leveling,0.500000,combined,16,1.000000,18,1.000000,0.000000,22683,0.482822,0.535249,0.000998,0.108584,0.483716,0.000001,1,0.095036,1,1,0.025,0.171
s1238,combined_wear_leveling,0.750000,combined,16,0.050000,1,0.167742,0.832258,81,0.558621,0.558621,0.000000,0.000000,0.558621,0.000000,0,-0.811548,0,0,0.021,0.012
s1238,combined_wear_leveling,0.750000,combined,16,0.100000,2,0.262366,0.737634,282,0.486207,0.582759,0.009322,0.198582,0.486207,0.000000,0,-0.922820,0,0,0.020,0.050
s1238,combined_wear_leveling,0.750000,combined,16,0.150000,3,0.348387,0.651613,565,0.432950,0.512644,0.003232,0.184071,0.432950,0.000000,0,-0.565644,0,0,0.032,0.088
s1238,combined_wear_leveling,0.750000,combined,16,0.200000,4,0.439785,0.560215,1211,0.521983,0.556897,0.001933,0.066887,0.521983,0.000000,0,-0.557065,0,0,0.044,0.143
s1238,combined_wear_leveling,0.750000,combined,16,0.250000,5,0.526882,0.473118,1612,0.444690,0.497931,0.002167,0.119727,0.444690,0.000000,0,-0.356476,0,0,0.058,0.162
s1238,combined_wear_leveling,0.750000,combined,16,0.300000,5,0.526882,0.473118,1612,0.444690,0.497931,0.002167,0.119727,0.444690,0.000000,0,-0.356476,0,0,0.056,0.114
s1238,combined_wear_leveling,0.750000,combined,16,0.350000,6,0.615054,0.384946,2243,0.429693,0.487356,0.001459,0.134195,0.429693,0.000000,0,-0.226815,0,0,0.069,0.185
s1238,combined_wear_leveling,0.750000,combined,16,0.400000,7,0.690323,0.309677,2967,0.417593,0.465025,0.000942,0.113583,0.417593,0.000000,0,-0.107710,1,1,0.082,0.246
s1238,combined_wear_leveling,0.750000,combined,16,0.450000,8,0.759140,0.240860,4332,0.466810,0.562069,0.003107,0.204063,0.466810,0.000000,0,-0.224259,0,0,0.095,0.319
s1238,combined_wear_leveling,0.750000,combined,16,0.500000,9,0.825806,0.174194,5441,0.463261,0.560920,0.003126,0.210807,0.463261,0.000000,0,-0.153941,0,1,0.110,0.415
s1238,combined_wear_leveling,0.750000,combined,16,0.550000,10,0.892473,0.107527,7174,0.494759,0.577931,0.002355,0.168107,0.494759,0.000000,0,-0.109388,0,0,0.121,0.513
s1238,combined_wear_leveling,0.750000,combined,16,0.600000,11,0.922581,0.077419,8569,0.488401,0.555486,0.002381,0.137356,0.488401,0.000000,0,-0.055017,0,0,0.133,0.242
s1238,combined_wear_leveling,0.750000,combined,16,0.650000,12,0.947312,0.052688,9995,0.478688,0.543103,0.002189,0.134567,0.478688,0.000000,0,-0.005834,0,0,0.026,0.132
s1238,combined_wear_leveling,0.750000,combined,16,0.700000,13,0.965591,0.034409,11721,0.478311,0.541645,0.002295,0.132412,0.478311,0.000000,0,0.011191,0,0,0.028,0.153
s1238,combined_wear_leveling,0.750000,combined,16,0.750000,14,0.981720,0.018280,13531,0.476108,0.541379,0.002311,0.137093,0.476108,0.000000,0,0.029112,0,0,0.030,0.170
s1238,combined_wear_leveling,0.750000,combined,16,0.800000,14,0.981720,0.018280,13531,0.476108,0.541379,0.002311,0.137093,0.476108,0.000000,0,0.029112,0,0,0.030,0.164
s1238,combined_wear_leveling,0.750000,combined,16,0.850000,15,0.991398,0.008602,15354,0.470621,0.540230,0.002537,0.147909,0.470621,0.000000,0,0.038616,0,1,0.031,0.189
s1238,combined_wear_leveling,0.750000,combined,16,0.900000,16,0.996774,0.003226,18207,0.490490,0.545259,0.001100,0.111660,0.490490,0.000000,0,0.060438,0,0,0.033,0.207
s1238,combined_wear_leveling,0.750000,combined,16,0.950000,17,0.998925,0.001075,20636,0.492447,0.549696,0.001288,0.116253,0.495132,0.000004,0,0.051967,0,0,0.034,0.223
s1238,combined_wear_leveling,0.750000,combined,16,1.000000,18,1.000000,0.000000,22683,0.482822,0.535249,0.000998,0.108584,0.483716,0.000001,1,0.081839,1,1,0.041,0.240
s1238,combined_wear_leveling,1.000000,combined,16,0.050000,1,0.167742,0.832258,81,0.558621,0.558621,0.000000,0.000000,0.558621,0.000000,0,-0.815552,0,0,0.020,0.010
s1238,combined_wear_leveling,1.000000,combined,16,0.100000,2,0.253763,0.746237,262,0.451724,0.465517,0.000190,0.030534,0.451724,0.000000,0,-0.568019,0,0,0.018,0.033
s1238,combined_wear_leveling,1.000000,combined,16,0.150000,3,0.348387,0.651613,565,0.432950,0.512644,0.003232,0.184071,0.432950,0.000000,0,-0.732646,0,0,0.031,0.085
s1238,combined_wear_leveling,1.000000,combined,16,0.200000,4,0.439785,0.560215,1211,0.521983,0.556897,0.001933,0.066887,0.521983,0.000000,0,-0.658732,0,0,0.044,0.112
s1238,combined_wear_leveling,1.000000,combined,16,0.250000,5,0.526882,0.473118,1612,0.444690,0.497931,0.002167,0.119727,0.444690,0.000000,0,-0.469558,0,0,0.056,0.151
s1238,combined_wear_leveling,1.000000,combined,16,0.300000,5,0.526882,0.473118,1612,0.444690,0.497931,0.002167,0.119727,0.444690,0.000000,0,-0.469558,0,0,0.055,0.106
s1238,combined_wear_leveling,1.000000,combined,16,0.350000,6,0.615054,0.384946,2243,0.429693,0.487356,0.001459,0.134195,0.429693,0.000000,0,-0.304028,0,0,0.069,0.182
s1238,combined_wear_leveling,1.000000,combined,16,0.400000,7,0.690323,0.309677,2967,0.417593,0.465025,0.000942,0.113583,0.417593,0.000000,0,-0.158673,1,1,0.082,0.247
s1238,combined_wear_leveling,1.000000,combined,16,0.450000,8,0.759140,0.240860,4332,0.466810,0.562069,0.003107,0.204063,0.466810,0.000000,0,-0.385313,0,0,0.095,0.315
s1238,combined_wear_leveling,1.000000,combined,16,0.500000,9,0.825806,0.174194,5441,0.463261,0.560920,0.003126,0.210807,0.463261,0.000000,0,-0.315948,0,1,0.110,0.413
s1238,combined_wear_leveling,1.000000,combined,16,0.550000,10,0.892473,0.107527,7174,0.494759,0.577931,0.002355,0.168107,0.494759,0.000000,0,-0.232559,0,0,0.121,0.220
s1238,combined_wear_leveling,1.000000,combined,16,0.600000,11,0.922581,0.077419,8569,0.488401,0.555486,0.002381,0.137356,0.488401,0.000000,0,-0.179317,0,0,0.024,0.111
s1238,combined_wear_leveling,1.000000,combined,16,0.650000,12,0.947312,0.052688,9995,0.478688,0.543103,0.002189,0.134567,0.478688,0.000000,0,-0.120369,0,0,0.026,0.129
s1238,combined_wear_leveling,1.000000,combined,16,0.700000,13,0.965591,0.034409,11721,0.478311,0.541645,0.002295,0.132412,0.478311,0.000000,0,-0.108695,0,0,0.028,0.150
s1238,combined_wear_leveling,1.000000,combined,16,0.750000,14,0.981720,0.018280,13531,0.476108,0.541379,0.002311,0.137093,0.476108,0.000000,0,-0.091538,0,0,0.030,0.171
s1238,combined_wear_leveling,1.000000,combined,16,0.800000,14,0.981720,0.018280,13531,0.476108,0.541379,0.002311,0.137093,0.476108,0.000000,0,-0.091538,0,0,0.030,0.163
s1238,combined_wear_leveling,1.000000,combined,16,0.850000,15,0.991398,0.008602,15354,0.470621,0.540230,0.002537,0.147909,0.470621,0.000000,0,-0.093466,0,1,0.031,0.186
s1238,combined_wear_leveling,1.000000,combined,16,0.900000,16,0.996774,0.003226,18207,0.490490,0.545259,0.001100,0.111660,0.490490,0.000000,0,0.000953,0,0,0.032,0.207
s1238,combined_wear_leveling,1.000000,combined,16,0.950000,17,0.998925,0.001075,20636,0.492447,0.549696,0.001288,0.116253,0.495132,0.000004,0,-0.017088,0,0,0.034,0.223
s1238,combined_wear_leveling,1.000000,combined,16,1.000000,18,1.000000,0.000000,22683,0.482822,0.535249,0.000998,0.108584,0.483716,0.000001,1,0.027561,1,1,0.043,0.239
s1238,co_wear,0.000000,combined,16,0.050000,1,0.167742,0.832258,81,0.558621,0.558621,0.000000,0.000000,0.558621,0.000000,0,-0.789885,0,0,0.009,0.007
s1238,co_wear,0.000000,combined,16,0.100000,2,0.262366,0.737634,282,0.486207,0.582759,0.009322,0.198582,0.486207,0.000000,0,-0.900221,0,0,0.002,0.020
s1238,co_wear,0.000000,combined,16,0.150000,3,0.353763,0.646237,726,0.556322,0.600000,0.003618,0.078512,0.556322,0.000000,0,-0.732738,0,0,0.001,0.035
s1238,co_wear,0.000000,combined,16,0.200000,4,0.441935,0.558065,1263,0.544397,0.610345,0.001521,0.121140,0.544397,0.000000,0,-0.586124,0,0,0.001,0.059
s1238,co_wear,0.000000,combined,16,0.250000,5,0.529032,0.470968,1590,0.438621,0.510345,0.002482,0.163522,0.438621,0.000000,0,-0.348211,0,0,0.001,0.072
s1238,co_wear,0.000000,combined,16,0.300000,5,0.529032,0.470968,1590,0.438621,0.510345,0.002482,0.163522,0.438621,0.000000,0,-0.348211,0,0,0.001,0.048
s1238,co_wear,0.000000,combined,16,0.350000,6,0.615054,0.384946,2243,0.429693,0.487356,0.001459,0.134195,0.429693,0.000000,0,-0.207916,0,0,0.001,0.105
s1238,co_wear,0.000000,combined,16,0.400000,7,0.690323,0.309677,2967,0.417593,0.465025,0.000942,0.113583,0.417593,0.000000,0,-0.089677,1,1,0.001,0.148
s1238,co_wear,0.000000,combined,16,0.450000,8,0.759140,0.240860,4332,0.466810,0.562069,0.003107,0.204063,0.466810,0.000000,0,-0.202463,0,1,0.001,0.192
s1238,co_wear,0.000000,combined,16,0.500000,9,0.825806,0.174194,5877,0.500383,0.580843,0.002207,0.160796,0.500383,0.000000,0,-0.157076,0,0,0.001,0.261
s1238,co_wear,0.000000,combined,16,0.550000,10,0.892473,0.107527,7174,0.494759,0.577931,0.002355,0.168107,0.494759,0.000000,0,-0.086976,0,0,0.001,0.320
s1238,co_wear,0.000000,combined,16,0.600000,11,0.922581,0.077419,8569,0.488401,0.555486,0.002381,0.137356,0.488401,0.000000,0,-0.033476,0,0,0.001,0.413
s1238,co_wear,0.000000,combined,16,0.650000,12,0.947312,0.052688,9995,0.478688,0.543103,0.002189,0.134567,0.478688,0.000000,0,0.015227,0,0,0.001,0.483
s1238,co_wear,0.000000,combined,16,0.700000,13,0.965591,0.034409,11721,0.478311,0.541645,0.002295,0.132412,0.478311,0.000000,0,0.032195,0,0,0.002,0.559
s1238,co_wear,0.000000,combined,16,0.750000,14,0.981720,0.018280,13531,0.476108,0.541379,0.002311,0.137093,0.476108,0.000000,0,0.050106,0,0,0.001,0.617
s1238,co_wear,0.000000,combined,16,0.800000,14,0.981720,0.018280,13531,0.476108,0.541379,0.002311,0.137093,0.476108,0.000000,0,0.050106,0,0,0.001,0.596
s1238,co_wear,0.000000,combined,16,0.850000,15,0.991398,0.008602,15354,0.470621,0.540230,0.002537,0.147909,0.470621,0.000000,0,0.059566,0,1,0.001,0.677
s1238,co_wear,0.000000,combined,16,0.900000,16,0.996774,0.003226,18207,0.490490,0.545259,0.001100,0.111660,0.490490,0.000000,0,0.081582,0,0,0.001,0.763
s1238,co_wear,0.000000,combined,16,0.950000,17,0.998925,0.001075,20636,0.492447,0.549696,0.001288,0.116253,0.495132,0.000004,0,0.073284,0,0,0.002,0.811
s1238,co_wear,0.000000,combined,16,1.000000,18,1.000000,0.000000,22683,0.482822,0.535249,0.000998,0.108584,0.483716,0.000001,1,0.102596,1,1,0.002,0.870
s1238,co_wear,0.250000,combined,16,0.050000,1,0.167742,0.832258,81,0.558621,0.558621,0.000000,0.000000,0.558621,0.000000,0,-0.812970,0,0,0.009,0.008
s1238,co_wear,0.250000,combined,16,0.100000,2,0.253763,0.746237,262,0.451724,0.465517,0.000190,0.030534,0.451724,0.000000,0,-0.559572,1,0,0.002,0.017
s1238,co_wear,0.250000,combined,16,0.150000,3,0.348387,0.651613,565,0.432950,0.512644,0.003232,0.184071,0.432950,0.000000,0,-0.623331,0,1,0.001,0.041
s1238,co_wear,0.250000,combined,16,0.200000,4,0.435484,0.564516,1164,0.501724,0.581034,0.005648,0.158076,0.501724,0.000000,0,-0.763590,0,0,0.001,0.051
s1238,co_wear,0.250000,combined,16,0.250000,5,0.502151,0.497849,1839,0.507310,0.533793,0.000866,0.052202,0.507310,0.000000,0,-0.449617,0,0,0.001,0.085
s1238,co_wear,0.250000,combined,16,0.300000,5,0.502151,0.497849,1839,0.507310,0.533793,0.000866,0.052202,0.507310,0.000000,0,-0.449617,0,0,0.001,0.059
s1238,co_wear,0.250000,combined,16,0.350000,6,0.590323,0.409677,2446,0.468582,0.513793,0.000671,0.096484,0.468582,0.000000,0,-0.300906,0,0,0.001,0.097
s1238,co_wear,0.250000,combined,16,0.400000,7,0.665591,0.334409,3190,0.448980,0.487685,0.000422,0.086207,0.448980,0.000000,0,-0.174635,1,1,0.001,0.145
s1238,co_wear,0.250000,combined,16,0.450000,8,0.734409,0.265591,4459,0.480496,0.568103,0.002598,0.182328,0.480496,0.000000,0,-0.299520,0,0,0.001,0.216
s1238,co_wear,0.250000,combined,16,0.500000,9,0.825806,0.174194,5441,0.463261,0.560920,0.003126,0.210807,0.463261,0.000000,0,-0.209907,0,1,0.001,0.252
s1238,co_wear,0.250000,combined,16,0.550000,10,0.892473,0.107527,7174,0.494759,0.577931,0.002355,0.168107,0.494759,0.000000,0,-0.151949,0,0,0.001,0.322
s1238,co_wear,0.250000,combined,16,0.600000,11,0.908602,0.091398,8604,0.490396,0.574295,0.002312,0.171083,0.490396,0.000000,0,-0.126882,0,0,0.002,0.403
s1238,co_wear,0.250000,combined,16,0.650000,12,0.938710,0.061290,10125,0.484914,0.554023,0.002361,0.142519,0.484914,0.000000,0,-0.076567,0,0,0.002,0.460
s1238,co_wear,0.250000,combined,16,0.700000,13,0.963441,0.036559,11673,0.476352,0.542706,0.002205,0.139296,0.476352,0.000000,0,-0.027536,0,0,0.001,0.560
s1238,co_wear,0.250000,combined,16,0.750000,14,0.965591,0.034409,13592,0.478255,0.548276,0.002418,0.146410,0.478255,0.000000,0,-0.041323,0,0,0.002,0.587
s1238,co_wear,0.250000,combined,16,0.800000,14,0.965591,0.034409,13592,0.478255,0.548276,0.002418,0.146410,0.478255,0.000000,0,-0.041323,0,0,0.001,0.551
s1238,co_wear,0.250000,combined,16,0.850000,15,0.983871,0.016129,15594,0.477977,0.546667,0.002508,0.143709,0.477977,0.000000,0,-0.025369,0,0,0.002,0.675
s1238,co_wear,0.250000,combined,16,0.900000,16,0.984946,0.015054,17371,0.467969,0.530603,0.001923,0.133844,0.467969,0.000000,0,0.024355,1,1,0.001,0.757
s1238,co_wear,0.250000,combined,16,0.950000,17,0.990323,0.009677,20514,0.489536,0.541582,0.001231,0.106318,0.489706,0.000001,1,0.031609,0,0,0.002,0.847
s1238,co_wear,0.250000,combined,16,1.000000,18,1.000000,0.000000,22683,0.482822,0.535249,0.000998,0.108584,0.483716,0.000001,1,0.063064,1,1,0.003,0.890
s1238,co_wear,0.500000,combined,16,0.050000,1,0.167742,0.832258,81,0.558621,0.558621,0.000000,0.000000,0.558621,0.000000,0,-0.795115,0,0,0.006,0.008
s1238,co_wear,0.500000,combined,16,0.100000,2,0.253763,0.746237,262,0.451724,0.465517,0.000190,0.030534,0.451724,0.000000,0,-0.552489,0,0,0.002,0.016
s1238,co_wear,0.500000,combined,16,0.150000,3,0.320430,0.679570,585,0.448276,0.457471,0.000056,0.020513,0.448276,0.000000,0,-0.464657,0,0,0.001,0.033
s1238,co_wear,0.500000,combined,16,0.200000,4,0.407527,0.592473,886,0.381897,0.398276,0.000294,0.042889,0.381897,0.000000,0,-0.289316,1,1,0.001,0.048
s1238,co_wear,0.500000,combined,16,0.250000,5,0.476344,0.523656,1549,0.427310,0.508966,0.002136,0.191091,0.427310,0.000000,0,-0.509882,1,1,0.001,0.074
s1238,co_wear,0.500000,combined,16,0.300000,5,0.476344,0.523656,1549,0.427310,0.508966,0.002136,0.191091,0.427310,0.000000,0,-0.509882,1,1,0.001,0.049
s1238,co_wear,0.500000,combined,16,0.350000,6,0.570968,0.429032,2822,0.540613,0.603448,0.001372,0.116230,0.540613,0.000000,0,-0.529835,0,0,0.001,0.118
s1238,co_wear,0.500000,combined,16,0.400000,7,0.646237,0.353763,3608,0.507811,0.564532,0.000913,0.111696,0.507811,0.000000,0,-0.353859,0,0,0.001,0.181
s1238,co_wear,0.500000,combined,16,0.450000,8,0.734409,0.265591,4459,0.480496,0.568103,0.002598,0.182328,0.480496,0.000000,0,-0.387807,0,0,0.001,0.184
s1238,co_wear,0.500000,combined,16,0.500000,9,0.750538,0.249462,5595,0.476373,0.564751,0.002444,0.185523,0.476373,0.000000,0,-0.352120,0,0,0.001,0.251
s1238,co_wear,0.500000,combined,16,0.550000,10,0.841935,0.158065,6685,0.461034,0.558621,0.002933,0.211668,0.461034,0.000000,0,-0.283576,0,1,0.001,0.318
s1238,co_wear,0.500000,combined,16,0.600000,11,0.908602,0.091398,8604,0.490396,0.574295,0.002312,0.171083,0.490396,0.000000,0,-0.203275,0,0,0.001,0.400
s1238,co_wear,0.500000,combined,16,0.650000,12,0.910753,0.089247,10251,0.490948,0.578161,0.002527,0.177641,0.490948,0.000000,0,-0.223122,0,0,0.001,0.444
s1238,co_wear,0.500000,combined,16,0.700000,13,0.940860,0.059140,11910,0.486023,0.559151,0.002570,0.150462,0.486023,0.000000,0,-0.176546,0,0,0.002,0.505
s1238,co_wear,0.500000,combined,16,0.750000,14,0.965591,0.034409,13592,0.478255,0.548276,0.002418,0.146410,0.478255,0.000000,0,-0.122887,0,0,0.002,0.579
s1238,co_wear,0.500000,combined,16,0.800000,14,0.965591,0.034409,13592,0.478255,0.548276,0.002418,0.146410,0.478255,0.000000,0,-0.122887,0,0,0.001,0.545
s1238,co_wear,0.500000,combined,16,0.850000,15,0.966667,0.033333,15273,0.468138,0.531034,0.001821,0.134355,0.468138,0.000000,0,-0.047525,0,0,0.002,0.647
s1238,co_wear,0.500000,combined,16,0.900000,16,0.984946,0.015054,17371,0.467969,0.530603,0.001923,0.133844,0.467969,0.000000,0,-0.037493,1,1,0.001,0.732
s1238,co_wear,0.500000,combined,16,0.950000,17,0.990323,0.009677,20514,0.489536,0.541582,0.001231,0.106318,0.489706,0.000001,1,-0.001533,0,0,0.002,0.825
s1238,co_wear,0.500000,combined,16,1.000000,18,1.000000,0.000000,22683,0.482822,0.535249,0.000998,0.108584,0.483716,0.000001,1,0.039272,1,1,0.003,0.870
s1238,co_wear,0.750000,combined,16,0.050000,1,0.167742,0.832258,81,0.558621,0.558621,0.000000,0.000000,0.558621,0.000000,0,-0.809750,0,0,0.015,0.012
s1238,co_wear,0.750000,combined,16,0.100000,2,0.253763,0.746237,262,0.451724,0.465517,0.000190,0.030534,0.451724,0.000000,0,-0.566477,0,0,0.002,0.032
s1238,co_wear,0.750000,combined,16,0.150000,3,0.320430,0.679570,585,0.448276,0.457471,0.000056,0.020513,0.448276,0.000000,0,-0.477173,1,0,0.002,0.059
s1238,co_wear,0.750000,combined,16,0.200000,4,0.389247,0.610753,1028,0.443103,0.494828,0.000916,0.116732,0.443103,0.000000,0,-0.516992,1,0,0.000,0.021
s1238,co_wear,0.750000,combined,16,0.250000,5,0.476344,0.523656,1549,0.427310,0.508966,0.002136,0.191091,0.427310,0.000000,0,-0.543340,1,1,0.000,0.026
s1238,co_wear,0.750000,combined,16,0.300000,5,0.476344,0.523656,1549,0.427310,0.508966,0.002136,0.191091,0.427310,0.000000,0,-0.543340,1,1,0.000,0.019
s1238,co_wear,0.750000,combined,16,0.350000,6,0.551613,0.448387,2323,0.445019,0.516092,0.001282,0.159707,0.445019,0.000000,0,-0.409177,1,1,0.002,0.035
s1238,co_wear,0.750000,combined,16,0.400000,7,0.567742,0.432258,3163,0.445179,0.519212,0.001280,0.166298,0.445179,0.000000,0,-0.395669,1,1,0.000,0.046
s1238,co_wear,0.750000,combined,16,0.450000,8,0.662366,0.337634,4650,0.501078,0.561207,0.001009,0.120000,0.501078,0.000000,0,-0.361310,0,0,0.000,0.065
s1238,co_wear,0.750000,combined,16,0.500000,9,0.664516,0.335484,5873,0.500043,0.567816,0.001349,0.135536,0.500043,0.000000,0,-0.396103,0,0,0.000,0.076
s1238,co_wear,0.750000,combined,16,0.550000,10,0.752688,0.247312,6924,0.477517,0.570345,0.002641,0.194396,0.477517,0.000000,0,-0.412233,0,0,0.000,0.090
s1238,co_wear,0.750000,combined,16,0.600000,11,0.819355,0.180645,8905,0.507552,0.584953,0.002307,0.152499,0.507552,0.000000,0,-0.353345,0,0,0.000,0.104
s1238,co_wear,0.750000,combined,16,0.650000,12,0.910753,0.089247,10251,0.490948,0.578161,0.002527,0.177641,0.490948,0.000000,0,-0.262080,0,0,0.000,0.121
s1238,co_wear,0.750000,combined,16,0.700000,13,0.911828,0.088172,11756,0.479739,0.555968,0.001853,0.158898,0.479739,0.000000,0,-0.168241,0,0,0.000,0.139
s1238,co_wear,0.750000,combined,16,0.750000,14,0.941935,0.058065,13505,0.475194,0.539901,0.001908,0.136172,0.475194,0.000000,0,-0.125479,0,0,0.000,0.158
s1238,co_wear,0.750000,combined,16,0.800000,14,0.941935,0.058065,13505,0.475194,0.539901,0.001908,0.136172,0.475194,0.000000,0,-0.125479,0,0,0.000,0.151
s1238,co_wear,0.750000,combined,16,0.850000,15,0.966667,0.033333,15273,0.468138,0.531034,0.001821,0.134355,0.468138,0.000000,0,-0.078591,0,0,0.001,0.178
s1238,co_wear,0.750000,combined,16,0.900000,16,0.984946,0.015054,17371,0.467969,0.530603,0.001923,0.133844,0.467969,0.000000,0,-0.069515,1,1,0.001,0.199
s1238,co_wear,0.750000,combined,16,0.950000,17,0.990323,0.009677,20514,0.489536,0.541582,0.001231,0.106318,0.489706,0.000001,1,-0.027323,0,0,0.001,0.221
s1238,co_wear,0.750000,combined,16,1.000000,18,1.000000,0.000000,22683,0.482822,0.535249,0.000998,0.108584,0.483716,0.000001,1,0.015844,1,1,0.001,0.236
s1238,co_wear,1.000000,combined,16,0.050000,1,0.167742,0.832258,81,0.558621,0.558621,0.000000,0.000000,0.558621,0.000000,0,-0.809750,0,0,0.005,0.006
s1238,co_wear,1.000000,combined,16,0.100000,2,0.253763,0.746237,262,0.451724,0.465517,0.000190,0.030534,0.451724,0.000000,0,-0.566477,0,0,0.002,0.014
s1238,co_wear,1.000000,combined,16,0.150000,3,0.320430,0.679570,585,0.448276,0.457471,0.000056,0.020513,0.448276,0.000000,0,-0.477173,1,0,0.001,0.030
s1238,co_wear,1.000000,combined,16,0.200000,4,0.336559,0.663441,1037,0.446983,0.470690,0.000235,0.053038,0.446983,0.000000,0,-0.488132,1,0,0.001,0.051
s1238,co_wear,1.000000,combined,16,0.250000,5,0.405376,0.594624,1610,0.444138,0.503448,0.001000,0.133540,0.444138,0.000000,0,-0.517144,1,0,0.001,0.078
s1238,co_wear,1.000000,combined,16,0.300000,5,0.405376,0.594624,1610,0.444138,0.503448,0.001000,0.133540,0.444138,0.000000,0,-0.517144,1,0,0.001,0.055
s1238,co_wear,1.000000,combined,16,0.350000,6,0.492473,0.507527,2247,0.430460,0.513793,0.001968,0.193591,0.430460,0.000000,0,-0.518244,1,1,0.001,0.086
s1238,co_wear,1.000000,combined,16,0.400000,7,0.567742,0.432258,3163,0.445179,0.519212,0.001280,0.166298,0.445179,0.000000,0,-0.395669,1,1,0.001,0.125
s1238,co_wear,1.000000,combined,16,0.450000,8,0.569892,0.430108,4172,0.449569,0.531897,0.001588,0.183126,0.449569,0.000000,0,-0.437450,0,1,0.001,0.161
s1238,co_wear,1.000000,combined,16,0.500000,9,0.664516,0.335484,5873,0.500043,0.567816,0.001349,0.135536,0.500043,0.000000,0,-0.396103,0,0,0.001,0.226
s1238,co_wear,1.000000,combined,16,0.550000,10,0.752688,0.247312,6924,0.477517,0.570345,0.002641,0.194396,0.477517,0.000000,0,-0.412233,0,0,0.001,0.268
s1238,co_wear,1.000000,combined,16,0.600000,11,0.819355,0.180645,8905,0.507552,0.584953,0.002307,0.152499,0.507552,0.000000,0,-0.353345,0,0,0.001,0.339
s1238,co_wear,1.000000,combined,16,0.650000,12,0.820430,0.179570,10338,0.495115,0.560345,0.001688,0.131747,0.495115,0.000000,0,-0.261473,0,0,0.001,0.402
s1238,co_wear,1.000000,combined,16,0.700000,13,0.911828,0.088172,11756,0.479739,0.555968,0.001853,0.158898,0.479739,0.000000,0,-0.168241,0,0,0.001,0.461
s1238,co_wear,1.000000,combined,16,0.750000,14,0.936559,0.063441,13672,0.481070,0.546798,0.001792,0.136630,0.481070,0.000000,0,-0.131049,0,0,0.001,0.518
s1238,co_wear,1.000000,combined,16,0.800000,14,0.936559,0.063441,13672,0.481070,0.546798,0.001792,0.136630,0.481070,0.000000,0,-0.131049,0,0,0.001,0.500
s1238,co_wear,1.000000,combined,16,0.850000,15,0.966667,0.033333,15273,0.468138,0.531034,0.001821,0.134355,0.468138,0.000000,0,-0.078591,0,0,0.002,0.659
s1238,co_wear,1.000000,combined,16,0.900000,16,0.984946,0.015054,17371,0.467969,0.530603,0.001923,0.133844,0.467969,0.000000,0,-0.069515,1,1,0.002,0.747
s1238,co_wear,1.000000,combined,16,0.950000,17,0.990323,0.009677,20514,0.489536,0.541582,0.001231,0.106318,0.489706,0.000001,1,-0.027323,0,0,0.002,0.819
s1238,co_wear,1.000000,combined,16,1.000000,18,1.000000,0.000000,22683,0.482822,0.535249,0.000998,0.108584,0.483716,0.000001,1,0.015844,1,1,0.002,0.890
s1238,co_wear_leveling,0.000000,combined,16,0.050000,1,0.167742,0.832258,81,0.558621,0.558621,0.000000,0.000000,0.558621,0.000000,0,-0.789885,0,0,0.011,0.008
s1238,co_wear_leveling,0.000000,combined,16,0.100000,2,0.262366,0.737634,282,0.486207,0.582759,0.009322,0.198582,0.486207,0.000000,0,-0.900221,0,0,0.011,0.019
s1238,co_wear_leveling,0.000000,combined,16,0.150000,3,0.353763,0.646237,726,0.556322,0.600000,0.003618,0.078512,0.556322,0.000000,0,-0.732738,0,0,0.017,0.038
s1238,co_wear_leveling,0.000000,combined,16,0.200000,4,0.441935,0.558065,1263,0.544397,0.610345,0.001521,0.121140,0.544397,0.000000,0,-0.586124,0,0,0.022,0.053
s1238,co_wear_leveling,0.000000,combined,16,0.250000,5,0.529032,0.470968,1590,0.438621,0.510345,0.002482,0.163522,0.438621,0.000000,0,-0.348211,0,0,0.029,0.068
s1238,co_wear_leveling,0.000000,combined,16,0.300000,5,0.529032,0.470968,1590,0.438621,0.510345,0.002482,0.163522,0.438621,0.000000,0,-0.348211,0,0,0.028,0.047
s1238,co_wear_leveling,0.000000,combined,16,0.350000,6,0.615054,0.384946,2243,0.429693,0.487356,0.001459,0.134195,0.429693,0.000000,0,-0.207916,0,0,0.034,0.100
s1238,co_wear_leveling,0.000000,combined,16,0.400000,7,0.690323,0.309677,2967,0.417593,0.465025,0.000942,0.113583,0.417593,0.000000,0,-0.089677,1,1,0.048,0.142
s1238,co_wear_leveling,0.000000,combined,16,0.450000,8,0.759140,0.240860,4332,0.466810,0.562069,0.003107,0.204063,0.466810,0.000000,0,-0.202463,0,1,0.048,0.197
s1238,co_wear_leveling,0.000000,combined,16,0.500000,9,0.825806,0.174194,5877,0.500383,0.580843,0.002207,0.160796,0.500383,0.000000,0,-0.157076,0,0,0.058,0.253
s1238,co_wear_leveling,0.000000,combined,16,0.550000,10,0.892473,0.107527,7174,0.494759,0.577931,0.002355,0.168107,0.494759,0.000000,0,-0.086976,0,0,0.065,0.324
s1238,co_wear_leveling,0.000000,combined,16,0.600000,11,0.922581,0.077419,8569,0.488401,0.555486,0.002381,0.137356,0.488401,0.000000,0,-0.033476,0,0,0.071,0.412
s1238,co_wear_leveling,0.000000,combined,16,0.650000,12,0.947312,0.052688,9995,0.478688,0.543103,0.002189,0.134567,0.478688,0.000000,0,0.015227,0,0,0.088,0.478
s1238,co_wear_leveling,0.000000,combined,16,0.700000,13,0.965591,0.034409,11721,0.478311,0.541645,0.002295,0.132412,0.478311,0.000000,0,0.032195,0,0,0.082,0.544
s1238,co_wear_leveling,0.000000,combined,16,0.750000,14,0.981720,0.018280,13531,0.476108,0.541379,0.002311,0.137093,0.476108,0.000000,0,0.050106,0,0,0.088,0.611
s1238,co_wear_leveling,0.000000,combined,16,0.800000,14,0.981720,0.018280,13531,0.476108,0.541379,0.002311,0.137093,0.476108,0.000000,0,0.050106,0,0,0.087,0.276
s1238,co_wear_leveling,0.000000,combined,16,0.850000,15,0.991398,0.008602,15354,0.470621,0.540230,0.002537,0.147909,0.470621,0.000000,0,0.059566,0,1,0.017,0.132
s1238,co_wear_leveling,0.000000,combined,16,0.900000,16,0.996774,0.003226,18207,0.490490,0.545259,0.001100,0.111660,0.490490,0.000000,0,0.081582,0,0,0.018,0.147
s1238,co_wear_leveling,0.000000,combined,16,0.950000,17,0.998925,0.001075,20636,0.492447,0.549696,0.001288,0.116253,0.495132,0.000004,0,0.073284,0,0,0.019,0.156
s1238,co_wear_leveling,0.000000,combined,16,1.000000,18,1.000000,0.000000,22683,0.482822,0.535249,0.000998,0.108584,0.483716,0.000001,1,0.102596,1,1,0.024,0.170
s1238,co_wear_leveling,0.250000,combined,16,0.050000,1,0.167742,0.832258,81,0.558621,0.558621,0.000000,0.000000,0.558621,0.000000,0,-0.789885,0,0,0.013,0.008
s1238,co_wear_leveling,0.250000,combined,16,0.100000,2,0.262366,0.737634,282,0.486207,0.582759,0.009322,0.198582,0.486207,0.000000,0,-0.900221,0,0,0.011,0.019
s1238,co_wear_leveling,0.250000,combined,16,0.150000,3,0.353763,0.646237,726,0.556322,0.600000,0.003618,0.078512,0.556322,0.000000,0,-0.732738,0,0,0.016,0.038
s1238,co_wear_leveling,0.250000,combined,16,0.200000,4,0.441935,0.558065,1263,0.544397,0.610345,0.001521,0.121140,0.544397,0.000000,0,-0.586124,0,0,0.022,0.056
s1238,co_wear_leveling,0.250000,combined,16,0.250000,5,0.529032,0.470968,1590,0.438621,0.510345,0.002482,0.163522,0.438621,0.000000,0,-0.348211,0,0,0.029,0.074
s1238,co_wear_leveling,0.250000,combined,16,0.300000,5,0.529032,0.470968,1590,0.438621,0.510345,0.002482,0.163522,0.438621,0.000000,0,-0.348211,0,0,0.028,0.054
s1238,co_wear_leveling,0.250000,combined,16,0.350000,6,0.615054,0.384946,2243,0.429693,0.487356,0.001459,0.134195,0.429693,0.000000,0,-0.207916,0,0,0.035,0.104
s1238,co_wear_leveling,0.250000,combined,16,0.400000,7,0.690323,0.309677,2967,0.417593,0.465025,0.000942,0.113583,0.417593,0.000000,0,-0.089677,1,1,0.042,0.139
s1238,co_wear_leveling,0.250000,combined,16,0.450000,8,0.759140,0.240860,4332,0.466810,0.562069,0.003107,0.204063,0.466810,0.000000,0,-0.202463,0,0,0.050,0.180
s1238,co_wear_leveling,0.250000,combined,16,0.500000,9,0.825806,0.174194,5441,0.463261,0.560920,0.003126,0.210807,0.463261,0.000000,0,-0.132189,0,1,0.056,0.248
s1238,co_wear_leveling,0.250000,combined,16,0.550000,10,0.892473,0.107527,7174,0.494759,0.577931,0.002355,0.168107,0.494759,0.000000,0,-0.086976,0,0,0.062,0.317
s1238,co_wear_leveling,0.250000,combined,16,0.600000,11,0.922581,0.077419,8569,0.488401,0.555486,0.002381,0.137356,0.488401,0.000000,0,-0.033476,0,0,0.084,0.396
s1238,co_wear_leveling,0.250000,combined,16,0.650000,12,0.947312,0.052688,9995,0.478688,0.543103,0.002189,0.134567,0.478688,0.000000,0,0.015227,0,0,0.077,0.480
s1238,co_wear_leveling,0.250000,combined,16,0.700000,13,0.965591,0.034409,11721,0.478311,0.541645,0.002295,0.132412,0.478311,0.000000,0,0.032195,0,0,0.086,0.544
s1238,co_wear_leveling,0.250000,combined,16,0.750000,14,0.981720,0.018280,13531,0.476108,0.541379,0.002311,0.137093,0.476108,0.000000,0,0.050106,0,0,0.087,0.618
s1238,co_wear_leveling,0.250000,combined,16,0.800000,14,0.981720,0.018280,13531,0.476108,0.541379,0.002311,0.137093,0.476108,0.000000,0,0.050106,0,0,0.088,0.576
s1238,co_wear_leveling,0.250000,combined,16,0.850000,15,0.991398,0.008602,15354,0.470621,0.540230,0.002537,0.147909,0.470621,0.000000,0,0.059566,0,1,0.091,0.694
s1238,co_wear_leveling,0.250000,combined,16,0.900000,16,0.996774,0.003226,18207,0.490490,0.545259,0.001100,0.111660,0.490490,0.000000,0,0.081582,0,0,0.095,0.736
s1238,co_wear_leveling,0.250000,combined,16,0.950000,17,0.998925,0.001075,20636,0.492447,0.549696,0.001288,0.116253,0.495132,0.000004,0,0.073284,0,0,0.094,0.711
s1238,co_wear_leveling,0.250000,combined,16,1.000000,18,1.000000,0.000000,22683,0.482822,0.535249,0.000998,0.108584,0.483716,0.000001,1,0.102596,1,1,0.102,0.700
s1238,co_wear_leveling,0.500000,combined,16,0.050000,1,0.167742,0.832258,81,0.558621,0.558621,0.000000,0.000000,0.558621,0.000000,0,-0.797775,0,0,0.011,0.008
s1238,co_wear_leveling,0.500000,combined,16,0.100000,2,0.262366,0.737634,282,0.486207,0.582759,0.009322,0.198582,0.486207,0.000000,0,-0.908452,0,0,0.011,0.019
s1238,co_wear_leveling,0.500000,combined,16,0.150000,3,0.353763,0.646237,726,0.556322,0.600000,0.003618,0.078512,0.556322,0.000000,0,-0.741212,0,0,0.016,0.041
s1238,co_wear_leveling,0.500000,combined,16,0.200000,4,0.439785,0.560215,1211,0.521983,0.556897,0.001933,0.066887,0.521983,0.000000,0,-0.543335,0,0,0.028,0.055
s1238,co_wear_leveling,0.500000,combined,16,0.250000,5,0.527957,0.472043,1840,0.507586,0.562759,0.000802,0.108696,0.507586,0.000000,0,-0.416840,0,0,0.029,0.075
s1238,co_wear_leveling,0.500000,combined,16,0.300000,5,0.527957,0.472043,1840,0.507586,0.562759,0.000802,0.108696,0.507586,0.000000,0,-0.416840,0,0,0.028,0.052
s1238,co_wear_leveling,0.500000,combined,16,0.350000,6,0.615054,0.384946,2243,0.429693,0.487356,0.001459,0.134195,0.429693,0.000000,0,-0.214799,0,0,0.034,0.109
s1238,co_wear_leveling,0.500000,combined,16,0.400000,7,0.690323,0.309677,2967,0.417593,0.465025,0.000942,0.113583,0.417593,0.000000,0,-0.096245,1,1,0.041,0.133
s1238,co_wear_leveling,0.500000,combined,16,0.450000,8,0.759140,0.240860,4332,0.466810,0.562069,0.003107,0.204063,0.466810,0.000000,0,-0.210402,0,0,0.048,0.182
s1238,co_wear_leveling,0.500000,combined,16,0.500000,9,0.825806,0.174194,5441,0.463261,0.560920,0.003126,0.210807,0.463261,0.000000,0,-0.140111,0,1,0.056,0.256
s1238,co_wear_leveling,0.500000,combined,16,0.550000,10,0.892473,0.107527,7174,0.494759,0.577931,0.002355,0.168107,0.494759,0.000000,0,-0.095139,0,0,0.063,0.320
s1238,co_wear_leveling,0.500000,combined,16,0.600000,11,0.922581,0.077419,8569,0.488401,0.555486,0.002381,0.137356,0.488401,0.000000,0,-0.041322,0,0,0.070,0.394
s1238,co_wear_leveling,0.500000,combined,16,0.650000,12,0.947312,0.052688,9995,0.478688,0.543103,0.002189,0.134567,0.478688,0.000000,0,0.007557,0,0,0.083,0.471
s1238,co_wear_leveling,0.500000,combined,16,0.700000,13,0.965591,0.034409,11721,0.478311,0.541645,0.002295,0.132412,0.478311,0.000000,0,0.024545,0,0,0.081,0.554
s1238,co_wear_leveling,0.500000,combined,16,0.750000,14,0.981720,0.018280,13531,0.476108,0.541379,0.002311,0.137093,0.476108,0.000000,0,0.042459,0,0,0.087,0.609
s1238,co_wear_leveling,0.500000,combined,16,0.800000,14,0.981720,0.018280,13531,0.476108,0.541379,0.002311,0.137093,0.476108,0.000000,0,0.042459,0,0,0.086,0.574
s1238,co_wear_leveling,0.500000,combined,16,0.850000,15,0.991398,0.008602,15354,0.470621,0.540230,0.002537,0.147909,0.470621,0.000000,0,0.051936,0,1,0.091,0.689
s1238,co_wear_leveling,0.500000,combined,16,0.900000,16,0.996774,0.003226,18207,0.490490,0.545259,0.001100,0.111660,0.490490,0.000000,0,0.073881,0,0,0.096,0.769
s1238,co_wear_leveling,0.500000,combined,16,0.950000,17,0.998925,0.001075,20636,0.492447,0.549696,0.001288,0.116253,0.495132,0.000004,0,0.065520,0,0,0.101,0.821
s1238,co_wear_leveling,0.500000,combined,16,1.000000,18,1.000000,0.000000,22683,0.482822,0.535249,0.000998,0.108584,0.483716,0.000001,1,0.095036,1,1,0.113,0.832
s1238,co_wear_leveling,0.750000,combined,16,0.050000,1,0.167742,0.832258,81,0.558621,0.558621,0.000000,0.000000,0.558621,0.000000,0,-0.811548,0,0,0.009,0.008
s1238,co_wear_leveling,0.750000,combined,16,0.100000,2,0.262366,0.737634,282,0.486207,0.582759,0.009322,0.198582,0.486207,0.000000,0,-0.922820,0,0,0.011,0.019
s1238,co_wear_leveling,0.750000,combined,16,0.150000,3,0.348387,0.651613,565,0.432950,0.512644,0.003232,0.184071,0.432950,0.000000,0,-0.565644,0,0,0.016,0.033
s1238,co_wear_leveling,0.750000,combined,16,0.200000,4,0.439785,0.560215,1211,0.521983,0.556897,0.001933,0.066887,0.521983,0.000000,0,-0.557065,0,0,0.023,0.054
s1238,co_wear_leveling,0.750000,combined,16,0.250000,5,0.526882,0.473118,1612,0.444690,0.497931,0.002167,0.119727,0.444690,0.000000,0,-0.356476,0,0,0.029,0.077
s1238,co_wear_leveling,0.750000,combined,16,0.300000,5,0.526882,0.473118,1612,0.444690,0.497931,0.002167,0.119727,0.444690,0.000000,0,-0.356476,0,0,0.028,0.054
s1238,co_wear_leveling,0.750000,combined,16,0.350000,6,0.615054,0.384946,2243,0.429693,0.487356,0.001459,0.134195,0.429693,0.000000,0,-0.226815,0,0,0.034,0.095
s1238,co_wear_leveling,0.750000,combined,16,0.400000,7,0.690323,0.309677,2967,0.417593,0.465025,0.000942,0.113583,0.417593,0.000000,0,-0.107710,1,1,0.042,0.135
s1238,co_wear_leveling,0.750000,combined,16,0.450000,8,0.759140,0.240860,4332,0.466810,0.562069,0.003107,0.204063,0.466810,0.000000,0,-0.224259,0,0,0.050,0.187
s1238,co_wear_leveling,0.750000,combined,16,0.500000,9,0.825806,0.174194,5441,0.463261,0.560920,0.003126,0.210807,0.463261,0.000000,0,-0.153941,0,1,0.056,0.248
s1238,co_wear_leveling,0.750000,combined,16,0.550000,10,0.892473,0.107527,7174,0.494759,0.577931,0.002355,0.168107,0.494759,0.000000,0,-0.109388,0,0,0.063,0.327
s1238,co_wear_leveling,0.750000,combined,16,0.600000,11,0.922581,0.077419,8569,0.488401,0.555486,0.002381,0.137356,0.488401,0.000000,0,-0.055017,0,0,0.078,0.393
s1238,co_wear_leveling,0.750000,combined,16,0.650000,12,0.947312,0.052688,9995,0.478688,0.543103,0.002189,0.134567,0.478688,0.000000,0,-0.005834,0,0,0.077,0.477
s1238,co_wear_leveling,0.750000,combined,16,0.700000,13,0.965591,0.034409,11721,0.478311,0.541645,0.002295,0.132412,0.478311,0.000000,0,0.011191,0,0,0.083,0.544
s1238,co_wear_leveling,0.750000,combined,16,0.750000,14,0.981720,0.018280,13531,0.476108,0.541379,0.002311,0.137093,0.476108,0.000000,0,0.029112,0,0,0.088,0.121
s1238,co_wear_leveling,0.750000,combined,16,0.800000,14,0.981720,0.018280,13531,0.476108,0.541379,0.002311,0.137093,0.476108,0.000000,0,0.029112,0,0,0.017,0.113
s1238,co_wear_leveling,0.750000,combined,16,0.850000,15,0.991398,0.008602,15354,0.470621,0.540230,0.002537,0.147909,0.470621,0.000000,0,0.038616,0,1,0.019,0.132
s1238,co_wear_leveling,0.750000,combined,16,0.900000,16,0.996774,0.003226,18207,0.490490,0.545259,0.001100,0.111660,0.490490,0.000000,0,0.060438,0,0,0.019,0.150
s1238,co_wear_leveling,0.750000,combined,16,0.950000,17,0.998925,0.001075,20636,0.492447,0.549696,0.001288,0.116253,0.495132,0.000004,0,0.051967,0,0,0.019,0.159
s1238,co_wear_leveling,0.750000,combined,16,1.000000,18,1.000000,0.000000,22683,0.482822,0.535249,0.000998,0.108584,0.483716,0.000001,1,0.081839,1,1,0.024,0.168
s1238,co_wear_leveling,1.000000,combined,16,0.050000,1,0.167742,0.832258,81,0.558621,0.558621,0.000000,0.000000,0.558621,0.000000,0,-0.815552,0,0,0.009,0.011
s1238,co_wear_leveling,1.000000,combined,16,0.100000,2,0.253763,0.746237,262,0.451724,0.465517,0.000190,0.030534,0.451724,0.000000,0,-0.568019,0,0,0.012,0.017
s1238,co_wear_leveling,1.000000,combined,16,0.150000,3,0.348387,0.651613,565,0.432950,0.512644,0.003232,0.184071,0.432950,0.000000,0,-0.732646,0,0,0.016,0.034
s1238,co_wear_leveling,1.000000,combined,16,0.200000,4,0.439785,0.560215,1211,0.521983,0.556897,0.001933,0.066887,0.521983,0.000000,0,-0.658732,0,0,0.022,0.057
s1238,co_wear_leveling,1.000000,combined,16,0.250000,5,0.526882,0.473118,1612,0.444690,0.497931,0.002167,0.119727,0.444690,0.000000,0,-0.469558,0,0,0.029,0.082
s1238,co_wear_leveling,1.000000,combined,16,0.300000,5,0.526882,0.473118,1612,0.444690,0.497931,0.002167,0.119727,0.444690,0.000000,0,-0.469558,0,0,0.028,0.052
s1238,co_wear_leveling,1.000000,combined,16,0.350000,6,0.615054,0.384946,2243,0.429693,0.487356,0.001459,0.134195,0.429693,0.000000,0,-0.304028,0,0,0.043,0.108
s1238,co_wear_leveling,1.000000,combined,16,0.400000,7,0.690323,0.309677,2967,0.417593,0.465025,0.000942,0.113583,0.417593,0.000000,0,-0.158673,1,1,0.042,0.133
s1238,co_wear_leveling,1.000000,combined,16,0.450000,8,0.759140,0.240860,4332,0.466810,0.562069,0.003107,0.204063,0.466810,0.000000,0,-0.385313,0,0,0.049,0.196
s1238,co_wear_leveling,1.000000,combined,16,0.500000,9,0.825806,0.174194,5441,0.463261,0.560920,0.003126,0.210807,0.463261,0.000000,0,-0.315948,0,1,0.057,0.255
s1238,co_wear_leveling,1.000000,combined,16,0.550000,10,0.892473,0.107527,7174,0.494759,0.577931,0.002355,0.168107,0.494759,0.000000,0,-0.232559,0,0,0.063,0.320
s1238,co_wear_leveling,1.000000,combined,16,0.600000,11,0.922581,0.077419,8569,0.488401,0.555486,0.002381,0.137356,0.488401,0.000000,0,-0.179317,0,0,0.073,0.401
s1238,co_wear_leveling,1.000000,combined,16,0.650000,12,0.947312,0.052688,9995,0.478688,0.543103,0.002189,0.134567,0.478688,0.000000,0,-0.120369,0,0,0.076,0.467
s1238,co_wear_leveling,1.000000,combined,16,0.700000,13,0.965591,0.034409,11721,0.478311,0.541645,0.002295,0.132412,0.478311,0.000000,0,-0.108695,0,0,0.080,0.557
s1238,co_wear_leveling,1.000000,combined,16,0.750000,14,0.981720,0.018280,13531,0.476108,0.541379,0.002311,0.137093,0.476108,0.000000,0,-0.091538,0,0,0.089,0.622
s1238,co_wear_leveling,1.000000,combined,16,0.800000,14,0.981720,0.018280,13531,0.476108,0.541379,0.002311,0.137093,0.476108,0.000000,0,-0.091538,0,0,0.088,0.570
s1238,co_wear_leveling,1.000000,combined,16,0.850000,15,0.991398,0.008602,15354,0.470621,0.540230,0.002537,0.147909,0.470621,0.000000,0,-0.093466,0,1,0.089,0.701
s1238,co_wear_leveling,1.000000,combined,16,0.900000,16,0.996774,0.003226,18207,0.490490,0.545259,0.001100,0.111660,0.490490,0.000000,0,0.000953,0,0,0.096,0.765
s1238,co_wear_leveling,1.000000,combined,16,0.950000,17,0.998925,0.001075,20636,0.492447,0.549696,0.001288,0.116253,0.495132,0.000004,0,-0.017088,0,0,0.102,0.824
s1238,co_wear_leveling,1.000000,combined,16,1.000000,18,1.000000,0.000000,22683,0.482822,0.535249,0.000998,0.108584,0.483716,0.000001,1,0.027561,1,1,0.124,0.875
s1238,random,0.500000,combined,16,0.050000,1,0.030108,0.969892,49,0.337931,0.337931,0.000000,0.000000,0.337931,0.000000,0,-0.547438,1,1,0.023,0.008
s1238,random,0.500000,combined,16,0.100000,2,0.121505,0.878495,311,0.536207,0.579310,0.001858,0.080386,0.536207,0.000000,0,-1.047712,0,0,0.012,0.020
s1238,random,0.500000,combined,16,0.150000,3,0.122581,0.877419,732,0.560920,0.611494,0.001504,0.090164,0.560920,0.000000,0,-1.053584,0,0,0.010,0.035
s1238,random,0.500000,combined,16,0.200000,4,0.217204,0.782796,1173,0.505603,0.534483,0.000880,0.057118,0.505603,0.000000,0,-0.773620,0,0,0.010,0.059
s1238,random,0.500000,combined,16,0.250000,5,0.226882,0.773118,1836,0.506483,0.550345,0.001283,0.086601,0.506483,0.000000,0,-0.824875,0,0,0.009,0.083
s1238,random,0.500000,combined,16,0.300000,5,0.226882,0.773118,1836,0.506483,0.550345,0.001283,0.086601,0.506483,0.000000,0,-0.824875,0,0,0.010,0.050
s1238,random,0.500000,combined,16,0.350000,6,0.313978,0.686022,2487,0.476437,0.529885,0.002135,0.112183,0.476437,0.000000,0,-0.793985,0,0,0.009,0.116
s1238,random,0.500000,combined,16,0.400000,7,0.380645,0.619355,3426,0.482196,0.521182,0.000626,0.080852,0.482196,0.000000,0,-0.548596,0,0,0.009,0.154
s1238,random,0.500000,combined,16,0.450000,8,0.382796,0.617204,4751,0.511961,0.557759,0.001000,0.089455,0.511961,0.000000,0,-0.646748,0,0,0.009,0.212
s1238,random,0.500000,combined,16,0.500000,9,0.550538,0.449462,5688,0.484291,0.532567,0.001137,0.099684,0.484291,0.000000,0,-0.449771,0,0,0.009,0.293
s1238,random,0.500000,combined,16,0.550000,10,0.555914,0.444086,7013,0.483655,0.530345,0.000890,0.096535,0.483655,0.000000,0,-0.413056,0,0,0.012,0.312
s1238,random,0.500000,combined,16,0.600000,11,0.572043,0.427957,8255,0.470504,0.512226,0.000545,0.088674,0.470504,0.000000,0,-0.330026,0,0,0.011,0.387
s1238,random,0.500000,combined,16,0.650000,12,0.647312,0.352688,9709,0.464990,0.502874,0.000421,0.081471,0.464990,0.000000,0,-0.227698,0,0,0.012,0.474
s1238,random,0.500000,combined,16,0.700000,13,0.672043,0.327957,11393,0.464926,0.489655,0.000249,0.053191,0.464926,0.000000,0,-0.171956,1,1,0.012,0.529
s1238,random,0.500000,combined,16,0.750000,14,0.690323,0.309677,13271,0.466960,0.499015,0.000277,0.068646,0.466960,0.000000,0,-0.166421,1,0,0.011,0.636
s1238,random,0.500000,combined,16,0.800000,14,0.690323,0.309677,13271,0.466960,0.499015,0.000277,0.068646,0.466960,0.000000,0,-0.166421,1,0,0.013,0.581
s1238,random,0.500000,combined,16,0.850000,15,0.759140,0.240860,16004,0.490544,0.541149,0.000762,0.103162,0.490544,0.000000,0,-0.209797,0,0,0.013,0.682
s1238,random,0.500000,combined,16,0.900000,16,0.845161,0.154839,17481,0.470932,0.516810,0.000657,0.097420,0.470932,0.000000,0,-0.074094,1,0,0.013,0.746
s1238,random,0.500000,combined,16,0.950000,17,0.933333,0.066667,19554,0.466627,0.523732,0.001184,0.122379,0.466684,0.000001,0,-0.049453,1,1,0.013,0.838
s1238,random,0.500000,combined,16,1.000000,18,1.000000,0.000000,22683,0.482822,0.535249,0.000998,0.108584,0.483716,0.000001,1,0.015077,1,1,0.014,0.884
s15850,co,0.500000,combined,16,0.050000,27,0.368492,0.631508,44880,0.462886,0.472849,0.000023,0.021524,0.465365,0.000004,2,-0.765013,1,0,0.028,0.538
s15850,co,0.500000,combined,16,0.100000,53,0.478500,0.521500,179162,0.479560,0.484608,0.000003,0.010527,0.480937,0.000001,4,-0.539562,0,0,0.022,1.597
s15850,co,0.500000,combined,16,0.150000,80,0.559294,0.440706,392161,0.460715,0.478571,0.000034,0.038757,0.469226,0.000018,12,-0.660006,0,1,0.021,3.021
s15850,co,0.500000,combined,16,0.200000,107,0.625627,0.374373,712743,0.468073,0.475722,0.000007,0.016341,0.472336,0.000002,12,-0.399785,1,0,0.022,4.677
s15850,co,0.500000,combined,16,0.250000,134,0.683185,0.316815,1116431,0.467488,0.479015,0.000010,0.024656,0.473081,0.000005,30,-0.369215,0,1,0.019,4.799
s15850,co,0.500000,combined,16,0.300000,160,0.730235,0.269765,1595170,0.468506,0.484539,0.000033,0.034222,0.479464,0.000024,35,-0.498195,0,1,0.025,6.436
s15850,co,0.500000,combined,16,0.350000,187,0.772272,0.227728,2209278,0.475024,0.484379,0.000008,0.019695,0.480271,0.000006,30,-0.279982,0,0,0.020,8.456
s15850,co,0.500000,combined,16,0.400000,214,0.810740,0.189260,2910518,0.477849,0.489389,0.000027,0.024150,0.485788,0.000024,27,-0.390876,0,0,0.024,11.314
s15850,co,0.500000,combined,16,0.450000,240,0.844485,0.155515,3633617,0.474313,0.482801,0.000013,0.017895,0.479964,0.000011,32,-0.237504,0,0,0.022,13.244
s15850,co,0.500000,combined,16,0.500000,267,0.876591,0.123409,4489476,0.473502,0.480668,0.000009,0.015135,0.478118,0.000008,38,-0.178323,0,0,0.022,15.651
s15850,co,0.500000,combined,16,0.550000,294,0.901755,0.098245,5434067,0.472692,0.480410,0.000014,0.016327,0.478567,0.000012,25,-0.183219,0,0,0.023,18.510
s15850,co,0.500000,combined,16,0.600000,320,0.924315,0.075685,6447493,0.473412,0.479300,0.000005,0.012437,0.477607,0.000004,39,-0.096064,0,0,0.022,21.574
s15850,co,0.500000,combined,16,0.650000,347,0.946105,0.053895,7636442,0.476849,0.480921,0.000002,0.008541,0.479131,0.000002,63,-0.058626,0,0,0.023,25.339
s15850,co,0.500000,combined,16,0.700000,374,0.965677,0.034323,8895297,0.478152,0.481464,0.000002,0.006928,0.480551,0.000002,68,-0.039505,0,0,0.024,28.796
s15850,co,0.500000,combined,16,0.750000,401,0.976861,0.023139,10138723,0.474070,0.476778,0.000002,0.005711,0.476240,0.000002,58,-0.019887,1,0,0.023,33.456
s15850,co,0.500000,combined,16,0.800000,427,0.983128,0.016872,11524567,0.475245,0.478104,0.000002,0.006016,0.477551,0.000002,74,-0.015878,1,0,0.024,39.506
s15850,co,0.500000,combined,16,0.850000,454,0.988334,0.011666,13018582,0.474898,0.480027,0.000002,0.010801,0.478096,0.000001,71,-0.011512,0,0,0.024,45.867
s15850,co,0.500000,combined,16,0.900000,481,0.993540,0.006460,14547103,0.472753,0.478124,0.000002,0.011359,0.476301,0.000002,83,-0.004103,1,0,0.025,52.624
s15850,co,0.500000,combined,16,0.950000,507,0.997397,0.002603,16156106,0.472573,0.482938,0.000008,0.021933,0.481209,0.000006,76,-0.044740,1,1,0.026,59.472
s15850,co,0.500000,combined,16,1.000000,534,1.000000,0.000000,17928805,0.472734,0.483498,0.000010,0.022769,0.481856,0.000008,79,-0.059594,1,1,0.026,66.907
s15850,combined,0.500000,combined,16,0.050000,27,0.368492,0.631508,44880,0.462886,0.472849,0.000023,0.021524,0.465365,0.000004,2,-0.765013,1,0,0.025,0.537
s15850,combined,0.500000,combined,16,0.100000,53,0.478500,0.521500,179162,0.479560,0.484608,0.000003,0.010527,0.480937,0.000001,4,-0.539562,0,0,0.022,1.122
s15850,combined,0.500000,combined,16,0.150000,80,0.559294,0.440706,392161,0.460715,0.478571,0.000034,0.038757,0.469226,0.000018,12,-0.660006,0,1,0.017,2.047
s15850,combined,0.500000,combined,16,0.200000,107,0.625627,0.374373,712743,0.468073,0.475722,0.000007,0.016341,0.472336,0.000002,12,-0.399785,1,0,0.016,3.164
s15850,combined,0.500000,combined,16,0.250000,134,0.683185,0.316815,1116431,0.467488,0.479015,0.000010,0.024656,0.473081,0.000005,30,-0.369215,0,1,0.019,4.639
s15850,combined,0.500000,combined,16,0.300000,160,0.730235,0.269765,1595170,0.468506,0.484539,0.000033,0.034222,0.479464,0.000024,35,-0.498195,0,1,0.019,6.381
s15850,combined,0.500000,combined,16,0.350000,187,0.772272,0.227728,2209278,0.475024,0.484379,0.000008,0.019695,0.480271,0.000006,30,-0.279982,0,0,0.019,8.412
s15850,combined,0.500000,combined,16,0.400000,214,0.810740,0.189260,2910518,0.477849,0.489389,0.000027,0.024150,0.485788,0.000024,27,-0.390876,0,0,0.020,10.701
s15850,combined,0.500000,combined,16,0.450000,240,0.844485,0.155515,3633617,0.474313,0.482801,0.000013,0.017895,0.479964,0.000011,32,-0.237504,0,0,0.021,12.817
s15850,combined,0.500000,combined,16,0.500000,267,0.876591,0.123409,4489476,0.473502,0.480668,0.000009,0.015135,0.478118,0.000008,38,-0.178323,0,0,0.020,15.435
s15850,combined,0.500000,combined,16,0.550000,294,0.901755,0.098245,5434067,0.472692,0.480410,0.000014,0.016327,0.478567,0.000012,25,-0.183219,0,0,0.022,18.426
s15850,combined,0.500000,combined,16,0.600000,320,0.924315,0.075685,6447493,0.473412,0.479300,0.000005,0.012437,0.477607,0.000004,39,-0.096064,0,0,0.021,21.847
s15850,combined,0.500000,combined,16,0.650000,347,0.946105,0.053895,7636442,0.476849,0.480921,0.000002,0.008541,0.479131,0.000002,63,-0.058626,0,0,0.023,26.163
s15850,combined,0.500000,combined,16,0.700000,374,0.965677,0.034323,8895297,0.478152,0.481464,0.000002,0.006928,0.480551,0.000002,68,-0.039505,0,0,0.025,28.975
s15850,combined,0.500000,combined,16,0.750000,401,0.976861,0.023139,10138723,0.474070,0.476778,0.000002,0.005711,0.476240,0.000002,58,-0.019887,1,0,0.024,33.649
s15850,combined,0.500000,combined,16,0.800000,427,0.983128,0.016872,11524567,0.475245,0.478104,0.000002,0.006016,0.477551,0.000002,74,-0.015878,1,0,0.025,37.863
s15850,combined,0.500000,combined,16,0.850000,454,0.988334,0.011666,13018582,0.474898,0.480027,0.000002,0.010801,0.478096,0.000001,71,-0.011512,0,0,0.027,42.528
s15850,combined,0.500000,combined,16,0.900000,481,0.993540,0.006460,14547103,0.472753,0.478124,0.000002,0.011359,0.476301,0.000002,83,-0.004103,1,0,0.025,47.498
s15850,combined,0.500000,combined,16,0.950000,507,0.997397,0.002603,16156106,0.472573,0.482938,0.000008,0.021933,0.481209,0.000006,76,-0.044740,1,1,0.026,52.775
s15850,combined,0.500000,combined,16,1.000000,534,1.000000,0.000000,17928805,0.472734,0.483498,0.000010,0.022769,0.481856,0.000008,79,-0.059594,1,1,0.027,58.923
s15850,combined_wear,0.000000,combined,16,0.050000,27,0.368492,0.631508,44880,0.462886,0.472849,0.000023,0.021524,0.465365,0.000004,2,-0.765013,1,0,0.022,0.342
s15850,combined_wear,0.000000,combined,16,0.100000,53,0.478500,0.521500,179162,0.479560,0.484608,0.000003,0.010527,0.480937,0.000001,4,-0.539562,0,0,0.015,0.995
s15850,combined_wear,0.000000,combined,16,0.150000,80,0.559294,0.440706,392161,0.460715,0.478571,0.000034,0.038757,0.469226,0.000018,12,-0.660006,0,1,0.015,1.932
s15850,combined_wear,0.000000,combined,16,0.200000,107,0.625627,0.374373,712743,0.468073,0.475722,0.000007,0.016341,0.472336,0.000002,12,-0.399785,1,0,0.015,3.026
s15850,combined_wear,0.000000,combined,16,0.250000,134,0.683185,0.316815,1116431,0.467488,0.479015,0.000010,0.024656,0.473081,0.000005,30,-0.369215,0,1,0.018,4.350
s15850,combined_wear,0.000000,combined,16,0.300000,160,0.730235,0.269765,1595170,0.468506,0.484539,0.000033,0.034222,0.479464,0.000024,35,-0.498195,0,1,0.019,6.007
s15850,combined_wear,0.000000,combined,16,0.350000,187,0.772272,0.227728,2209278,0.475024,0.484379,0.000008,0.019695,0.480271,0.000006,30,-0.279982,0,0,0.019,7.982
s15850,combined_wear,0.000000,combined,16,0.400000,214,0.810740,0.189260,2910518,0.477849,0.489389,0.000027,0.024150,0.485788,0.000024,27,-0.390876,0,0,0.020,10.201
s15850,combined_wear,0.000000,combined,16,0.450000,240,0.844485,0.155515,3633617,0.474313,0.482801,0.000013,0.017895,0.479964,0.000011,32,-0.237504,0,0,0.021,12.559
s15850,combined_wear,0.000000,combined,16,0.500000,267,0.876591,0.123409,4489476,0.473502,0.480668,0.000009,0.015135,0.478118,0.000008,38,-0.178323,0,0,0.021,15.250
s15850,combined_wear,0.000000,combined,16,0.550000,294,0.901755,0.098245,5434067,0.472692,0.480410,0.000014,0.016327,0.478567,0.000012,25,-0.183219,0,0,0.022,18.230
s15850,combined_wear,0.000000,combined,16,0.600000,320,0.924315,0.075685,6447493,0.473412,0.479300,0.000005,0.012437,0.477607,0.000004,39,-0.096064,0,0,0.022,22.078
s15850,combined_wear,0.000000,combined,16,0.650000,347,0.946105,0.053895,7636442,0.476849,0.480921,0.000002,0.008541,0.479131,0.000002,63,-0.058626,0,0,0.023,24.527
s15850,combined_wear,0.000000,combined,16,0.700000,374,0.965677,0.034323,8895297,0.478152,0.481464,0.000002,0.006928,0.480551,0.000002,68,-0.039505,0,0,0.023,28.780
s15850,combined_wear,0.000000,combined,16,0.750000,401,0.976861,0.023139,10138723,0.474070,0.476778,0.000002,0.005711,0.476240,0.000002,58,-0.019887,1,0,0.024,32.867
s15850,combined_wear,0.000000,combined,16,0.800000,427,0.983128,0.016872,11524567,0.475245,0.478104,0.000002,0.006016,0.477551,0.000002,74,-0.015878,1,0,0.025,37.160
s15850,combined_wear,0.000000,combined,16,0.850000,454,0.988334,0.011666,13018582,0.474898,0.480027,0.000002,0.010801,0.478096,0.000001,71,-0.011512,0,0,0.025,41.849
s15850,combined_wear,0.000000,combined,16,0.900000,481,0.993540,0.006460,14547103,0.472753,0.478124,0.000002,0.011359,0.476301,0.000002,83,-0.004103,1,0,0.025,46.804
s15850,combined_wear,0.000000,combined,16,0.950000,507,0.997397,0.002603,16156106,0.472573,0.482938,0.000008,0.021933,0.481209,0.000006,76,-0.044740,1,1,0.026,51.977
s15850,combined_wear,0.000000,combined,16,1.000000,534,1.000000,0.000000,17928805,0.472734,0.483498,0.000010,0.022769,0.481856,0.000008,79,-0.059594,1,1,0.028,57.265
s15850,combined_wear,0.250000,combined,16,0.050000,27,0.364250,0.635750,45714,0.471487,0.484266,0.000044,0.027103,0.475790,0.000008,3,-0.879934,0,0,0.022,0.377
s15850,combined_wear,0.250000,combined,16,0.100000,53,0.460760,0.539240,175610,0.470052,0.478224,0.000014,0.017385,0.474713,0.000005,7,-0.606635,0,0,0.016,1.160
s15850,combined_wear,0.250000,combined,16,0.150000,80,0.527189,0.472811,403756,0.474337,0.479511,0.000005,0.010908,0.476292,0.000001,14,-0.495283,0,0,0.016,2.081
s15850,combined_wear,0.250000,combined,16,0.200000,107,0.584555,0.415445,708831,0.465504,0.473825,0.000013,0.017875,0.470303,0.000006,20,-0.463657,1,1,0.017,3.191
s15850,combined_wear,0.250000,combined,16,0.250000,134,0.631026,0.368974,1130492,0.473376,0.477500,0.000003,0.008711,0.476030,0.000002,24,-0.374564,0,0,0.021,4.660
s15850,combined_wear,0.250000,combined,16,0.300000,160,0.664192,0.335808,1612575,0.473618,0.478242,0.000003,0.009764,0.476404,0.000001,19,-0.341035,0,0,0.021,6.383
s15850,combined_wear,0.250000,combined,16,0.350000,187,0.695912,0.304088,2207886,0.474725,0.481404,0.000008,0.014070,0.478502,0.000007,40,-0.345636,0,0,0.021,8.458
s15850,combined_wear,0.250000,combined,16,0.400000,214,0.728307,0.271693,2898484,0.475874,0.480254,0.000006,0.009206,0.479580,0.000005,44,-0.302007,0,0,0.024,10.768
s15850,combined_wear,0.250000,combined,16,0.450000,240,0.759738,0.240262,3640734,0.475242,0.479605,0.000006,0.009181,0.478836,0.000006,43,-0.270159,0,0,0.022,13.108
s15850,combined_wear,0.250000,combined,16,0.500000,267,0.778442,0.221558,4522993,0.477037,0.481823,0.000006,0.010033,0.481155,0.000005,67,-0.251375,0,0,0.024,15.595
s15850,combined_wear,0.250000,combined,16,0.550000,294,0.808909,0.191091,5448877,0.473981,0.478467,0.000006,0.009464,0.478227,0.000006,71,-0.217380,0,0,0.023,18.209
s15850,combined_wear,0.250000,combined,16,0.600000,320,0.827613,0.172387,6459037,0.474260,0.478900,0.000005,0.009785,0.478536,0.000004,69,-0.190808,0,0,0.025,21.204
s15850,combined_wear,0.250000,combined,16,0.650000,347,0.853741,0.146259,7557463,0.471917,0.476761,0.000004,0.010265,0.476035,0.000003,69,-0.154166,0,0,0.024,24.820
s15850,combined_wear,0.250000,combined,16,0.700000,374,0.876784,0.123216,8815501,0.473862,0.477725,0.000002,0.008152,0.476731,0.000001,53,-0.123264,0,0,0.025,28.499
s15850,combined_wear,0.250000,combined,16,0.750000,401,0.898380,0.101620,10139608,0.474112,0.478184,0.000002,0.008590,0.477288,0.000002,76,-0.105632,0,0,0.026,32.495
s15850,combined_wear,0.250000,combined,16,0.800000,427,0.917663,0.082337,11460352,0.472597,0.476748,0.000003,0.008784,0.476077,0.000003,109,-0.088846,0,0,0.026,36.832
s15850,combined_wear,0.250000,combined,16,0.850000,454,0.935017,0.064983,12936409,0.471900,0.476086,0.000004,0.008869,0.475654,0.000003,97,-0.072351,0,0,0.028,41.601
s15850,combined_wear,0.250000,combined,16,0.900000,481,0.963363,0.036637,14507059,0.471452,0.476013,0.000004,0.009675,0.475374,0.000004,82,-0.046177,1,0,0.027,46.891
s15850,combined_wear,0.250000,combined,16,0.950000,507,0.985152,0.014848,16108351,0.471176,0.479853,0.000008,0.018416,0.478785,0.000007,70,-0.049357,1,1,0.028,51.343
s15850,combined_wear,0.250000,combined,16,1.000000,534,1.000000,0.000000,17928805,0.472734,0.483498,0.000010,0.022769,0.481856,0.000008,79,-0.049938,1,1,0.028,57.512
s15850,combined_wear,0.500000,combined,16,0.050000,27,0.354898,0.645102,46399,0.478552,0.484545,0.000016,0.012522,0.480124,0.000001,3,-0.895102,0,0,0.020,0.344
s15850,combined_wear,0.500000,combined,16,0.100000,53,0.445141,0.554859,178598,0.478050,0.483898,0.000009,0.012234,0.481726,0.000004,8,-0.700407,0,0,0.015,1.084
s15850,combined_wear,0.500000,combined,16,0.150000,80,0.503664,0.496336,399841,0.469738,0.476880,0.000008,0.015204,0.473302,0.000004,11,-0.599332,0,0,0.014,1.926
s15850,combined_wear,0.500000,combined,16,0.200000,107,0.546761,0.453239,713250,0.468406,0.478041,0.000015,0.020569,0.475437,0.000010,20,-0.671733,0,0,0.014,3.004
s15850,combined_wear,0.500000,combined,16,0.250000,134,0.581084,0.418916,1116714,0.467607,0.472169,0.000004,0.009757,0.470405,0.000002,27,-0.463733,1,1,0.018,4.411
s15850,combined_wear,0.500000,combined,16,0.300000,160,0.616178,0.383822,1612033,0.473459,0.477444,0.000003,0.008416,0.476122,0.000002,33,-0.424992,0,0,0.019,5.972
s15850,combined_wear,0.500000,combined,16,0.350000,187,0.643367,0.356633,2198283,0.472660,0.476660,0.000003,0.008462,0.474820,0.000002,32,-0.391088,0,0,0.019,7.981
s15850,combined_wear,0.500000,combined,16,0.400000,214,0.674605,0.325395,2888934,0.474306,0.478603,0.000003,0.009060,0.477488,0.000002,20,-0.361733,0,0,0.020,10.102
s15850,combined_wear,0.500000,combined,16,0.450000,240,0.701986,0.298014,3617876,0.472258,0.475689,0.000003,0.007265,0.474411,0.000003,40,-0.334811,0,0,0.023,12.296
s15850,combined_wear,0.500000,combined,16,0.500000,267,0.732260,0.267740,4504965,0.475135,0.479513,0.000004,0.009215,0.478623,0.000004,45,-0.326458,0,0,0.021,15.023
s15850,combined_wear,0.500000,combined,16,0.550000,294,0.756749,0.243251,5444407,0.473592,0.476779,0.000002,0.006729,0.476210,0.000002,61,-0.267690,0,0,0.022,17.994
s15850,combined_wear,0.500000,combined,16,0.600000,320,0.785191,0.214809,6437816,0.472701,0.476927,0.000004,0.008938,0.476612,0.000003,63,-0.262297,0,0,0.022,21.319
s15850,combined_wear,0.500000,combined,16,0.650000,347,0.811705,0.188295,7514861,0.469257,0.474703,0.000008,0.011606,0.474268,0.000008,88,-0.298321,1,1,0.023,25.447
s15850,combined_wear,0.500000,combined,16,0.700000,374,0.834169,0.165831,8789563,0.472468,0.475574,0.000002,0.006574,0.475029,0.000002,81,-0.183747,1,0,0.025,28.704
s15850,combined_wear,0.500000,combined,16,0.750000,401,0.870035,0.129965,10109515,0.472705,0.477134,0.000004,0.009371,0.476238,0.000004,105,-0.176176,1,0,0.026,33.179
s15850,combined_wear,0.500000,combined,16,0.800000,427,0.892306,0.107694,11469364,0.472968,0.478298,0.000006,0.011268,0.477684,0.000005,69,-0.180756,0,0,0.026,36.824
s15850,combined_wear,0.500000,combined,16,0.850000,454,0.906575,0.093425,12952193,0.472476,0.477576,0.000004,0.010794,0.476509,0.000004,91,-0.144176,0,0,0.027,41.737
s15850,combined_wear,0.500000,combined,16,0.900000,481,0.947551,0.052449,14496764,0.471118,0.477483,0.000006,0.013511,0.476727,0.000005,85,-0.128646,1,0,0.026,46.539
s15850,combined_wear,0.500000,combined,16,0.950000,507,0.981489,0.018511,16105351,0.471089,0.479112,0.000007,0.017031,0.477983,0.000006,73,-0.117720,1,1,0.027,51.661
s15850,combined_wear,0.500000,combined,16,1.000000,534,1.000000,0.000000,17928805,0.472734,0.483498,0.000010,0.022769,0.481856,0.000008,79,-0.143904,1,1,0.028,58.192
s15850,combined_wear,0.750000,combined,16,0.050000,27,0.350848,0.649152,46740,0.482069,0.493177,0.000038,0.023042,0.485780,0.000006,3,-0.899152,0,0,0.021,0.354
s15850,combined_wear,0.750000,combined,16,0.100000,53,0.415638,0.584362,179921,0.481591,0.488154,0.000020,0.013628,0.485539,0.000007,4,-0.711384,0,0,0.015,1.064
s15850,combined_wear,0.750000,combined,16,0.150000,80,0.482646,0.517354,396035,0.465267,0.476316,0.000019,0.023748,0.472592,0.000009,12,-0.605588,0,1,0.017,2.039
s15850,combined_wear,0.750000,combined,16,0.200000,107,0.524103,0.475897,708762,0.465459,0.473825,0.000011,0.017974,0.471220,0.000007,11,-0.510478,0,1,0.015,3.148
s15850,combined_wear,0.750000,combined,16,0.250000,134,0.566236,0.433764,1133337,0.474567,0.478341,0.000005,0.007953,0.477065,0.000003,27,-0.445229,0,0,0.019,4.620
s15850,combined_wear,0.750000,combined,16,0.300000,160,0.598824,0.401176,1621333,0.476190,0.479088,0.000003,0.006086,0.477934,0.000001,21,-0.398097,0,0,0.020,6.350
s15850,combined_wear,0.750000,combined,16,0.350000,187,0.623506,0.376494,2198851,0.472782,0.476579,0.000002,0.008031,0.474740,0.000001,31,-0.365433,0,0,0.020,8.347
s15850,combined_wear,0.750000,combined,16,0.400000,214,0.650212,0.349788,2882850,0.473307,0.476565,0.000003,0.006884,0.475364,0.000002,38,-0.340539,0,0,0.020,10.549
s15850,combined_wear,0.750000,combined,16,0.450000,240,0.674508,0.325492,3614637,0.471835,0.478039,0.000006,0.013147,0.476192,0.000005,34,-0.339576,0,0,0.021,12.870
s15850,combined_wear,0.750000,combined,16,0.500000,267,0.703914,0.296086,4485073,0.473037,0.477627,0.000005,0.009702,0.476736,0.000004,49,-0.300865,0,0,0.021,15.003
s15850,combined_wear,0.750000,combined,16,0.550000,294,0.733320,0.266680,5434844,0.472760,0.475935,0.000002,0.006715,0.475468,0.000002,47,-0.253462,0,0,0.021,17.793
s15850,combined_wear,0.750000,combined,16,0.600000,320,0.761955,0.238045,6410520,0.470697,0.476410,0.000006,0.012136,0.475228,0.000005,69,-0.245828,0,0,0.022,20.880
s15850,combined_wear,0.750000,combined,16,0.650000,347,0.797532,0.202468,7502699,0.468497,0.473316,0.000007,0.010285,0.472952,0.000007,91,-0.215337,1,1,0.022,24.360
s15850,combined_wear,0.750000,combined,16,0.700000,374,0.824431,0.175569,8778027,0.471848,0.475333,0.000002,0.007385,0.474814,0.000002,72,-0.159328,1,0,0.023,28.509
s15850,combined_wear,0.750000,combined,16,0.750000,401,0.854030,0.145970,10091891,0.471881,0.476909,0.000004,0.010656,0.476111,0.000004,89,-0.145586,1,0,0.023,32.594
s15850,combined_wear,0.750000,combined,16,0.800000,427,0.882761,0.117239,11465670,0.472816,0.478245,0.000006,0.011482,0.477567,0.000005,67,-0.129998,0,0,0.024,36.627
s15850,combined_wear,0.750000,combined,16,0.850000,454,0.903683,0.096317,12945485,0.472232,0.477278,0.000004,0.010686,0.476035,0.000003,90,-0.096658,1,0,0.025,41.582
s15850,combined_wear,0.750000,combined,16,0.900000,481,0.933571,0.066429,14518539,0.471825,0.477827,0.000006,0.012720,0.477180,0.000005,87,-0.077999,1,0,0.025,47.926
s15850,combined_wear,0.750000,combined,16,0.950000,507,0.973004,0.026996,16060059,0.469764,0.478118,0.000007,0.017785,0.476801,0.000006,73,-0.047376,1,1,0.028,52.070
s15850,combined_wear,0.750000,combined,16,1.000000,534,1.000000,0.000000,17928805,0.472734,0.483498,0.000010,0.022769,0.481856,0.000008,79,-0.044366,1,1,0.028,59.064
s15850,combined_wear,1.000000,combined,16,0.050000,27,0.324431,0.675569,47209,0.486907,0.499304,0.000047,0.025461,0.490445,0.000006,3,-0.925569,0,0,0.022,0.348
s15850,combined_wear,1.000000,combined,16,0.100000,53,0.389510,0.610490,178982,0.479078,0.483898,0.000006,0.010062,0.480378,0.000001,0,-0.621406,0,0,0.014,1.086
s15850,combined_wear,1.000000,combined,16,0.150000,80,0.437235,0.562765,397512,0.467002,0.471617,0.000004,0.009881,0.468580,0.000002,10,-0.538117,1,1,0.014,1.953
s15850,combined_wear,1.000000,combined,16,0.200000,107,0.478789,0.521211,715087,0.469613,0.476214,0.000008,0.014057,0.473091,0.000005,18,-0.521956,0,0,0.014,3.048
s15850,combined_wear,1.000000,combined,16,0.250000,134,0.538758,0.461242,1132396,0.474173,0.479688,0.000005,0.011630,0.478008,0.000002,11,-0.455393,0,0,0.018,4.476
s15850,combined_wear,1.000000,combined,16,0.300000,160,0.575106,0.424894,1620455,0.475933,0.479840,0.000005,0.008211,0.479329,0.000004,32,-0.422670,0,0,0.018,6.101
s15850,combined_wear,1.000000,combined,16,0.350000,187,0.604126,0.395874,2199546,0.472931,0.476901,0.000002,0.008393,0.475084,0.000001,28,-0.372063,0,0,0.018,8.115
s15850,combined_wear,1.000000,combined,16,0.400000,214,0.640185,0.359815,2858209,0.469261,0.473052,0.000003,0.008077,0.471829,0.000002,25,-0.332280,1,1,0.020,10.141
s15850,combined_wear,1.000000,combined,16,0.450000,240,0.666699,0.333301,3634157,0.474383,0.478822,0.000003,0.009357,0.477814,0.000002,24,-0.315896,0,0,0.020,12.569
s15850,combined_wear,1.000000,combined,16,0.500000,267,0.698804,0.301196,4474939,0.471968,0.475486,0.000003,0.007454,0.474693,0.000002,50,-0.275447,0,0,0.021,15.316
s15850,combined_wear,1.000000,combined,16,0.550000,294,0.729753,0.270247,5409825,0.470584,0.473838,0.000002,0.006915,0.473064,0.000001,54,-0.239480,0,0,0.021,18.213
s15850,combined_wear,1.000000,combined,16,0.600000,320,0.758292,0.241708,6409647,0.470633,0.476645,0.000006,0.012773,0.475374,0.000005,70,-0.236550,0,0,0.022,21.407
s15850,combined_wear,1.000000,combined,16,0.650000,347,0.781142,0.218858,7527158,0.470024,0.473706,0.000004,0.007832,0.473323,0.000003,85,-0.196747,0,0,0.024,25.017
s15850,combined_wear,1.000000,combined,16,0.700000,374,0.805341,0.194659,8741843,0.469903,0.473483,0.000003,0.007619,0.472812,0.000003,89,-0.168950,1,1,0.024,28.595
s15850,combined_wear,1.000000,combined,16,0.750000,401,0.849595,0.150405,10096445,0.472094,0.476497,0.000004,0.009327,0.475699,0.000003,92,-0.132159,1,0,0.025,32.532
s15850,combined_wear,1.000000,combined,16,0.800000,427,0.875723,0.124277,11439562,0.471739,0.476642,0.000005,0.010394,0.475982,0.000004,70,-0.111587,1,0,0.025,38.392
s15850,combined_wear,1.000000,combined,16,0.850000,454,0.903683,0.096317,12945485,0.472232,0.477278,0.000004,0.010686,0.476035,0.000003,90,-0.080829,1,0,0.027,42.525
s15850,combined_wear,1.000000,combined,16,0.900000,481,0.932800,0.067200,14517290,0.471785,0.477639,0.000006,0.012409,0.477135,0.000005,89,-0.060108,1,0,0.026,47.474
s15850,combined_wear,1.000000,combined,16,0.950000,507,0.959892,0.040108,16096155,0.470820,0.478534,0.000008,0.016384,0.477563,0.000007,71,-0.042894,1,1,0.027,53.589
s15850,combined_wear,1.000000,combined,16,1.000000,534,1.000000,0.000000,17928805,0.472734,0.483498,0.000010,0.022769,0.481856,0.000008,79,-0.021445,1,1,0.029,58.761
s15850,combined_wear_leveling,0.000000,combined,16,0.050000,27,0.368492,0.631508,44880,0.462886,0.472849,0.000023,0.021524,0.465365,0.000004,2,-0.765013,1,0,2.595,0.357
s15850,combined_wear_leveling,0.000000,combined,16,0.100000,53,0.478500,0.521500,179162,0.479560,0.484608,0.000003,0.010527,0.480937,0.000001,4,-0.539562,0,0,10.069,1.046
s15850,combined_wear_leveling,0.000000,combined,16,0.150000,80,0.559294,0.440706,392161,0.460715,0.478571,0.000034,0.038757,0.469226,0.000018,12,-0.660006,0,1,22.934,1.951
s15850,combined_wear_leveling,0.000000,combined,16,0.200000,107,0.625627,0.374373,712743,0.468073,0.475722,0.000007,0.016341,0.472336,0.000002,12,-0.399785,1,0,41.562,3.022
s15850,combined_wear_leveling,0.000000,combined,16,0.250000,134,0.683185,0.316815,1116431,0.467488,0.479015,0.000010,0.024656,0.473081,0.000005,30,-0.369215,0,1,64.477,4.598
s15850,combined_wear_leveling,0.000000,combined,16,0.300000,160,0.730235,0.269765,1595170,0.468506,0.484539,0.000033,0.034222,0.479464,0.000024,35,-0.498195,0,1,89.991,6.018
s15850,combined_wear_leveling,0.000000,combined,16,0.350000,187,0.772272,0.227728,2209278,0.475024,0.484379,0.000008,0.019695,0.480271,0.000006,30,-0.279982,0,0,119.192,7.930
s15850,combined_wear_leveling,0.000000,combined,16,0.400000,214,0.810740,0.189260,2910518,0.477849,0.489389,0.000027,0.024150,0.485788,0.000024,27,-0.390876,0,0,153.566,10.147
s15850,combined_wear_leveling,0.000000,combined,16,0.450000,240,0.844485,0.155515,3633617,0.474313,0.482801,0.000013,0.017895,0.479964,0.000011,32,-0.237504,0,0,193.144,12.531
s15850,combined_wear_leveling,0.000000,combined,16,0.500000,267,0.876591,0.123409,4489476,0.473502,0.480668,0.000009,0.015135,0.478118,0.000008,38,-0.178323,0,0,224.183,15.210
s15850,combined_wear_leveling,0.000000,combined,16,0.550000,294,0.901755,0.098245,5434067,0.472692,0.480410,0.000014,0.016327,0.478567,0.000012,25,-0.183219,0,0,265.515,18.435
s15850,combined_wear_leveling,0.000000,combined,16,0.600000,320,0.924315,0.075685,6447493,0.473412,0.479300,0.000005,0.012437,0.477607,0.000004,39,-0.096064,0,0,300.542,22.093
s15850,combined_wear_leveling,0.000000,combined,16,0.650000,347,0.946105,0.053895,7636442,0.476849,0.480921,0.000002,0.008541,0.479131,0.000002,63,-0.058626,0,0,338.847,25.679
s15850,combined_wear_leveling,0.000000,combined,16,0.700000,374,0.965677,0.034323,8895297,0.478152,0.481464,0.000002,0.006928,0.480551,0.000002,68,-0.039505,0,0,375.801,28.873
s15850,combined_wear_leveling,0.000000,combined,16,0.750000,401,0.976861,0.023139,10138723,0.474070,0.476778,0.000002,0.005711,0.476240,0.000002,58,-0.019887,1,0,406.751,33.115
s15850,combined_wear_leveling,0.000000,combined,16,0.800000,427,0.983128,0.016872,11524567,0.475245,0.478104,0.000002,0.006016,0.477551,0.000002,74,-0.015878,1,0,436.096,38.937
s15850,combined_wear_leveling,0.000000,combined,16,0.850000,454,0.988334,0.011666,13018582,0.474898,0.480027,0.000002,0.010801,0.478096,0.000001,71,-0.011512,0,0,462.132,44.964
s15850,combined_wear_leveling,0.000000,combined,16,0.900000,481,0.993540,0.006460,14547103,0.472753,0.478124,0.000002,0.011359,0.476301,0.000002,83,-0.004103,1,0,481.823,51.669
s15850,combined_wear_leveling,0.000000,combined,16,0.950000,507,0.997397,0.002603,16156106,0.472573,0.482938,0.000008,0.021933,0.481209,0.000006,76,-0.044740,1,1,492.244,59.549
s15850,combined_wear_leveling,0.000000,combined,16,1.000000,534,1.000000,0.000000,17928805,0.472734,0.483498,0.000010,0.022769,0.481856,0.000008,79,-0.059594,1,1,495.985,66.076
s15850,combined_wear_leveling,0.250000,combined,16,0.050000,27,0.368492,0.631508,44711,0.461143,0.466444,0.000011,0.011496,0.460735,0.000000,3,-0.664806,1,0,2.534,0.334
s15850,combined_wear_leveling,0.250000,combined,16,0.100000,53,0.478500,0.521500,179141,0.479503,0.484608,0.000003,0.010645,0.480760,0.000001,7,-0.537767,0,0,9.951,1.031
s15850,combined_wear_leveling,0.250000,combined,16,0.150000,80,0.559294,0.440706,391029,0.459386,0.477632,0.000036,0.039718,0.468286,0.000019,12,-0.658417,0,1,22.964,1.891
s15850,combined_wear_leveling,0.250000,combined,16,0.200000,107,0.625627,0.374373,712743,0.468073,0.475722,0.000007,0.016341,0.472336,0.000002,12,-0.396577,0,0,41.729,3.040
s15850,combined_wear_leveling,0.250000,combined,16,0.250000,134,0.683185,0.316815,1116431,0.467488,0.479015,0.000010,0.024656,0.473081,0.000005,30,-0.364141,0,1,67.505,4.447
s15850,combined_wear_leveling,0.250000,combined,16,0.300000,160,0.730235,0.269765,1601976,0.470505,0.485855,0.000031,0.032625,0.480886,0.000023,33,-0.467660,0,0,89.572,5.941
s15850,combined_wear_leveling,0.250000,combined,16,0.350000,187,0.772272,0.227728,2209278,0.475024,0.484379,0.000008,0.019695,0.480271,0.000006,30,-0.275958,0,0,120.706,8.358
s15850,combined_wear_leveling,0.250000,combined,16,0.400000,214,0.810740,0.189260,2910596,0.477862,0.488687,0.000022,0.022652,0.485096,0.000019,29,-0.337855,0,0,157.072,10.459
s15850,combined_wear_leveling,0.250000,combined,16,0.450000,240,0.844485,0.155515,3635538,0.474564,0.481548,0.000009,0.014716,0.479018,0.000008,30,-0.206418,0,0,190.612,12.455
s15850,combined_wear_leveling,0.250000,combined,16,0.500000,267,0.876591,0.123409,4489476,0.473502,0.480668,0.000009,0.015135,0.478118,0.000008,38,-0.173673,0,0,227.966,15.621
s15850,combined_wear_leveling,0.250000,combined,16,0.550000,294,0.901755,0.098245,5417826,0.471280,0.480154,0.000016,0.018831,0.477838,0.000014,45,-0.189632,0,0,269.511,18.432
s15850,combined_wear_leveling,0.250000,combined,16,0.600000,320,0.924315,0.075685,6435686,0.472545,0.478595,0.000004,0.012803,0.476467,0.000003,35,-0.086143,0,0,298.108,21.400
s15850,combined_wear_leveling,0.250000,combined,16,0.650000,347,0.946105,0.053895,7628887,0.476377,0.480141,0.000003,0.007902,0.478580,0.000002,64,-0.059704,0,0,339.601,25.077
s15850,combined_wear_leveling,0.250000,combined,16,0.700000,374,0.965677,0.034323,8895297,0.478152,0.481464,0.000002,0.006928,0.480551,0.000002,68,-0.039132,0,0,373.891,29.603
s15850,combined_wear_leveling,0.250000,combined,16,0.750000,401,0.976861,0.023139,10138723,0.474070,0.476778,0.000002,0.005711,0.476240,0.000002,58,-0.019460,0,0,407.849,32.911
s15850,combined_wear_leveling,0.250000,combined,16,0.800000,427,0.983128,0.016872,11508102,0.474566,0.477083,0.000001,0.005304,0.476530,0.000001,82,-0.008737,0,0,435.890,38.869
s15850,combined_wear_leveling,0.250000,combined,16,0.850000,454,0.988334,0.011666,12970739,0.473153,0.476119,0.000002,0.006268,0.475583,0.000001,75,-0.003050,0,0,459.249,45.131
s15850,combined_wear_leveling,0.250000,combined,16,0.900000,481,0.993540,0.006460,14476041,0.470444,0.473622,0.000002,0.006754,0.473116,0.000001,79,0.007518,1,1,478.041,51.945
s15850,combined_wear_leveling,0.250000,combined,16,0.950000,507,0.997397,0.002603,16156106,0.472573,0.482938,0.000008,0.021933,0.481209,0.000006,76,-0.041184,1,1,494.922,59.074
s15850,combined_wear_leveling,0.250000,combined,16,1.000000,534,1.000000,0.000000,17928805,0.472734,0.483498,0.000010,0.022769,0.481856,0.000008,79,-0.054748,1,1,500.822,65.760
s15850,combined_wear_leveling,0.500000,combined,16,0.050000,27,0.368492,0.631508,44711,0.461143,0.466444,0.000011,0.011496,0.460735,0.000000,3,-0.664806,1,0,2.431,0.333
s15850,combined_wear_leveling,0.500000,combined,16,0.100000,53,0.478500,0.521500,179141,0.479503,0.484608,0.000003,0.010645,0.480760,0.000001,7,-0.537767,0,0,9.979,1.005
s15850,combined_wear_leveling,0.500000,combined,16,0.150000,80,0.559294,0.440706,391029,0.459386,0.477632,0.000036,0.039718,0.468286,0.000019,12,-0.658417,0,1,23.096,1.907
s15850,combined_wear_leveling,0.500000,combined,16,0.200000,107,0.625627,0.374373,712743,0.468073,0.475722,0.000007,0.016341,0.472336,0.000002,12,-0.396577,0,0,41.725,3.023
s15850,combined_wear_leveling,0.500000,combined,16,0.250000,134,0.683185,0.316815,1116431,0.467488,0.479015,0.000010,0.024656,0.473081,0.000005,30,-0.364141,0,1,64.485,4.424
s15850,combined_wear_leveling,0.500000,combined,16,0.300000,160,0.730235,0.269765,1601976,0.470505,0.485855,0.000031,0.032625,0.480886,0.000023,33,-0.467660,0,0,91.010,5.968
s15850,combined_wear_leveling,0.500000,combined,16,0.350000,187,0.772272,0.227728,2209278,0.475024,0.484379,0.000008,0.019695,0.480271,0.000006,30,-0.275958,0,0,119.379,7.951
s15850,combined_wear_leveling,0.500000,combined,16,0.400000,214,0.810740,0.189260,2910596,0.477862,0.488687,0.000022,0.022652,0.485096,0.000019,29,-0.337855,0,0,155.441,10.386
s15850,combined_wear_leveling,0.500000,combined,16,0.450000,240,0.844485,0.155515,3635538,0.474564,0.481548,0.000009,0.014716,0.479018,0.000008,30,-0.206418,0,0,190.196,12.446
s15850,combined_wear_leveling,0.500000,combined,16,0.500000,267,0.876591,0.123409,4489476,0.473502,0.480668,0.000009,0.015135,0.478118,0.000008,38,-0.173673,0,0,225.736,15.891
s15850,combined_wear_leveling,0.500000,combined,16,0.550000,294,0.901755,0.098245,5417826,0.471280,0.480154,0.000016,0.018831,0.477838,0.000014,45,-0.189632,0,0,265.751,19.129
s15850,combined_wear_leveling,0.500000,combined,16,0.600000,320,0.924315,0.075685,6435686,0.472545,0.478595,0.000004,0.012803,0.476467,0.000003,35,-0.086143,0,0,302.564,22.492
s15850,combined_wear_leveling,0.500000,combined,16,0.650000,347,0.946105,0.053895,7628887,0.476377,0.480141,0.000003,0.007902,0.478580,0.000002,64,-0.059704,0,0,340.149,26.224
s15850,combined_wear_leveling,0.500000,combined,16,0.700000,374,0.965677,0.034323,8895297,0.478152,0.481464,0.000002,0.006928,0.480551,0.000002,68,-0.039132,0,0,379.123,28.828
s15850,combined_wear_leveling,0.500000,combined,16,0.750000,401,0.976861,0.023139,10138723,0.474070,0.476778,0.000002,0.005711,0.476240,0.000002,58,-0.019460,0,0,407.678,32.713
s15850,combined_wear_leveling,0.500000,combined,16,0.800000,427,0.983128,0.016872,11508102,0.474566,0.477083,0.000001,0.005304,0.476530,0.000001,82,-0.008737,0,0,436.532,38.925
s15850,combined_wear_leveling,0.500000,combined,16,0.850000,454,0.988334,0.011666,12970739,0.473153,0.476119,0.000002,0.006268,0.475583,0.000001,75,-0.003050,0,0,465.209,44.933
s15850,combined_wear_leveling,0.500000,combined,16,0.900000,481,0.993540,0.006460,14476041,0.470444,0.473622,0.000002,0.006754,0.473116,0.000001,79,0.007518,1,1,478.859,51.653
s15850,combined_wear_leveling,0.500000,combined,16,0.950000,507,0.997397,0.002603,16156106,0.472573,0.482938,0.000008,0.021933,0.481209,0.000006,76,-0.041184,1,1,493.556,61.203
s15850,combined_wear_leveling,0.500000,combined,16,1.000000,534,1.000000,0.000000,17928805,0.472734,0.483498,0.000010,0.022769,0.481856,0.000008,79,-0.054748,1,1,499.690,65.921
s15850,combined_wear_leveling,0.750000,combined,16,0.050000,27,0.368492,0.631508,44711,0.461143,0.466444,0.000011,0.011496,0.460735,0.000000,3,-0.664806,1,0,2.610,0.360
s15850,combined_wear_leveling,0.750000,combined,16,0.100000,53,0.478500,0.521500,179141,0.479503,0.484608,0.000003,0.010645,0.480760,0.000001,7,-0.537767,0,0,10.503,1.066
s15850,combined_wear_leveling,0.750000,combined,16,0.150000,80,0.559294,0.440706,391029,0.459386,0.477632,0.000036,0.039718,0.468286,0.000019,12,-0.658417,0,1,24.115,2.014
s15850,combined_wear_leveling,0.750000,combined,16,0.200000,107,0.625627,0.374373,712743,0.468073,0.475722,0.000007,0.016341,0.472336,0.000002,12,-0.396577,0,0,43.813,3.219
s15850,combined_wear_leveling,0.750000,combined,16,0.250000,134,0.683185,0.316815,1116431,0.467488,0.479015,0.000010,0.024656,0.473081,0.000005,30,-0.364141,0,1,67.120,4.422
s15850,combined_wear_leveling,0.750000,combined,16,0.300000,160,0.730235,0.269765,1601976,0.470505,0.485855,0.000031,0.032625,0.480886,0.000023,33,-0.467660,0,0,89.304,5.999
s15850,combined_wear_leveling,0.750000,combined,16,0.350000,187,0.772272,0.227728,2209278,0.475024,0.484379,0.000008,0.019695,0.480271,0.000006,30,-0.275958,0,0,119.620,7.924
s15850,combined_wear_leveling,0.750000,combined,16,0.400000,214,0.810740,0.189260,2910596,0.477862,0.488687,0.000022,0.022652,0.485096,0.000019,29,-0.337855,0,0,152.252,10.150
s15850,combined_wear_leveling,0.750000,combined,16,0.450000,240,0.844485,0.155515,3635538,0.474564,0.481548,0.000009,0.014716,0.479018,0.000008,30,-0.206418,0,0,190.178,12.500
s15850,combined_wear_leveling,0.750000,combined,16,0.500000,267,0.876591,0.123409,4489476,0.473502,0.480668,0.000009,0.015135,0.478118,0.000008,38,-0.173673,0,0,226.534,15.191
s15850,combined_wear_leveling,0.750000,combined,16,0.550000,294,0.901755,0.098245,5417826,0.471280,0.480154,0.000016,0.018831,0.477838,0.000014,45,-0.189632,0,0,262.944,18.254
s15850,combined_wear_leveling,0.750000,combined,16,0.600000,320,0.924315,0.075685,6435686,0.472545,0.478595,0.000004,0.012803,0.476467,0.000003,35,-0.086143,0,0,300.178,21.347
s15850,combined_wear_leveling,0.750000,combined,16,0.650000,347,0.946105,0.053895,7628887,0.476377,0.480141,0.000003,0.007902,0.478580,0.000002,64,-0.059704,0,0,338.938,24.949
s15850,combined_wear_leveling,0.750000,combined,16,0.700000,374,0.965677,0.034323,8895297,0.478152,0.481464,0.000002,0.006928,0.480551,0.000002,68,-0.039132,0,0,374.643,29.162
s15850,combined_wear_leveling,0.750000,combined,16,0.750000,401,0.976861,0.023139,10138723,0.474070,0.476778,0.000002,0.005711,0.476240,0.000002,58,-0.019460,0,0,404.830,32.882
s15850,combined_wear_leveling,0.750000,combined,16,0.800000,427,0.983128,0.016872,11508102,0.474566,0.477083,0.000001,0.005304,0.476530,0.000001,82,-0.008737,0,0,433.567,38.793
s15850,combined_wear_leveling,0.750000,combined,16,0.850000,454,0.988334,0.011666,12970739,0.473153,0.476119,0.000002,0.006268,0.475583,0.000001,75,-0.003050,0,0,457.312,44.895
s15850,combined_wear_leveling,0.750000,combined,16,0.900000,481,0.993540,0.006460,14476041,0.470444,0.473622,0.000002,0.006754,0.473116,0.000001,79,0.007518,1,1,481.942,51.689
s15850,combined_wear_leveling,0.750000,combined,16,0.950000,507,0.997397,0.002603,16156106,0.472573,0.482938,0.000008,0.021933,0.481209,0.000006,76,-0.041184,1,1,492.588,58.410
s15850,combined_wear_leveling,0.750000,combined,16,1.000000,534,1.000000,0.000000,17928805,0.472734,0.483498,0.000010,0.022769,0.481856,0.000008,79,-0.054748,1,1,497.786,66.038
s15850,combined_wear_leveling,1.000000,combined,16,0.050000,27,0.368492,0.631508,44711,0.461143,0.466444,0.000011,0.011496,0.460735,0.000000,3,-0.664806,1,0,2.600,0.355
s15850,combined_wear_leveling,1.000000,combined,16,0.100000,53,0.478500,0.521500,179141,0.479503,0.484608,0.000003,0.010645,0.480760,0.000001,7,-0.537767,0,0,10.368,1.088
s15850,combined_wear_leveling,1.000000,combined,16,0.150000,80,0.559294,0.440706,391029,0.459386,0.477632,0.000036,0.039718,0.468286,0.000019,12,-0.658417,0,1,24.201,1.982
s15850,combined_wear_leveling,1.000000,combined,16,0.200000,107,0.625627,0.374373,712743,0.468073,0.475722,0.000007,0.016341,0.472336,0.000002,12,-0.396577,0,0,41.389,3.017
s15850,combined_wear_leveling,1.000000,combined,16,0.250000,134,0.683185,0.316815,1116431,0.467488,0.479015,0.000010,0.024656,0.473081,0.000005,30,-0.364141,0,1,64.709,4.395
s15850,combined_wear_leveling,1.000000,combined,16,0.300000,160,0.730235,0.269765,1601976,0.470505,0.485855,0.000031,0.032625,0.480886,0.000023,33,-0.467660,0,0,89.459,6.015
s15850,combined_wear_leveling,1.000000,combined,16,0.350000,187,0.772272,0.227728,2209278,0.475024,0.484379,0.000008,0.019695,0.480271,0.000006,30,-0.275958,0,0,119.112,7.959
s15850,combined_wear_leveling,1.000000,combined,16,0.400000,214,0.810740,0.189260,2910596,0.477862,0.488687,0.000022,0.022652,0.485096,0.000019,29,-0.337855,0,0,155.778,10.333
s15850,combined_wear_leveling,1.000000,combined,16,0.450000,240,0.844485,0.155515,3635538,0.474564,0.481548,0.000009,0.014716,0.479018,0.000008,30,-0.206418,0,0,191.992,12.547
s15850,combined_wear_leveling,1.000000,combined,16,0.500000,267,0.876591,0.123409,4489476,0.473502,0.480668,0.000009,0.015135,0.478118,0.000008,38,-0.173673,0,0,225.240,15.422
s15850,combined_wear_leveling,1.000000,combined,16,0.550000,294,0.901755,0.098245,5417826,0.471280,0.480154,0.000016,0.018831,0.477838,0.000014,45,-0.189632,0,0,267.319,18.268
s15850,combined_wear_leveling,1.000000,combined,16,0.600000,320,0.924315,0.075685,6435686,0.472545,0.478595,0.000004,0.012803,0.476467,0.000003,35,-0.086143,0,0,300.580,21.283
s15850,combined_wear_leveling,1.000000,combined,16,0.650000,347,0.946105,0.053895,7628887,0.476377,0.480141,0.000003,0.007902,0.478580,0.000002,64,-0.059704,0,0,339.692,24.873
s15850,combined_wear_leveling,1.000000,combined,16,0.700000,374,0.965677,0.034323,8895297,0.478152,0.481464,0.000002,0.006928,0.480551,0.000002,68,-0.039132,0,0,373.683,28.627
s15850,combined_wear_leveling,1.000000,combined,16,0.750000,401,0.976861,0.023139,10138723,0.474070,0.476778,0.000002,0.005711,0.476240,0.000002,58,-0.019460,0,0,413.081,32.706
s15850,combined_wear_leveling,1.000000,combined,16,0.800000,427,0.983128,0.016872,11508102,0.474566,0.477083,0.000001,0.005304,0.476530,0.000001,82,-0.008737,0,0,435.305,38.818
s15850,combined_wear_leveling,1.000000,combined,16,0.850000,454,0.988334,0.011666,12970739,0.473153,0.476119,0.000002,0.006268,0.475583,0.000001,75,-0.003050,0,0,466.292,45.059
s15850,combined_wear_leveling,1.000000,combined,16,0.900000,481,0.993540,0.006460,14476041,0.470444,0.473622,0.000002,0.006754,0.473116,0.000001,79,0.007518,1,1,481.951,51.708
s15850,combined_wear_leveling,1.000000,combined,16,0.950000,507,0.997397,0.002603,16156106,0.472573,0.482938,0.000008,0.021933,0.481209,0.000006,76,-0.041184,1,1,492.168,58.365
s15850,combined_wear_leveling,1.000000,combined,16,1.000000,534,1.000000,0.000000,17928805,0.472734,0.483498,0.000010,0.022769,0.481856,0.000008,79,-0.054748,1,1,494.803,66.010
s15850,co_wear,0.000000,combined,16,0.050000,27,0.368492,0.631508,44880,0.462886,0.472849,0.000023,0.021524,0.465365,0.000004,2,-0.765013,1,0,0.027,0.388
s15850,co_wear,0.000000,combined,16,0.100000,53,0.478500,0.521500,179162,0.479560,0.484608,0.000003,0.010527,0.480937,0.000001,4,-0.539562,0,0,0.016,1.145
s15850,co_wear,0.000000,combined,16,0.150000,80,0.559294,0.440706,392161,0.460715,0.478571,0.000034,0.038757,0.469226,0.000018,12,-0.660006,0,1,0.015,2.007
s15850,co_wear,0.000000,combined,16,0.200000,107,0.625627,0.374373,712743,0.468073,0.475722,0.000007,0.016341,0.472336,0.000002,12,-0.399785,1,0,0.015,3.162
s15850,co_wear,0.000000,combined,16,0.250000,134,0.683185,0.316815,1116431,0.467488,0.479015,0.000010,0.024656,0.473081,0.000005,30,-0.369215,0,1,0.020,4.749
s15850,co_wear,0.000000,combined,16,0.300000,160,0.730235,0.269765,1595170,0.468506,0.484539,0.000033,0.034222,0.479464,0.000024,35,-0.498195,0,1,0.020,6.325
s15850,co_wear,0.000000,combined,16,0.350000,187,0.772272,0.227728,2209278,0.475024,0.484379,0.000008,0.019695,0.480271,0.000006,30,-0.279982,0,0,0.021,8.363
s15850,co_wear,0.000000,combined,16,0.400000,214,0.810740,0.189260,2910518,0.477849,0.489389,0.000027,0.024150,0.485788,0.000024,27,-0.390876,0,0,0.021,10.639
s15850,co_wear,0.000000,combined,16,0.450000,240,0.844485,0.155515,3633617,0.474313,0.482801,0.000013,0.017895,0.479964,0.000011,32,-0.237504,0,0,0.022,13.199
s15850,co_wear,0.000000,combined,16,0.500000,267,0.876591,0.123409,4489476,0.473502,0.480668,0.000009,0.015135,0.478118,0.000008,38,-0.178323,0,0,0.023,15.465
s15850,co_wear,0.000000,combined,16,0.550000,294,0.901755,0.098245,5434067,0.472692,0.480410,0.000014,0.016327,0.478567,0.000012,25,-0.183219,0,0,0.021,18.231
s15850,co_wear,0.000000,combined,16,0.600000,320,0.924315,0.075685,6447493,0.473412,0.479300,0.000005,0.012437,0.477607,0.000004,39,-0.096064,0,0,0.022,21.367
s15850,co_wear,0.000000,combined,16,0.650000,347,0.946105,0.053895,7636442,0.476849,0.480921,0.000002,0.008541,0.479131,0.000002,63,-0.058626,0,0,0.023,24.825
s15850,co_wear,0.000000,combined,16,0.700000,374,0.965677,0.034323,8895297,0.478152,0.481464,0.000002,0.006928,0.480551,0.000002,68,-0.039505,0,0,0.024,28.869
s15850,co_wear,0.000000,combined,16,0.750000,401,0.976861,0.023139,10138723,0.474070,0.476778,0.000002,0.005711,0.476240,0.000002,58,-0.019887,1,0,0.024,32.825
s15850,co_wear,0.000000,combined,16,0.800000,427,0.983128,0.016872,11524567,0.475245,0.478104,0.000002,0.006016,0.477551,0.000002,74,-0.015878,1,0,0.024,37.285
s15850,co_wear,0.000000,combined,16,0.850000,454,0.988334,0.011666,13018582,0.474898,0.480027,0.000002,0.010801,0.478096,0.000001,71,-0.011512,0,0,0.025,41.911
s15850,co_wear,0.000000,combined,16,0.900000,481,0.993540,0.006460,14547103,0.472753,0.478124,0.000002,0.011359,0.476301,0.000002,83,-0.004103,1,0,0.027,46.845
s15850,co_wear,0.000000,combined,16,0.950000,507,0.997397,0.002603,16156106,0.472573,0.482938,0.000008,0.021933,0.481209,0.000006,76,-0.044740,1,1,0.028,51.949
s15850,co_wear,0.000000,combined,16,1.000000,534,1.000000,0.000000,17928805,0.472734,0.483498,0.000010,0.022769,0.481856,0.000008,79,-0.059594,1,1,0.028,58.056
s15850,co_wear,0.250000,combined,16,0.050000,27,0.364250,0.635750,45714,0.471487,0.484266,0.000044,0.027103,0.475790,0.000008,3,-0.879934,0,0,0.023,0.359
s15850,co_wear,0.250000,combined,16,0.100000,53,0.460760,0.539240,175610,0.470052,0.478224,0.000014,0.017385,0.474713,0.000005,7,-0.606635,0,0,0.016,1.046
s15850,co_wear,0.250000,combined,16,0.150000,80,0.527189,0.472811,403756,0.474337,0.479511,0.000005,0.010908,0.476292,0.000001,14,-0.495283,0,0,0.015,1.943
s15850,co_wear,0.250000,combined,16,0.200000,107,0.584555,0.415445,708831,0.465504,0.473825,0.000013,0.017875,0.470303,0.000006,20,-0.463657,1,1,0.016,3.057
s15850,co_wear,0.250000,combined,16,0.250000,134,0.631026,0.368974,1130492,0.473376,0.477500,0.000003,0.008711,0.476030,0.000002,24,-0.374564,0,0,0.019,4.505
s15850,co_wear,0.250000,combined,16,0.300000,160,0.664192,0.335808,1612575,0.473618,0.478242,0.000003,0.009764,0.476404,0.000001,19,-0.341035,0,0,0.019,6.162
s15850,co_wear,0.250000,combined,16,0.350000,187,0.695912,0.304088,2207886,0.474725,0.481404,0.000008,0.014070,0.478502,0.000007,40,-0.345636,0,0,0.020,8.062
s15850,co_wear,0.250000,combined,16,0.400000,214,0.728307,0.271693,2898484,0.475874,0.480254,0.000006,0.009206,0.479580,0.000005,44,-0.302007,0,0,0.021,10.270
s15850,co_wear,0.250000,combined,16,0.450000,240,0.759738,0.240262,3640734,0.475242,0.479605,0.000006,0.009181,0.478836,0.000006,43,-0.270159,0,0,0.022,12.747
s15850,co_wear,0.250000,combined,16,0.500000,267,0.778442,0.221558,4522993,0.477037,0.481823,0.000006,0.010033,0.481155,0.000005,67,-0.251375,0,0,0.023,15.574
s15850,co_wear,0.250000,combined,16,0.550000,294,0.808909,0.191091,5448877,0.473981,0.478467,0.000006,0.009464,0.478227,0.000006,71,-0.217380,0,0,0.025,19.055
s15850,co_wear,0.250000,combined,16,0.600000,320,0.827613,0.172387,6459037,0.474260,0.478900,0.000005,0.009785,0.478536,0.000004,69,-0.190808,0,0,0.026,22.102
s15850,co_wear,0.250000,combined,16,0.650000,347,0.853741,0.146259,7557463,0.471917,0.476761,0.000004,0.010265,0.476035,0.000003,69,-0.154166,0,0,0.027,25.419
s15850,co_wear,0.250000,combined,16,0.700000,374,0.876784,0.123216,8815501,0.473862,0.477725,0.000002,0.008152,0.476731,0.000001,53,-0.123264,0,0,0.025,29.000
s15850,co_wear,0.250000,combined,16,0.750000,401,0.898380,0.101620,10139608,0.474112,0.478184,0.000002,0.008590,0.477288,0.000002,76,-0.105632,0,0,0.026,33.797
s15850,co_wear,0.250000,combined,16,0.800000,427,0.917663,0.082337,11460352,0.472597,0.476748,0.000003,0.008784,0.476077,0.000003,109,-0.088846,0,0,0.029,37.522
s15850,co_wear,0.250000,combined,16,0.850000,454,0.935017,0.064983,12936409,0.471900,0.476086,0.000004,0.008869,0.475654,0.000003,97,-0.072351,0,0,0.031,42.360
s15850,co_wear,0.250000,combined,16,0.900000,481,0.963363,0.036637,14507059,0.471452,0.476013,0.000004,0.009675,0.475374,0.000004,82,-0.046177,1,0,0.029,48.119
s15850,co_wear,0.250000,combined,16,0.950000,507,0.985152,0.014848,16108351,0.471176,0.479853,0.000008,0.018416,0.478785,0.000007,70,-0.049357,1,1,0.031,54.489
s15850,co_wear,0.250000,combined,16,1.000000,534,1.000000,0.000000,17928805,0.472734,0.483498,0.000010,0.022769,0.481856,0.000008,79,-0.049938,1,1,0.032,58.426
s15850,co_wear,0.500000,combined,16,0.050000,27,0.354898,0.645102,46399,0.478552,0.484545,0.000016,0.012522,0.480124,0.000001,3,-0.895102,0,0,0.020,0.355
s15850,co_wear,0.500000,combined,16,0.100000,53,0.445141,0.554859,178598,0.478050,0.483898,0.000009,0.012234,0.481726,0.000004,8,-0.700407,0,0,0.016,1.044
s15850,co_wear,0.500000,combined,16,0.150000,80,0.503664,0.496336,399841,0.469738,0.476880,0.000008,0.015204,0.473302,0.000004,11,-0.599332,0,0,0.015,2.040
s15850,co_wear,0.500000,combined,16,0.200000,107,0.546761,0.453239,713250,0.468406,0.478041,0.000015,0.020569,0.475437,0.000010,20,-0.671733,0,0,0.016,3.177
s15850,co_wear,0.500000,combined,16,0.250000,134,0.581084,0.418916,1116714,0.467607,0.472169,0.000004,0.009757,0.470405,0.000002,27,-0.463733,1,1,0.019,4.679
s15850,co_wear,0.500000,combined,16,0.300000,160,0.616178,0.383822,1612033,0.473459,0.477444,0.000003,0.008416,0.476122,0.000002,33,-0.424992,0,0,0.020,6.359
s15850,co_wear,0.500000,combined,16,0.350000,187,0.643367,0.356633,2198283,0.472660,0.476660,0.000003,0.008462,0.474820,0.000002,32,-0.391088,0,0,0.018,8.363
s15850,co_wear,0.500000,combined,16,0.400000,214,0.674605,0.325395,2888934,0.474306,0.478603,0.000003,0.009060,0.477488,0.000002,20,-0.361733,0,0,0.021,11.191
s15850,co_wear,0.500000,combined,16,0.450000,240,0.701986,0.298014,3617876,0.472258,0.475689,0.000003,0.007265,0.474411,0.000003,40,-0.334811,0,0,0.023,13.037
s15850,co_wear,0.500000,combined,16,0.500000,267,0.732260,0.267740,4504965,0.475135,0.479513,0.000004,0.009215,0.478623,0.000004,45,-0.326458,0,0,0.023,15.377
s15850,co_wear,0.500000,combined,16,0.550000,294,0.756749,0.243251,5444407,0.473592,0.476779,0.000002,0.006729,0.476210,0.000002,61,-0.267690,0,0,0.022,18.023
s15850,co_wear,0.500000,combined,16,0.600000,320,0.785191,0.214809,6437816,0.472701,0.476927,0.000004,0.008938,0.476612,0.000003,63,-0.262297,0,0,0.022,20.965
s15850,co_wear,0.500000,combined,16,0.650000,347,0.811705,0.188295,7514861,0.469257,0.474703,0.000008,0.011606,0.474268,0.000008,88,-0.298321,1,1,0.023,24.516
s15850,co_wear,0.500000,combined,16,0.700000,374,0.834169,0.165831,8789563,0.472468,0.475574,0.000002,0.006574,0.475029,0.000002,81,-0.183747,1,0,0.023,28.572
s15850,co_wear,0.500000,combined,16,0.750000,401,0.870035,0.129965,10109515,0.472705,0.477134,0.000004,0.009371,0.476238,0.000004,105,-0.176176,1,0,0.025,32.477
s15850,co_wear,0.500000,combined,16,0.800000,427,0.892306,0.107694,11469364,0.472968,0.478298,0.000006,0.011268,0.477684,0.000005,69,-0.180756,0,0,0.025,36.815
s15850,co_wear,0.500000,combined,16,0.850000,454,0.906575,0.093425,12952193,0.472476,0.477576,0.000004,0.010794,0.476509,0.000004,91,-0.144176,0,0,0.026,41.557
s15850,co_wear,0.500000,combined,16,0.900000,481,0.947551,0.052449,14496764,0.471118,0.477483,0.000006,0.013511,0.476727,0.000005,85,-0.128646,1,0,0.026,46.545
s15850,co_wear,0.500000,combined,16,0.950000,507,0.981489,0.018511,16105351,0.471089,0.479112,0.000007,0.017031,0.477983,0.000006,73,-0.117720,1,1,0.027,51.501
s15850,co_wear,0.500000,combined,16,1.000000,534,1.000000,0.000000,17928805,0.472734,0.483498,0.000010,0.022769,0.481856,0.000008,79,-0.143904,1,1,0.027,57.021
s15850,co_wear,0.750000,combined,16,0.050000,27,0.350848,0.649152,46740,0.482069,0.493177,0.000038,0.023042,0.485780,0.000006,3,-0.899152,0,0,0.021,0.382
s15850,co_wear,0.750000,combined,16,0.100000,53,0.415638,0.584362,179921,0.481591,0.488154,0.000020,0.013628,0.485539,0.000007,4,-0.711384,0,0,0.015,1.087
s15850,co_wear,0.750000,combined,16,0.150000,80,0.482646,0.517354,396035,0.465267,0.476316,0.000019,0.023748,0.472592,0.000009,12,-0.605588,0,1,0.014,1.926
s15850,co_wear,0.750000,combined,16,0.200000,107,0.524103,0.475897,708762,0.465459,0.473825,0.000011,0.017974,0.471220,0.000007,11,-0.510478,0,1,0.014,3.012
s15850,co_wear,0.750000,combined,16,0.250000,134,0.566236,0.433764,1133337,0.474567,0.478341,0.000005,0.007953,0.477065,0.000003,27,-0.445229,0,0,0.018,4.413
s15850,co_wear,0.750000,combined,16,0.300000,160,0.598824,0.401176,1621333,0.476190,0.479088,0.000003,0.006086,0.477934,0.000001,21,-0.398097,0,0,0.018,6.027
s15850,co_wear,0.750000,combined,16,0.350000,187,0.623506,0.376494,2198851,0.472782,0.476579,0.000002,0.008031,0.474740,0.000001,31,-0.365433,0,0,0.018,8.053
s15850,co_wear,0.750000,combined,16,0.400000,214,0.650212,0.349788,2882850,0.473307,0.476565,0.000003,0.006884,0.475364,0.000002,38,-0.340539,0,0,0.019,10.025
s15850,co_wear,0.750000,combined,16,0.450000,240,0.674508,0.325492,3614637,0.471835,0.478039,0.000006,0.013147,0.476192,0.000005,34,-0.339576,0,0,0.020,12.358
s15850,co_wear,0.750000,combined,16,0.500000,267,0.703914,0.296086,4485073,0.473037,0.477627,0.000005,0.009702,0.476736,0.000004,49,-0.300865,0,0,0.021,14.992
s15850,co_wear,0.750000,combined,16,0.550000,294,0.733320,0.266680,5434844,0.472760,0.475935,0.000002,0.006715,0.475468,0.000002,47,-0.253462,0,0,0.021,17.932
s15850,co_wear,0.750000,combined,16,0.600000,320,0.761955,0.238045,6410520,0.470697,0.476410,0.000006,0.012136,0.475228,0.000005,69,-0.245828,0,0,0.022,21.200
s15850,co_wear,0.750000,combined,16,0.650000,347,0.797532,0.202468,7502699,0.468497,0.473316,0.000007,0.010285,0.472952,0.000007,91,-0.215337,1,1,0.022,25.778
s15850,co_wear,0.750000,combined,16,0.700000,374,0.824431,0.175569,8778027,0.471848,0.475333,0.000002,0.007385,0.474814,0.000002,72,-0.159328,1,0,0.025,28.398
s15850,co_wear,0.750000,combined,16,0.750000,401,0.854030,0.145970,10091891,0.471881,0.476909,0.000004,0.010656,0.476111,0.000004,89,-0.145586,1,0,0.024,32.485
s15850,co_wear,0.750000,combined,16,0.800000,427,0.882761,0.117239,11465670,0.472816,0.478245,0.000006,0.011482,0.477567,0.000005,67,-0.129998,0,0,0.025,36.640
s15850,co_wear,0.750000,combined,16,0.850000,454,0.903683,0.096317,12945485,0.472232,0.477278,0.000004,0.010686,0.476035,0.000003,90,-0.096658,1,0,0.025,41.535
s15850,co_wear,0.750000,combined,16,0.900000,481,0.933571,0.066429,14518539,0.471825,0.477827,0.000006,0.012720,0.477180,0.000005,87,-0.077999,1,0,0.025,46.268
s15850,co_wear,0.750000,combined,16,0.950000,507,0.973004,0.026996,16060059,0.469764,0.478118,0.000007,0.017785,0.476801,0.000006,73,-0.047376,1,1,0.026,51.791
s15850,co_wear,0.750000,combined,16,1.000000,534,1.000000,0.000000,17928805,0.472734,0.483498,0.000010,0.022769,0.481856,0.000008,79,-0.044366,1,1,0.029,59.646
s15850,co_wear,1.000000,combined,16,0.050000,27,0.324431,0.675569,47209,0.486907,0.499304,0.000047,0.025461,0.490445,0.000006,3,-0.925569,0,0,0.022,0.372
s15850,co_wear,1.000000,combined,16,0.100000,53,0.389510,0.610490,178982,0.479078,0.483898,0.000006,0.010062,0.480378,0.000001,0,-0.621406,0,0,0.014,1.169
s15850,co_wear,1.000000,combined,16,0.150000,80,0.437235,0.562765,397512,0.467002,0.471617,0.000004,0.009881,0.468580,0.000002,10,-0.538117,1,1,0.014,2.014
s15850,co_wear,1.000000,combined,16,0.200000,107,0.478789,0.521211,715087,0.469613,0.476214,0.000008,0.014057,0.473091,0.000005,18,-0.521956,0,0,0.015,3.161
s15850,co_wear,1.000000,combined,16,0.250000,134,0.538758,0.461242,1132396,0.474173,0.479688,0.000005,0.011630,0.478008,0.000002,11,-0.455393,0,0,0.018,4.634
s15850,co_wear,1.000000,combined,16,0.300000,160,0.575106,0.424894,1620455,0.475933,0.479840,0.000005,0.008211,0.479329,0.000004,32,-0.422670,0,0,0.019,6.303
s15850,co_wear,1.000000,combined,16,0.350000,187,0.604126,0.395874,2199546,0.472931,0.476901,0.000002,0.008393,0.475084,0.000001,28,-0.372063,0,0,0.019,8.513
s15850,co_wear,1.000000,combined,16,0.400000,214,0.640185,0.359815,2858209,0.469261,0.473052,0.000003,0.008077,0.471829,0.000002,25,-0.332280,1,1,0.020,10.472
s15850,co_wear,1.000000,combined,16,0.450000,240,0.666699,0.333301,3634157,0.474383,0.478822,0.000003,0.009357,0.477814,0.000002,24,-0.315896,0,0,0.021,12.666
s15850,co_wear,1.000000,combined,16,0.500000,267,0.698804,0.301196,4474939,0.471968,0.475486,0.000003,0.007454,0.474693,0.000002,50,-0.275447,0,0,0.021,14.923
s15850,co_wear,1.000000,combined,16,0.550000,294,0.729753,0.270247,5409825,0.470584,0.473838,0.000002,0.006915,0.473064,0.000001,54,-0.239480,0,0,0.021,17.781
s15850,co_wear,1.000000,combined,16,0.600000,320,0.758292,0.241708,6409647,0.470633,0.476645,0.000006,0.012773,0.475374,0.000005,70,-0.236550,0,0,0.022,20.962
s15850,co_wear,1.000000,combined,16,0.650000,347,0.781142,0.218858,7527158,0.470024,0.473706,0.000004,0.007832,0.473323,0.000003,85,-0.196747,0,0,0.022,24.636
s15850,co_wear,1.000000,combined,16,0.700000,374,0.805341,0.194659,8741843,0.469903,0.473483,0.000003,0.007619,0.472812,0.000003,89,-0.168950,1,1,0.023,28.304
s15850,co_wear,1.000000,combined,16,0.750000,401,0.849595,0.150405,10096445,0.472094,0.476497,0.000004,0.009327,0.475699,0.000003,92,-0.132159,1,0,0.023,33.087
s15850,co_wear,1.000000,combined,16,0.800000,427,0.875723,0.124277,11439562,0.471739,0.476642,0.000005,0.010394,0.475982,0.000004,70,-0.111587,1,0,0.023,37.594
s15850,co_wear,1.000000,combined,16,0.850000,454,0.903683,0.096317,12945485,0.472232,0.477278,0.000004,0.010686,0.476035,0.000003,90,-0.080829,1,0,0.026,42.361
s15850,co_wear,1.000000,combined,16,0.900000,481,0.932800,0.067200,14517290,0.471785,0.477639,0.000006,0.012409,0.477135,0.000005,89,-0.060108,1,0,0.025,48.847
s15850,co_wear,1.000000,combined,16,0.950000,507,0.959892,0.040108,16096155,0.470820,0.478534,0.000008,0.016384,0.477563,0.000007,71,-0.042894,1,1,0.028,52.469
s15850,co_wear,1.000000,combined,16,1.000000,534,1.000000,0.000000,17928805,0.472734,0.483498,0.000010,0.022769,0.481856,0.000008,79,-0.021445,1,1,0.027,57.333
s15850,co_wear_leveling,0.000000,combined,16,0.050000,27,0.368492,0.631508,44880,0.462886,0.472849,0.000023,0.021524,0.465365,0.000004,2,-0.765013,1,0,2.499,0.343
s15850,co_wear_leveling,0.000000,combined,16,0.100000,53,0.478500,0.521500,179162,0.479560,0.484608,0.000003,0.010527,0.480937,0.000001,4,-0.539562,0,0,10.508,1.073
s15850,co_wear_leveling,0.000000,combined,16,0.150000,80,0.559294,0.440706,392161,0.460715,0.478571,0.000034,0.038757,0.469226,0.000018,12,-0.660006,0,1,24.449,2.043
s15850,co_wear_leveling,0.000000,combined,16,0.200000,107,0.625627,0.374373,712743,0.468073,0.475722,0.000007,0.016341,0.472336,0.000002,12,-0.399785,1,0,43.013,3.060
s15850,co_wear_leveling,0.000000,combined,16,0.250000,134,0.683185,0.316815,1116431,0.467488,0.479015,0.000010,0.024656,0.473081,0.000005,30,-0.369215,0,1,64.936,4.488
s15850,co_wear_leveling,0.000000,combined,16,0.300000,160,0.730235,0.269765,1595170,0.468506,0.484539,0.000033,0.034222,0.479464,0.000024,35,-0.498195,0,1,90.469,6.166
s15850,co_wear_leveling,0.000000,combined,16,0.350000,187,0.772272,0.227728,2209278,0.475024,0.484379,0.000008,0.019695,0.480271,0.000006,30,-0.279982,0,0,119.373,8.036
s15850,co_wear_leveling,0.000000,combined,16,0.400000,214,0.810740,0.189260,2910518,0.477849,0.489389,0.000027,0.024150,0.485788,0.000024,27,-0.390876,0,0,156.354,10.310
s15850,co_wear_leveling,0.000000,combined,16,0.450000,240,0.844485,0.155515,3633617,0.474313,0.482801,0.000013,0.017895,0.479964,0.000011,32,-0.237504,0,0,191.685,12.647
s15850,co_wear_leveling,0.000000,combined,16,0.500000,267,0.876591,0.123409,4489476,0.473502,0.480668,0.000009,0.015135,0.478118,0.000008,38,-0.178323,0,0,228.202,15.589
s15850,co_wear_leveling,0.000000,combined,16,0.550000,294,0.901755,0.098245,5434067,0.472692,0.480410,0.000014,0.016327,0.478567,0.000012,25,-0.183219,0,0,268.127,18.696
s15850,co_wear_leveling,0.000000,combined,16,0.600000,320,0.924315,0.075685,6447493,0.473412,0.479300,0.000005,0.012437,0.477607,0.000004,39,-0.096064,0,0,302.427,22.327
s15850,co_wear_leveling,0.000000,combined,16,0.650000,347,0.946105,0.053895,7636442,0.476849,0.480921,0.000002,0.008541,0.479131,0.000002,63,-0.058626,0,0,339.497,25.592
s15850,co_wear_leveling,0.000000,combined,16,0.700000,374,0.965677,0.034323,8895297,0.478152,0.481464,0.000002,0.006928,0.480551,0.000002,68,-0.039505,0,0,376.375,29.159
s15850,co_wear_leveling,0.000000,combined,16,0.750000,401,0.976861,0.023139,10138723,0.474070,0.476778,0.000002,0.005711,0.476240,0.000002,58,-0.019887,1,0,406.365,33.275
s15850,co_wear_leveling,0.000000,combined,16,0.800000,427,0.983128,0.016872,11524567,0.475245,0.478104,0.000002,0.006016,0.477551,0.000002,74,-0.015878,1,0,438.503,37.222
s15850,co_wear_leveling,0.000000,combined,16,0.850000,454,0.988334,0.011666,13018582,0.474898,0.480027,0.000002,0.010801,0.478096,0.000001,71,-0.011512,0,0,459.408,41.722
s15850,co_wear_leveling,0.000000,combined,16,0.900000,481,0.993540,0.006460,14547103,0.472753,0.478124,0.000002,0.011359,0.476301,0.000002,83,-0.004103,1,0,484.677,47.131
s15850,co_wear_leveling,0.000000,combined,16,0.950000,507,0.997397,0.002603,16156106,0.472573,0.482938,0.000008,0.021933,0.481209,0.000006,76,-0.044740,1,1,491.277,51.811
s15850,co_wear_leveling,0.000000,combined,16,1.000000,534,1.000000,0.000000,17928805,0.472734,0.483498,0.000010,0.022769,0.481856,0.000008,79,-0.059594,1,1,496.172,57.311
s15850,co_wear_leveling,0.250000,combined,16,0.050000,27,0.368492,0.631508,44711,0.461143,0.466444,0.000011,0.011496,0.460735,0.000000,3,-0.664806,1,0,2.440,0.329
s15850,co_wear_leveling,0.250000,combined,16,0.100000,53,0.478500,0.521500,179141,0.479503,0.484608,0.000003,0.010645,0.480760,0.000001,7,-0.537767,0,0,9.991,1.003
s15850,co_wear_leveling,0.250000,combined,16,0.150000,80,0.559294,0.440706,391029,0.459386,0.477632,0.000036,0.039718,0.468286,0.000019,12,-0.658417,0,1,22.835,1.909
s15850,co_wear_leveling,0.250000,combined,16,0.200000,107,0.625627,0.374373,712743,0.468073,0.475722,0.000007,0.016341,0.472336,0.000002,12,-0.396577,0,0,41.631,3.012
s15850,co_wear_leveling,0.250000,combined,16,0.250000,134,0.683185,0.316815,1116431,0.467488,0.479015,0.000010,0.024656,0.473081,0.000005,30,-0.364141,0,1,65.038,4.624
s15850,co_wear_leveling,0.250000,combined,16,0.300000,160,0.730235,0.269765,1601976,0.470505,0.485855,0.000031,0.032625,0.480886,0.000023,33,-0.467660,0,0,89.564,5.996
s15850,co_wear_leveling,0.250000,combined,16,0.350000,187,0.772272,0.227728,2209278,0.475024,0.484379,0.000008,0.019695,0.480271,0.000006,30,-0.275958,0,0,121.039,8.022
s15850,co_wear_leveling,0.250000,combined,16,0.400000,214,0.810740,0.189260,2910596,0.477862,0.488687,0.000022,0.022652,0.485096,0.000019,29,-0.337855,0,0,154.434,10.765
s15850,co_wear_leveling,0.250000,combined,16,0.450000,240,0.844485,0.155515,3635538,0.474564,0.481548,0.000009,0.014716,0.479018,0.000008,30,-0.206418,0,0,191.414,12.474
s15850,co_wear_leveling,0.250000,combined,16,0.500000,267,0.876591,0.123409,4489476,0.473502,0.480668,0.000009,0.015135,0.478118,0.000008,38,-0.173673,0,0,225.075,15.156
s15850,co_wear_leveling,0.250000,combined,16,0.550000,294,0.901755,0.098245,5417826,0.471280,0.480154,0.000016,0.018831,0.477838,0.000014,45,-0.189632,0,0,263.142,18.105
s15850,co_wear_leveling,0.250000,combined,16,0.600000,320,0.924315,0.075685,6435686,0.472545,0.478595,0.000004,0.012803,0.476467,0.000003,35,-0.086143,0,0,300.985,22.464
s15850,co_wear_leveling,0.250000,combined,16,0.650000,347,0.946105,0.053895,7628887,0.476377,0.480141,0.000003,0.007902,0.478580,0.000002,64,-0.059704,0,0,337.150,24.798
s15850,co_wear_leveling,0.250000,combined,16,0.700000,374,0.965677,0.034323,8895297,0.478152,0.481464,0.000002,0.006928,0.480551,0.000002,68,-0.039132,0,0,374.901,28.653
s15850,co_wear_leveling,0.250000,combined,16,0.750000,401,0.976861,0.023139,10138723,0.474070,0.476778,0.000002,0.005711,0.476240,0.000002,58,-0.019460,0,0,409.427,32.246
s15850,co_wear_leveling,0.250000,combined,16,0.800000,427,0.983128,0.016872,11508102,0.474566,0.477083,0.000001,0.005304,0.476530,0.000001,82,-0.008737,0,0,434.773,36.752
s15850,co_wear_leveling,0.250000,combined,16,0.850000,454,0.988334,0.011666,12970739,0.473153,0.476119,0.000002,0.006268,0.475583,0.000001,75,-0.003050,0,0,459.788,40.762
s15850,co_wear_leveling,0.250000,combined,16,0.900000,481,0.993540,0.006460,14476041,0.470444,0.473622,0.000002,0.006754,0.473116,0.000001,79,0.007518,1,1,482.573,48.304
s15850,co_wear_leveling,0.250000,combined,16,0.950000,507,0.997397,0.002603,16156106,0.472573,0.482938,0.000008,0.021933,0.481209,0.000006,76,-0.041184,1,1,499.747,50.986
s15850,co_wear_leveling,0.250000,combined,16,1.000000,534,1.000000,0.000000,17928805,0.472734,0.483498,0.000010,0.022769,0.481856,0.000008,79,-0.054748,1,1,500.398,56.408
s15850,co_wear_leveling,0.500000,combined,16,0.050000,27,0.368492,0.631508,44711,0.461143,0.466444,0.000011,0.011496,0.460735,0.000000,3,-0.664806,1,0,2.658,0.354
s15850,co_wear_leveling,0.500000,combined,16,0.100000,53,0.478500,0.521500,179141,0.479503,0.484608,0.000003,0.010645,0.480760,0.000001,7,-0.537767,0,0,10.404,0.993
s15850,co_wear_leveling,0.500000,combined,16,0.150000,80,0.559294,0.440706,391029,0.459386,0.477632,0.000036,0.039718,0.468286,0.000019,12,-0.658417,0,1,22.816,1.891
s15850,co_wear_leveling,0.500000,combined,16,0.200000,107,0.625627,0.374373,712743,0.468073,0.475722,0.000007,0.016341,0.472336,0.000002,12,-0.396577,0,0,42.056,3.044
s15850,co_wear_leveling,0.500000,combined,16,0.250000,134,0.683185,0.316815,1116431,0.467488,0.479015,0.000010,0.024656,0.473081,0.000005,30,-0.364141,0,1,65.354,4.488
s15850,co_wear_leveling,0.500000,combined,16,0.300000,160,0.730235,0.269765,1601976,0.470505,0.485855,0.000031,0.032625,0.480886,0.000023,33,-0.467660,0,0,89.601,6.216
s15850,co_wear_leveling,0.500000,combined,16,0.350000,187,0.772272,0.227728,2209278,0.475024,0.484379,0.000008,0.019695,0.480271,0.000006,30,-0.275958,0,0,122.177,8.424
s15850,co_wear_leveling,0.500000,combined,16,0.400000,214,0.810740,0.189260,2910596,0.477862,0.488687,0.000022,0.022652,0.485096,0.000019,29,-0.337855,0,0,158.361,10.768
s15850,co_wear_leveling,0.500000,combined,16,0.450000,240,0.844485,0.155515,3635538,0.474564,0.481548,0.000009,0.014716,0.479018,0.000008,30,-0.206418,0,0,197.207,13.219
s15850,co_wear_leveling,0.500000,combined,16,0.500000,267,0.876591,0.123409,4489476,0.473502,0.480668,0.000009,0.015135,0.478118,0.000008,38,-0.173673,0,0,230.807,15.478
s15850,co_wear_leveling,0.500000,combined,16,0.550000,294,0.901755,0.098245,5417826,0.471280,0.480154,0.000016,0.018831,0.477838,0.000014,45,-0.189632,0,0,266.371,18.575
s15850,co_wear_leveling,0.500000,combined,16,0.600000,320,0.924315,0.075685,6435686,0.472545,0.478595,0.000004,0.012803,0.476467,0.000003,35,-0.086143,0,0,298.820,21.608
s15850,co_wear_leveling,0.500000,combined,16,0.650000,347,0.946105,0.053895,7628887,0.476377,0.480141,0.000003,0.007902,0.478580,0.000002,64,-0.059704,0,0,338.162,26.156
s15850,co_wear_leveling,0.500000,combined,16,0.700000,374,0.965677,0.034323,8895297,0.478152,0.481464,0.000002,0.006928,0.480551,0.000002,68,-0.039132,0,0,375.632,30.009
s15850,co_wear_leveling,0.500000,combined,16,0.750000,401,0.976861,0.023139,10138723,0.474070,0.476778,0.000002,0.005711,0.476240,0.000002,58,-0.019460,0,0,409.931,33.271
s15850,co_wear_leveling,0.500000,combined,16,0.800000,427,0.983128,0.016872,11508102,0.474566,0.477083,0.000001,0.005304,0.476530,0.000001,82,-0.008737,0,0,441.406,36.656
s15850,co_wear_leveling,0.500000,combined,16,0.850000,454,0.988334,0.011666,12970739,0.473153,0.476119,0.000002,0.006268,0.475583,0.000001,75,-0.003050,0,0,463.981,41.428
s15850,co_wear_leveling,0.500000,combined,16,0.900000,481,0.993540,0.006460,14476041,0.470444,0.473622,0.000002,0.006754,0.473116,0.000001,79,0.007518,1,1,481.434,46.130
s15850,co_wear_leveling,0.500000,combined,16,0.950000,507,0.997397,0.002603,16156106,0.472573,0.482938,0.000008,0.021933,0.481209,0.000006,76,-0.041184,1,1,493.112,51.954
s15850,co_wear_leveling,0.500000,combined,16,1.000000,534,1.000000,0.000000,17928805,0.472734,0.483498,0.000010,0.022769,0.481856,0.000008,79,-0.054748,1,1,498.029,57.344
s15850,co_wear_leveling,0.750000,combined,16,0.050000,27,0.368492,0.631508,44711,0.461143,0.466444,0.000011,0.011496,0.460735,0.000000,3,-0.664806,1,0,2.489,0.335
s15850,co_wear_leveling,0.750000,combined,16,0.100000,53,0.478500,0.521500,179141,0.479503,0.484608,0.000003,0.010645,0.480760,0.000001,7,-0.537767,0,0,9.904,1.025
s15850,co_wear_leveling,0.750000,combined,16,0.150000,80,0.559294,0.440706,391029,0.459386,0.477632,0.000036,0.039718,0.468286,0.000019,12,-0.658417,0,1,24.955,1.903
s15850,co_wear_leveling,0.750000,combined,16,0.200000,107,0.625627,0.374373,712743,0.468073,0.475722,0.000007,0.016341,0.472336,0.000002,12,-0.396577,0,0,41.700,3.015
s15850,co_wear_leveling,0.750000,combined,16,0.250000,134,0.683185,0.316815,1116431,0.467488,0.479015,0.000010,0.024656,0.473081,0.000005,30,-0.364141,0,1,64.436,4.375
s15850,co_wear_leveling,0.750000,combined,16,0.300000,160,0.730235,0.269765,1601976,0.470505,0.485855,0.000031,0.032625,0.480886,0.000023,33,-0.467660,0,0,92.552,6.020
s15850,co_wear_leveling,0.750000,combined,16,0.350000,187,0.772272,0.227728,2209278,0.475024,0.484379,0.000008,0.019695,0.480271,0.000006,30,-0.275958,0,0,120.046,7.923
s15850,co_wear_leveling,0.750000,combined,16,0.400000,214,0.810740,0.189260,2910596,0.477862,0.488687,0.000022,0.022652,0.485096,0.000019,29,-0.337855,0,0,154.428,10.174
s15850,co_wear_leveling,0.750000,combined,16,0.450000,240,0.844485,0.155515,3635538,0.474564,0.481548,0.000009,0.014716,0.479018,0.000008,30,-0.206418,0,0,189.229,13.381
s15850,co_wear_leveling,0.750000,combined,16,0.500000,267,0.876591,0.123409,4489476,0.473502,0.480668,0.000009,0.015135,0.478118,0.000008,38,-0.173673,0,0,229.177,15.632
s15850,co_wear_leveling,0.750000,combined,16,0.550000,294,0.901755,0.098245,5417826,0.471280,0.480154,0.000016,0.018831,0.477838,0.000014,45,-0.189632,0,0,263.678,18.188
s15850,co_wear_leveling,0.750000,combined,16,0.600000,320,0.924315,0.075685,6435686,0.472545,0.478595,0.000004,0.012803,0.476467,0.000003,35,-0.086143,0,0,303.319,22.545
s15850,co_wear_leveling,0.750000,combined,16,0.650000,347,0.946105,0.053895,7628887,0.476377,0.480141,0.000003,0.007902,0.478580,0.000002,64,-0.059704,0,0,339.593,24.728
s15850,co_wear_leveling,0.750000,combined,16,0.700000,374,0.965677,0.034323,8895297,0.478152,0.481464,0.000002,0.006928,0.480551,0.000002,68,-0.039132,0,0,377.663,28.740
s15850,co_wear_leveling,0.750000,combined,16,0.750000,401,0.976861,0.023139,10138723,0.474070,0.476778,0.000002,0.005711,0.476240,0.000002,58,-0.019460,0,0,408.885,32.872
s15850,co_wear_leveling,0.750000,combined,16,0.800000,427,0.983128,0.016872,11508102,0.474566,0.477083,0.000001,0.005304,0.476530,0.000001,82,-0.008737,0,0,436.886,38.706
s15850,co_wear_leveling,0.750000,combined,16,0.850000,454,0.988334,0.011666,12970739,0.473153,0.476119,0.000002,0.006268,0.475583,0.000001,75,-0.003050,0,0,462.298,41.547
s15850,co_wear_leveling,0.750000,combined,16,0.900000,481,0.993540,0.006460,14476041,0.470444,0.473622,0.000002,0.006754,0.473116,0.000001,79,0.007518,1,1,482.123,46.288
s15850,co_wear_leveling,0.750000,combined,16,0.950000,507,0.997397,0.002603,16156106,0.472573,0.482938,0.000008,0.021933,0.481209,0.000006,76,-0.041184,1,1,495.075,51.023
s15850,co_wear_leveling,0.750000,combined,16,1.000000,534,1.000000,0.000000,17928805,0.472734,0.483498,0.000010,0.022769,0.481856,0.000008,79,-0.054748,1,1,494.945,57.117
s15850,co_wear_leveling,1.000000,combined,16,0.050000,27,0.368492,0.631508,44711,0.461143,0.466444,0.000011,0.011496,0.460735,0.000000,3,-0.664806,1,0,2.608,0.356
s15850,co_wear_leveling,1.000000,combined,16,0.100000,53,0.478500,0.521500,179141,0.479503,0.484608,0.000003,0.010645,0.480760,0.000001,7,-0.537767,0,0,10.548,1.067
s15850,co_wear_leveling,1.000000,combined,16,0.150000,80,0.559294,0.440706,391029,0.459386,0.477632,0.000036,0.039718,0.468286,0.000019,12,-0.658417,0,1,23.042,1.931
s15850,co_wear_leveling,1.000000,combined,16,0.200000,107,0.625627,0.374373,712743,0.468073,0.475722,0.000007,0.016341,0.472336,0.000002,12,-0.396577,0,0,43.200,3.179
s15850,co_wear_leveling,1.000000,combined,16,0.250000,134,0.683185,0.316815,1116431,0.467488,0.479015,0.000010,0.024656,0.473081,0.000005,30,-0.364141,0,1,67.052,4.435
s15850,co_wear_leveling,1.000000,combined,16,0.300000,160,0.730235,0.269765,1601976,0.470505,0.485855,0.000031,0.032625,0.480886,0.000023,33,-0.467660,0,0,89.955,6.094
s15850,co_wear_leveling,1.000000,combined,16,0.350000,187,0.772272,0.227728,2209278,0.475024,0.484379,0.000008,0.019695,0.480271,0.000006,30,-0.275958,0,0,120.497,8.042
s15850,co_wear_leveling,1.000000,combined,16,0.400000,214,0.810740,0.189260,2910596,0.477862,0.488687,0.000022,0.022652,0.485096,0.000019,29,-0.337855,0,0,153.581,10.248
s15850,co_wear_leveling,1.000000,combined,16,0.450000,240,0.844485,0.155515,3635538,0.474564,0.481548,0.000009,0.014716,0.479018,0.000008,30,-0.206418,0,0,190.566,12.708
s15850,co_wear_leveling,1.000000,combined,16,0.500000,267,0.876591,0.123409,4489476,0.473502,0.480668,0.000009,0.015135,0.478118,0.000008,38,-0.173673,0,0,227.440,15.944
s15850,co_wear_leveling,1.000000,combined,16,0.550000,294,0.901755,0.098245,5417826,0.471280,0.480154,0.000016,0.018831,0.477838,0.000014,45,-0.189632,0,0,264.423,18.547
s15850,co_wear_leveling,1.000000,combined,16,0.600000,320,0.924315,0.075685,6435686,0.472545,0.478595,0.000004,0.012803,0.476467,0.000003,35,-0.086143,0,0,303.310,21.783
s15850,co_wear_leveling,1.000000,combined,16,0.650000,347,0.946105,0.053895,7628887,0.476377,0.480141,0.000003,0.007902,0.478580,0.000002,64,-0.059704,0,0,338.640,24.924
s15850,co_wear_leveling,1.000000,combined,16,0.700000,374,0.965677,0.034323,8895297,0.478152,0.481464,0.000002,0.006928,0.480551,0.000002,68,-0.039132,0,0,377.552,28.948
s15850,co_wear_leveling,1.000000,combined,16,0.750000,401,0.976861,0.023139,10138723,0.474070,0.476778,0.000002,0.005711,0.476240,0.000002,58,-0.019460,0,0,410.709,33.186
s15850,co_wear_leveling,1.000000,combined,16,0.800000,427,0.983128,0.016872,11508102,0.474566,0.477083,0.000001,0.005304,0.476530,0.000001,82,-0.008737,0,0,436.393,37.561
s15850,co_wear_leveling,1.000000,combined,16,0.850000,454,0.988334,0.011666,12970739,0.473153,0.476119,0.000002,0.006268,0.475583,0.000001,75,-0.003050,0,0,463.166,42.476
s15850,co_wear_leveling,1.000000,combined,16,0.900000,481,0.993540,0.006460,14476041,0.470444,0.473622,0.000002,0.006754,0.473116,0.000001,79,0.007518,1,1,483.994,47.095
s15850,co_wear_leveling,1.000000,combined,16,0.950000,507,0.997397,0.002603,16156106,0.472573,0.482938,0.000008,0.021933,0.481209,0.000006,76,-0.041184,1,1,495.795,51.851
s15850,co_wear_leveling,1.000000,combined,16,1.000000,534,1.000000,0.000000,17928805,0.472734,0.483498,0.000010,0.022769,0.481856,0.000008,79,-0.054748,1,1,499.141,57.373
s15850,random,0.500000,combined,16,0.050000,27,0.032491,0.967509,42340,0.436688,0.478975,0.000272,0.096835,0.441799,0.000016,2,-1.170410,0,1,0.008,0.509
s15850,random,0.500000,combined,16,0.100000,53,0.079252,0.920748,172409,0.461484,0.487729,0.000070,0.056871,0.469242,0.000007,5,-0.973146,0,0,0.006,1.427
s15850,random,0.500000,combined,16,0.150000,80,0.118203,0.881797,392462,0.461069,0.485902,0.000131,0.053860,0.478037,0.000087,12,-0.988427,0,1,0.006,2.039
s15850,random,0.500000,combined,16,0.200000,107,0.165927,0.834073,708282,0.465144,0.472279,0.000015,0.015340,0.471084,0.000013,22,-0.823536,0,0,0.006,3.197
s15850,random,0.500000,combined,16,0.250000,134,0.205168,0.794832,1106169,0.463191,0.471271,0.000020,0.017445,0.469262,0.000018,19,-0.785953,0,0,0.007,4.778
s15850,random,0.500000,combined,16,0.300000,160,0.249229,0.750771,1576945,0.463153,0.469361,0.000008,0.013402,0.467511,0.000005,25,-0.728780,1,1,0.006,6.300
s15850,random,0.500000,combined,16,0.350000,187,0.281142,0.718858,2155322,0.463423,0.471714,0.000014,0.017892,0.470277,0.000010,22,-0.705167,1,1,0.008,8.339
s15850,random,0.500000,combined,16,0.400000,214,0.337254,0.662746,2838682,0.466055,0.475019,0.000019,0.019234,0.473765,0.000015,29,-0.659697,1,1,0.009,10.609
s15850,random,0.500000,combined,16,0.450000,240,0.402526,0.597474,3617927,0.472265,0.478102,0.000009,0.012359,0.476752,0.000007,55,-0.595376,0,0,0.010,12.861
s15850,random,0.500000,combined,16,0.500000,267,0.450347,0.549653,4452214,0.469572,0.477063,0.000012,0.015955,0.476175,0.000010,36,-0.546460,1,0,0.010,15.387
s15850,random,0.500000,combined,16,0.550000,294,0.512534,0.487466,5394621,0.469261,0.478211,0.000016,0.019072,0.477082,0.000014,52,-0.489167,1,0,0.011,18.325
s15850,random,0.500000,combined,16,0.600000,320,0.555920,0.444080,6374760,0.468072,0.479065,0.000015,0.023486,0.476919,0.000013,48,-0.444365,0,0,0.011,21.713
s15850,random,0.500000,combined,16,0.650000,347,0.660239,0.339761,7477190,0.466904,0.478798,0.000021,0.025473,0.476819,0.000019,63,-0.343823,1,1,0.012,25.171
s15850,random,0.500000,combined,16,0.700000,374,0.720883,0.279117,8738993,0.469750,0.481424,0.000019,0.024852,0.479588,0.000017,67,-0.286762,0,0,0.012,29.131
s15850,random,0.500000,combined,16,0.750000,401,0.754531,0.245469,10008465,0.467980,0.480734,0.000017,0.027254,0.478463,0.000014,64,-0.248487,0,0,0.016,33.326
s15850,random,0.500000,combined,16,0.800000,427,0.813344,0.186656,11323506,0.466953,0.480235,0.000016,0.028442,0.478212,0.000014,64,-0.187658,1,1,0.014,37.644
s15850,random,0.500000,combined,16,0.850000,454,0.855862,0.144138,12829066,0.467985,0.481485,0.000013,0.028847,0.479582,0.000011,62,-0.144855,0,1,0.015,42.920
s15850,random,0.500000,combined,16,0.900000,481,0.935885,0.064115,14421933,0.468686,0.480312,0.000010,0.024806,0.478516,0.000008,65,-0.061173,1,1,0.017,48.121
s15850,random,0.500000,combined,16,0.950000,507,0.964134,0.035866,16097932,0.470872,0.482760,0.000012,0.025248,0.481042,0.000010,71,-0.039800,1,1,0.017,53.175
s15850,random,0.500000,combined,16,1.000000,534,1.000000,0.000000,17928805,0.472734,0.483498,0.000010,0.022769,0.481856,0.000008,79,-0.004642,1,1,0.017,59.536
s208,co,0.500000,combined,16,0.050000,1,0.223684,0.776316,13,0.448276,0.448276,0.000000,0.000000,0.448276,0.000000,0,-0.776316,0,0,0.001,0.001
s208,co,0.500000,combined,16,0.100000,1,0.223684,0.776316,13,0.448276,0.448276,0.000000,0.000000,0.448276,0.000000,0,-0.776316,0,0,0.000,0.000
s208,co,0.500000,combined,16,0.150000,1,0.223684,0.776316,13,0.448276,0.448276,0.000000,0.000000,0.448276,0.000000,0,-0.776316,0,0,0.000,0.000
s208,co,0.500000,combined,16,0.200000,2,0.421053,0.578947,34,0.293103,0.327586,0.001189,0.117647,0.293103,0.000000,0,-0.316615,0,0,0.000,0.001
s208,co,0.500000,combined,16,0.250000,2,0.421053,0.578947,34,0.293103,0.327586,0.001189,0.117647,0.293103,0.000000,0,-0.316615,0,0,0.000,0.000
s208,co,0.500000,combined,16,0.300000,2,0.421053,0.578947,34,0.293103,0.327586,0.001189,0.117647,0.293103,0.000000,0,-0.316615,0,0,0.000,0.000
s208,co,0.500000,combined,16,0.350000,3,0.592105,0.407895,62,0.237548,0.264368,0.000382,0.112903,0.237548,0.000000,0,0.017716,0,0,0.000,0.002
s208,co,0.500000,combined,16,0.400000,3,0.592105,0.407895,62,0.237548,0.264368,0.000382,0.112903,0.237548,0.000000,0,0.017716,0,0,0.000,0.001
s208,co,0.500000,combined,16,0.450000,4,0.750000,0.250000,103,0.221983,0.250000,0.000423,0.126214,0.221983,0.000000,0,0.207434,1,1,0.000,0.004
s208,co,0.500000,combined,16,0.500000,4,0.750000,0.250000,103,0.221983,0.250000,0.000423,0.126214,0.221983,0.000000,0,0.207434,1,1,0.000,0.001
s208,co,0.500000,combined,16,0.550000,4,0.750000,0.250000,103,0.221983,0.250000,0.000423,0.126214,0.221983,0.000000,0,0.207434,1,1,0.000,0.001
s208,co,0.500000,combined,16,0.600000,5,0.842105,0.157895,199,0.274483,0.310345,0.000940,0.130653,0.274483,0.000000,0,0.153945,1,1,0.000,0.004
s208,co,0.500000,combined,16,0.650000,5,0.842105,0.157895,199,0.274483,0.310345,0.000940,0.130653,0.274483,0.000000,0,0.153945,1,1,0.000,0.002
s208,co,0.500000,combined,16,0.700000,6,0.907895,0.092105,311,0.297893,0.350575,0.002834,0.176849,0.297893,0.000000,0,0.076489,0,0,0.000,0.005
s208,co,0.500000,combined,16,0.750000,6,0.907895,0.092105,311,0.297893,0.350575,0.002834,0.176849,0.297893,0.000000,0,0.076489,0,0,0.000,0.003
s208,co,0.500000,combined,16,0.800000,6,0.907895,0.092105,311,0.297893,0.350575,0.002834,0.176849,0.297893,0.000000,0,0.076489,0,0,0.000,0.002
s208,co,0.500000,combined,16,0.850000,7,0.960526,0.039474,392,0.275862,0.339901,0.003924,0.232143,0.275862,0.000000,0,0.124012,1,1,0.000,0.007
s208,co,0.500000,combined,16,0.900000,7,0.960526,0.039474,392,0.275862,0.339901,0.003924,0.232143,0.275862,0.000000,0,0.124012,1,1,0.000,0.004
s208,co,0.500000,combined,16,0.950000,8,1.000000,0.000000,555,0.299030,0.383621,0.006553,0.282883,0.299030,0.000000,0,-0.011418,1,1,0.000,0.009
s208,co,0.500000,combined,16,1.000000,8,1.000000,0.000000,555,0.299030,0.383621,0.006553,0.282883,0.299030,0.000000,0,-0.011418,1,1,0.000,0.005
s208,combined,0.500000,combined,16,0.050000,1,0.223684,0.776316,13,0.448276,0.448276,0.000000,0.000000,0.448276,0.000000,0,-0.776316,0,0,0.012,0.004
s208,combined,0.500000,combined,16,0.100000,1,0.223684,0.776316,13,0.448276,0.448276,0.000000,0.000000,0.448276,0.000000,0,-0.776316,0,0,0.001,0.002
s208,combined,0.500000,combined,16,0.150000,1,0.223684,0.776316,13,0.448276,0.448276,0.000000,0.000000,0.448276,0.000000,0,-0.776316,0,0,0.001,0.001
s208,combined,0.500000,combined,16,0.200000,2,0.421053,0.578947,34,0.293103,0.327586,0.001189,0.117647,0.293103,0.000000,0,-0.316615,0,0,0.001,0.010
s208,combined,0.500000,combined,16,0.250000,2,0.421053,0.578947,34,0.293103,0.327586,0.001189,0.117647,0.293103,0.000000,0,-0.316615,0,0,0.001,0.005
s208,combined,0.500000,combined,16,0.300000,2,0.421053,0.578947,34,0.293103,0.327586,0.001189,0.117647,0.293103,0.000000,0,-0.316615,0,0,0.001,0.004
s208,combined,0.500000,combined,16,0.350000,3,0.592105,0.407895,62,0.237548,0.264368,0.000382,0.112903,0.237548,0.000000,0,0.017716,0,0,0.001,0.017
s208,combined,0.500000,combined,16,0.400000,3,0.592105,0.407895,62,0.237548,0.264368,0.000382,0.112903,0.237548,0.000000,0,0.017716,0,0,0.001,0.010
s208,combined,0.500000,combined,16,0.450000,4,0.750000,0.250000,103,0.221983,0.250000,0.000423,0.126214,0.221983,0.000000,0,0.207434,1,1,0.001,0.031
s208,combined,0.500000,combined,16,0.500000,4,0.750000,0.250000,103,0.221983,0.250000,0.000423,0.126214,0.221983,0.000000,0,0.207434,1,1,0.001,0.017
s208,combined,0.500000,combined,16,0.550000,4,0.750000,0.250000,103,0.221983,0.250000,0.000423,0.126214,0.221983,0.000000,0,0.207434,1,1,0.001,0.013
s208,combined,0.500000,combined,16,0.600000,5,0.842105,0.157895,199,0.274483,0.310345,0.000940,0.130653,0.274483,0.000000,0,0.153945,1,1,0.001,0.035
s208,combined,0.500000,combined,16,0.650000,5,0.842105,0.157895,199,0.274483,0.310345,0.000940,0.130653,0.274483,0.000000,0,0.153945,1,1,0.001,0.023
s208,combined,0.500000,combined,16,0.700000,6,0.907895,0.092105,311,0.297893,0.350575,0.002834,0.176849,0.297893,0.000000,0,0.076489,0,0,0.001,0.048
s208,combined,0.500000,combined,16,0.750000,6,0.907895,0.092105,311,0.297893,0.350575,0.002834,0.176849,0.297893,0.000000,0,0.076489,0,0,0.001,0.032
s208,combined,0.500000,combined,16,0.800000,6,0.907895,0.092105,311,0.297893,0.350575,0.002834,0.176849,0.297893,0.000000,0,0.076489,0,0,0.001,0.027
s208,combined,0.500000,combined,16,0.850000,7,0.960526,0.039474,392,0.275862,0.339901,0.003924,0.232143,0.275862,0.000000,0,0.124012,1,1,0.001,0.058
s208,combined,0.500000,combined,16,0.900000,7,0.960526,0.039474,392,0.275862,0.339901,0.003924,0.232143,0.275862,0.000000,0,0.124012,1,1,0.001,0.042
s208,combined,0.500000,combined,16,0.950000,8,1.000000,0.000000,555,0.299030,0.383621,0.006553,0.282883,0.299030,0.000000,0,-0.011418,1,1,0.001,0.071
s208,combined,0.500000,combined,16,1.000000,8,1.000000,0.000000,555,0.299030,0.383621,0.006553,0.282883,0.299030,0.000000,0,-0.011418,1,1,0.001,0.053
s208,combined_wear,0.000000,combined,16,0.050000,1,0.223684,0.776316,13,0.448276,0.448276,0.000000,0.000000,0.448276,0.000000,0,-0.776316,0,0,0.007,0.003
s208,combined_wear,0.000000,combined,16,0.100000,1,0.223684,0.776316,13,0.448276,0.448276,0.000000,0.000000,0.448276,0.000000,0,-0.776316,0,0,0.001,0.001
s208,combined_wear,0.000000,combined,16,0.150000,1,0.223684,0.776316,13,0.448276,0.448276,0.000000,0.000000,0.448276,0.000000,0,-0.776316,0,0,0.000,0.001
s208,combined_wear,0.000000,combined,16,0.200000,2,0.421053,0.578947,34,0.293103,0.327586,0.001189,0.117647,0.293103,0.000000,0,-0.316615,0,0,0.000,0.004
s208,combined_wear,0.000000,combined,16,0.250000,2,0.421053,0.578947,34,0.293103,0.327586,0.001189,0.117647,0.293103,0.000000,0,-0.316615,0,0,0.000,0.002
s208,combined_wear,0.000000,combined,16,0.300000,2,0.421053,0.578947,34,0.293103,0.327586,0.001189,0.117647,0.293103,0.000000,0,-0.316615,0,0,0.000,0.002
s208,combined_wear,0.000000,combined,16,0.350000,3,0.592105,0.407895,62,0.237548,0.264368,0.000382,0.112903,0.237548,0.000000,0,0.017716,0,0,0.000,0.007
s208,combined_wear,0.000000,combined,16,0.400000,3,0.592105,0.407895,62,0.237548,0.264368,0.000382,0.112903,0.237548,0.000000,0,0.017716,0,0,0.000,0.004
s208,combined_wear,0.000000,combined,16,0.450000,4,0.750000,0.250000,103,0.221983,0.250000,0.000423,0.126214,0.221983,0.000000,0,0.207434,1,1,0.000,0.011
s208,combined_wear,0.000000,combined,16,0.500000,4,0.750000,0.250000,103,0.221983,0.250000,0.000423,0.126214,0.221983,0.000000,0,0.207434,1,1,0.000,0.006
s208,combined_wear,0.000000,combined,16,0.550000,4,0.750000,0.250000,103,0.221983,0.250000,0.000423,0.126214,0.221983,0.000000,0,0.207434,1,1,0.000,0.005
s208,combined_wear,0.000000,combined,16,0.600000,5,0.842105,0.157895,199,0.274483,0.310345,0.000940,0.130653,0.274483,0.000000,0,0.153945,1,1,0.000,0.016
s208,combined_wear,0.000000,combined,16,0.650000,5,0.842105,0.157895,199,0.274483,0.310345,0.000940,0.130653,0.274483,0.000000,0,0.153945,1,1,0.000,0.009
s208,combined_wear,0.000000,combined,16,0.700000,6,0.907895,0.092105,311,0.297893,0.350575,0.002834,0.176849,0.297893,0.000000,0,0.076489,0,0,0.000,0.024
s208,combined_wear,0.000000,combined,16,0.750000,6,0.907895,0.092105,311,0.297893,0.350575,0.002834,0.176849,0.297893,0.000000,0,0.076489,0,0,0.000,0.013
s208,combined_wear,0.000000,combined,16,0.800000,6,0.907895,0.092105,311,0.297893,0.350575,0.002834,0.176849,0.297893,0.000000,0,0.076489,0,0,0.000,0.017
s208,combined_wear,0.000000,combined,16,0.850000,7,0.960526,0.039474,392,0.275862,0.339901,0.003924,0.232143,0.275862,0.000000,0,0.124012,1,1,0.000,0.031
s208,combined_wear,0.000000,combined,16,0.900000,7,0.960526,0.039474,392,0.275862,0.339901,0.003924,0.232143,0.275862,0.000000,0,0.124012,1,1,0.000,0.016
s208,combined_wear,0.000000,combined,16,0.950000,8,1.000000,0.000000,555,0.299030,0.383621,0.006553,0.282883,0.299030,0.000000,0,-0.011418,1,1,0.001,0.034
s208,combined_wear,0.000000,combined,16,1.000000,8,1.000000,0.000000,555,0.299030,0.383621,0.006553,0.282883,0.299030,0.000000,0,-0.011418,1,1,0.001,0.021
s208,combined_wear,0.250000,combined,16,0.050000,1,0.223684,0.776316,13,0.448276,0.448276,0.000000,0.000000,0.448276,0.000000,0,-0.776316,0,0,0.007,0.002
s208,combined_wear,0.250000,combined,16,0.100000,1,0.223684,0.776316,13,0.448276,0.448276,0.000000,0.000000,0.448276,0.000000,0,-0.776316,0,0,0.001,0.001
s208,combined_wear,0.250000,combined,16,0.150000,1,0.223684,0.776316,13,0.448276,0.448276,0.000000,0.000000,0.448276,0.000000,0,-0.776316,0,0,0.000,0.001
s208,combined_wear,0.250000,combined,16,0.200000,2,0.421053,0.578947,34,0.293103,0.327586,0.001189,0.117647,0.293103,0.000000,0,-0.316615,0,0,0.000,0.006
s208,combined_wear,0.250000,combined,16,0.250000,2,0.421053,0.578947,34,0.293103,0.327586,0.001189,0.117647,0.293103,0.000000,0,-0.316615,0,0,0.000,0.002
s208,combined_wear,0.250000,combined,16,0.300000,2,0.421053,0.578947,34,0.293103,0.327586,0.001189,0.117647,0.293103,0.000000,0,-0.316615,0,0,0.000,0.002
s208,combined_wear,0.250000,combined,16,0.350000,3,0.592105,0.407895,62,0.237548,0.264368,0.000382,0.112903,0.237548,0.000000,0,0.017716,0,0,0.000,0.008
s208,combined_wear,0.250000,combined,16,0.400000,3,0.592105,0.407895,62,0.237548,0.264368,0.000382,0.112903,0.237548,0.000000,0,0.017716,0,0,0.001,0.005
s208,combined_wear,0.250000,combined,16,0.450000,4,0.750000,0.250000,103,0.221983,0.250000,0.000423,0.126214,0.221983,0.000000,0,0.207434,1,1,0.000,0.012
s208,combined_wear,0.250000,combined,16,0.500000,4,0.750000,0.250000,103,0.221983,0.250000,0.000423,0.126214,0.221983,0.000000,0,0.207434,1,1,0.000,0.006
s208,combined_wear,0.250000,combined,16,0.550000,4,0.750000,0.250000,103,0.221983,0.250000,0.000423,0.126214,0.221983,0.000000,0,0.207434,1,1,0.000,0.005
s208,combined_wear,0.250000,combined,16,0.600000,5,0.842105,0.157895,199,0.274483,0.310345,0.000940,0.130653,0.274483,0.000000,0,0.153945,0,0,0.000,0.016
s208,combined_wear,0.250000,combined,16,0.650000,5,0.842105,0.157895,199,0.274483,0.310345,0.000940,0.130653,0.274483,0.000000,0,0.153945,0,0,0.000,0.009
s208,combined_wear,0.250000,combined,16,0.700000,6,0.894737,0.105263,270,0.258621,0.304598,0.001839,0.177778,0.258621,0.000000,0,0.196392,1,1,0.000,0.023
s208,combined_wear,0.250000,combined,16,0.750000,6,0.894737,0.105263,270,0.258621,0.304598,0.001839,0.177778,0.258621,0.000000,0,0.196392,1,1,0.000,0.013
s208,combined_wear,0.250000,combined,16,0.800000,6,0.894737,0.105263,270,0.258621,0.304598,0.001839,0.177778,0.258621,0.000000,0,0.196392,1,1,0.000,0.011
s208,combined_wear,0.250000,combined,16,0.850000,7,0.960526,0.039474,392,0.275862,0.339901,0.003924,0.232143,0.275862,0.000000,0,0.124012,1,1,0.000,0.031
s208,combined_wear,0.250000,combined,16,0.900000,7,0.960526,0.039474,392,0.275862,0.339901,0.003924,0.232143,0.275862,0.000000,0,0.124012,1,1,0.000,0.017
s208,combined_wear,0.250000,combined,16,0.950000,8,1.000000,0.000000,555,0.299030,0.383621,0.006553,0.282883,0.299030,0.000000,0,-0.011418,1,1,0.001,0.036
s208,combined_wear,0.250000,combined,16,1.000000,8,1.000000,0.000000,555,0.299030,0.383621,0.006553,0.282883,0.299030,0.000000,0,-0.011418,1,1,0.001,0.022
s208,combined_wear,0.500000,combined,16,0.050000,1,0.223684,0.776316,13,0.448276,0.448276,0.000000,0.000000,0.448276,0.000000,0,-0.776316,0,0,0.012,0.004
s208,combined_wear,0.500000,combined,16,0.100000,1,0.223684,0.776316,13,0.448276,0.448276,0.000000,0.000000,0.448276,0.000000,0,-0.776316,0,0,0.002,0.002
s208,combined_wear,0.500000,combined,16,0.150000,1,0.223684,0.776316,13,0.448276,0.448276,0.000000,0.000000,0.448276,0.000000,0,-0.776316,0,0,0.001,0.002
s208,combined_wear,0.500000,combined,16,0.200000,2,0.421053,0.578947,34,0.293103,0.327586,0.001189,0.117647,0.293103,0.000000,0,-0.316615,0,0,0.001,0.009
s208,combined_wear,0.500000,combined,16,0.250000,2,0.421053,0.578947,34,0.293103,0.327586,0.001189,0.117647,0.293103,0.000000,0,-0.316615,0,0,0.001,0.005
s208,combined_wear,0.500000,combined,16,0.300000,2,0.421053,0.578947,34,0.293103,0.327586,0.001189,0.117647,0.293103,0.000000,0,-0.316615,0,0,0.001,0.004
s208,combined_wear,0.500000,combined,16,0.350000,3,0.592105,0.407895,62,0.237548,0.264368,0.000382,0.112903,0.237548,0.000000,0,0.017716,1,1,0.001,0.016
s208,combined_wear,0.500000,combined,16,0.400000,3,0.592105,0.407895,62,0.237548,0.264368,0.000382,0.112903,0.237548,0.000000,0,0.017716,1,1,0.001,0.009
s208,combined_wear,0.500000,combined,16,0.450000,4,0.684211,0.315789,138,0.297414,0.336207,0.001208,0.130435,0.297414,0.000000,0,-0.068589,0,0,0.001,0.027
s208,combined_wear,0.500000,combined,16,0.500000,4,0.684211,0.315789,138,0.297414,0.336207,0.001208,0.130435,0.297414,0.000000,0,-0.068589,0,0,0.001,0.016
s208,combined_wear,0.500000,combined,16,0.550000,4,0.684211,0.315789,138,0.297414,0.336207,0.001208,0.130435,0.297414,0.000000,0,-0.068589,0,0,0.001,0.013
s208,combined_wear,0.500000,combined,16,0.600000,5,0.842105,0.157895,199,0.274483,0.310345,0.000940,0.130653,0.274483,0.000000,0,0.153945,0,0,0.001,0.048
s208,combined_wear,0.500000,combined,16,0.650000,5,0.842105,0.157895,199,0.274483,0.310345,0.000940,0.130653,0.274483,0.000000,0,0.153945,0,0,0.001,0.021
s208,combined_wear,0.500000,combined,16,0.700000,6,0.894737,0.105263,270,0.258621,0.304598,0.001839,0.177778,0.258621,0.000000,0,0.196392,1,1,0.001,0.044
s208,combined_wear,0.500000,combined,16,0.750000,6,0.894737,0.105263,270,0.258621,0.304598,0.001839,0.177778,0.258621,0.000000,0,0.196392,1,1,0.001,0.030
s208,combined_wear,0.500000,combined,16,0.800000,6,0.894737,0.105263,270,0.258621,0.304598,0.001839,0.177778,0.258621,0.000000,0,0.196392,1,1,0.001,0.025
s208,combined_wear,0.500000,combined,16,0.850000,7,0.960526,0.039474,392,0.275862,0.339901,0.003924,0.232143,0.275862,0.000000,0,0.124012,1,1,0.001,0.054
s208,combined_wear,0.500000,combined,16,0.900000,7,0.960526,0.039474,392,0.275862,0.339901,0.003924,0.232143,0.275862,0.000000,0,0.124012,1,1,0.001,0.040
s208,combined_wear,0.500000,combined,16,0.950000,8,1.000000,0.000000,555,0.299030,0.383621,0.006553,0.282883,0.299030,0.000000,0,-0.011418,1,1,0.001,0.067
s208,combined_wear,0.500000,combined,16,1.000000,8,1.000000,0.000000,555,0.299030,0.383621,0.006553,0.282883,0.299030,0.000000,0,-0.011418,1,1,0.001,0.050
s208,combined_wear,0.750000,combined,16,0.050000,1,0.223684,0.776316,13,0.448276,0.448276,0.000000,0.000000,0.448276,0.000000,0,-0.776316,0,0,0.007,0.003
s208,combined_wear,0.750000,combined,16,0.100000,1,0.223684,0.776316,13,0.448276,0.448276,0.000000,0.000000,0.448276,0.000000,0,-0.776316,0,0,0.001,0.001
s208,combined_wear,0.750000,combined,16,0.150000,1,0.223684,0.776316,13,0.448276,0.448276,0.000000,0.000000,0.448276,0.000000,0,-0.776316,0,0,0.000,0.001
s208,combined_wear,0.750000,combined,16,0.200000,2,0.421053,0.578947,34,0.293103,0.327586,0.001189,0.117647,0.293103,0.000000,0,-0.316615,0,0,0.001,0.005
s208,combined_wear,0.750000,combined,16,0.250000,2,0.421053,0.578947,34,0.293103,0.327586,0.001189,0.117647,0.293103,0.000000,0,-0.316615,0,0,0.000,0.003
s208,combined_wear,0.750000,combined,16,0.300000,2,0.421053,0.578947,34,0.293103,0.327586,0.001189,0.117647,0.293103,0.000000,0,-0.316615,0,0,0.000,0.002
s208,combined_wear,0.750000,combined,16,0.350000,3,0.513158,0.486842,90,0.344828,0.402299,0.002730,0.166667,0.344828,0.000000,0,-0.424335,0,0,0.000,0.010
s208,combined_wear,0.750000,combined,16,0.400000,3,0.513158,0.486842,90,0.344828,0.402299,0.002730,0.166667,0.344828,0.000000,0,-0.424335,0,0,0.000,0.005
s208,combined_wear,0.750000,combined,16,0.450000,4,0.565789,0.434211,137,0.295259,0.370690,0.004287,0.255474,0.295259,0.000000,0,-0.340543,0,0,0.000,0.014
s208,combined_wear,0.750000,combined,16,0.500000,4,0.565789,0.434211,137,0.295259,0.370690,0.004287,0.255474,0.295259,0.000000,0,-0.340543,0,0,0.000,0.007
s208,combined_wear,0.750000,combined,16,0.550000,4,0.565789,0.434211,137,0.295259,0.370690,0.004287,0.255474,0.295259,0.000000,0,-0.340543,0,0,0.000,0.005
s208,combined_wear,0.750000,combined,16,0.600000,5,0.736842,0.263158,197,0.271724,0.324138,0.002447,0.192893,0.271724,0.000000,0,-0.021106,0,0,0.001,0.020
s208,combined_wear,0.750000,combined,16,0.650000,5,0.736842,0.263158,197,0.271724,0.324138,0.002447,0.192893,0.271724,0.000000,0,-0.021106,0,0,0.000,0.011
s208,combined_wear,0.750000,combined,16,0.700000,6,0.894737,0.105263,270,0.258621,0.304598,0.001839,0.177778,0.258621,0.000000,0,0.196392,1,1,0.000,0.027
s208,combined_wear,0.750000,combined,16,0.750000,6,0.894737,0.105263,270,0.258621,0.304598,0.001839,0.177778,0.258621,0.000000,0,0.196392,1,1,0.000,0.015
s208,combined_wear,0.750000,combined,16,0.800000,6,0.894737,0.105263,270,0.258621,0.304598,0.001839,0.177778,0.258621,0.000000,0,0.196392,1,1,0.000,0.011
s208,combined_wear,0.750000,combined,16,0.850000,7,0.960526,0.039474,392,0.275862,0.339901,0.003924,0.232143,0.275862,0.000000,0,0.124012,1,1,0.000,0.037
s208,combined_wear,0.750000,combined,16,0.900000,7,0.960526,0.039474,392,0.275862,0.339901,0.003924,0.232143,0.275862,0.000000,0,0.124012,1,1,0.000,0.020
s208,combined_wear,0.750000,combined,16,0.950000,8,1.000000,0.000000,555,0.299030,0.383621,0.006553,0.282883,0.299030,0.000000,0,-0.011418,1,1,0.001,0.038
s208,combined_wear,0.750000,combined,16,1.000000,8,1.000000,0.000000,555,0.299030,0.383621,0.006553,0.282883,0.299030,0.000000,0,-0.011418,1,1,0.000,0.022
s208,combined_wear,1.000000,combined,16,0.050000,1,0.092105,0.907895,18,0.620690,0.620690,0.000000,0.000000,0.620690,0.000000,0,-0.907895,0,0,0.006,0.004
s208,combined_wear,1.000000,combined,16,0.100000,1,0.092105,0.907895,18,0.620690,0.620690,0.000000,0.000000,0.620690,0.000000,0,-0.907895,0,0,0.048,0.005
s208,combined_wear,1.000000,combined,16,0.150000,1,0.092105,0.907895,18,0.620690,0.620690,0.000000,0.000000,0.620690,0.000000,0,-0.907895,0,0,0.002,0.001
s208,combined_wear,1.000000,combined,16,0.200000,2,0.144737,0.855263,35,0.301724,0.379310,0.006020,0.257143,0.301724,0.000000,0,-0.633509,0,0,0.001,0.009
s208,combined_wear,1.000000,combined,16,0.250000,2,0.144737,0.855263,35,0.301724,0.379310,0.006020,0.257143,0.301724,0.000000,0,-0.633509,0,0,0.001,0.004
s208,combined_wear,1.000000,combined,16,0.300000,2,0.144737,0.855263,35,0.301724,0.379310,0.006020,0.257143,0.301724,0.000000,0,-0.633509,0,0,0.001,0.002
s208,combined_wear,1.000000,combined,16,0.350000,3,0.368421,0.631579,82,0.314176,0.402299,0.005666,0.280488,0.314176,0.000000,0,-0.424899,0,0,0.001,0.010
s208,combined_wear,1.000000,combined,16,0.400000,3,0.368421,0.631579,82,0.314176,0.402299,0.005666,0.280488,0.314176,0.000000,0,-0.424899,0,0,0.000,0.004
s208,combined_wear,1.000000,combined,16,0.450000,4,0.565789,0.434211,137,0.295259,0.370690,0.004287,0.255474,0.295259,0.000000,0,-0.134213,0,0,0.001,0.012
s208,combined_wear,1.000000,combined,16,0.500000,4,0.565789,0.434211,137,0.295259,0.370690,0.004287,0.255474,0.295259,0.000000,0,-0.134213,0,0,0.000,0.007
s208,combined_wear,1.000000,combined,16,0.550000,4,0.565789,0.434211,137,0.295259,0.370690,0.004287,0.255474,0.295259,0.000000,0,-0.134213,0,0,0.000,0.005
s208,combined_wear,1.000000,combined,16,0.600000,5,0.736842,0.263158,197,0.271724,0.324138,0.002447,0.192893,0.271724,0.000000,0,0.163510,1,1,0.001,0.018
s208,combined_wear,1.000000,combined,16,0.650000,5,0.736842,0.263158,197,0.271724,0.324138,0.002447,0.192893,0.271724,0.000000,0,0.163510,1,1,0.001,0.010
s208,combined_wear,1.000000,combined,16,0.700000,6,0.802632,0.197368,299,0.286398,0.362069,0.005146,0.264214,0.286398,0.000000,0,0.083940,0,0,0.001,0.024
s208,combined_wear,1.000000,combined,16,0.750000,6,0.802632,0.197368,299,0.286398,0.362069,0.005146,0.264214,0.286398,0.000000,0,0.083940,0,0,0.000,0.014
s208,combined_wear,1.000000,combined,16,0.800000,6,0.802632,0.197368,299,0.286398,0.362069,0.005146,0.264214,0.286398,0.000000,0,0.083940,0,0,0.000,0.011
s208,combined_wear,1.000000,combined,16,0.850000,7,0.960526,0.039474,392,0.275862,0.339901,0.003924,0.232143,0.275862,0.000000,0,0.314794,1,1,0.001,0.031
s208,combined_wear,1.000000,combined,16,0.900000,7,0.960526,0.039474,392,0.275862,0.339901,0.003924,0.232143,0.275862,0.000000,0,0.314794,1,1,0.000,0.017
s208,combined_wear,1.000000,combined,16,0.950000,8,1.000000,0.000000,555,0.299030,0.383621,0.006553,0.282883,0.299030,0.000000,0,0.200087,1,1,0.001,0.041
s208,combined_wear,1.000000,combined,16,1.000000,8,1.000000,0.000000,555,0.299030,0.383621,0.006553,0.282883,0.299030,0.000000,0,0.200087,1,1,0.001,0.023
s208,combined_wear_leveling,0.000000,combined,16,0.050000,1,0.223684,0.776316,13,0.448276,0.448276,0.000000,0.000000,0.448276,0.000000,0,-0.776316,0,0,0.015,0.003
s208,combined_wear_leveling,0.000000,combined,16,0.100000,1,0.223684,0.776316,13,0.448276,0.448276,0.000000,0.000000,0.448276,0.000000,0,-0.776316,0,0,0.004,0.002
s208,combined_wear_leveling,0.000000,combined,16,0.150000,1,0.223684,0.776316,13,0.448276,0.448276,0.000000,0.000000,0.448276,0.000000,0,-0.776316,0,0,0.004,0.001
s208,combined_wear_leveling,0.000000,combined,16,0.200000,2,0.421053,0.578947,34,0.293103,0.327586,0.001189,0.117647,0.293103,0.000000,0,-0.316615,0,0,0.009,0.007
s208,combined_wear_leveling,0.000000,combined,16,0.250000,2,0.421053,0.578947,34,0.293103,0.327586,0.001189,0.117647,0.293103,0.000000,0,-0.316615,0,0,0.009,0.004
s208,combined_wear_leveling,0.000000,combined,16,0.300000,2,0.421053,0.578947,34,0.293103,0.327586,0.001189,0.117647,0.293103,0.000000,0,-0.316615,0,0,0.008,0.004
s208,combined_wear_leveling,0.000000,combined,16,0.350000,3,0.592105,0.407895,62,0.237548,0.264368,0.000382,0.112903,0.237548,0.000000,0,0.017716,0,0,0.013,0.014
s208,combined_wear_leveling,0.000000,combined,16,0.400000,3,0.592105,0.407895,62,0.237548,0.264368,0.000382,0.112903,0.237548,0.000000,0,0.017716,0,0,0.013,0.007
s208,combined_wear_leveling,0.000000,combined,16,0.450000,4,0.750000,0.250000,103,0.221983,0.250000,0.000423,0.126214,0.221983,0.000000,0,0.207434,1,1,0.017,0.021
s208,combined_wear_leveling,0.000000,combined,16,0.500000,4,0.750000,0.250000,103,0.221983,0.250000,0.000423,0.126214,0.221983,0.000000,0,0.207434,1,1,0.017,0.012
s208,combined_wear_leveling,0.000000,combined,16,0.550000,4,0.750000,0.250000,103,0.221983,0.250000,0.000423,0.126214,0.221983,0.000000,0,0.207434,1,1,0.016,0.010
s208,combined_wear_leveling,0.000000,combined,16,0.600000,5,0.842105,0.157895,199,0.274483,0.310345,0.000940,0.130653,0.274483,0.000000,0,0.153945,1,1,0.020,0.030
s208,combined_wear_leveling,0.000000,combined,16,0.650000,5,0.842105,0.157895,199,0.274483,0.310345,0.000940,0.130653,0.274483,0.000000,0,0.153945,1,1,0.020,0.018
s208,combined_wear_leveling,0.000000,combined,16,0.700000,6,0.907895,0.092105,311,0.297893,0.350575,0.002834,0.176849,0.297893,0.000000,0,0.076489,0,0,0.023,0.043
s208,combined_wear_leveling,0.000000,combined,16,0.750000,6,0.907895,0.092105,311,0.297893,0.350575,0.002834,0.176849,0.297893,0.000000,0,0.076489,0,0,0.023,0.028
s208,combined_wear_leveling,0.000000,combined,16,0.800000,6,0.907895,0.092105,311,0.297893,0.350575,0.002834,0.176849,0.297893,0.000000,0,0.076489,0,0,0.043,0.023
s208,combined_wear_leveling,0.000000,combined,16,0.850000,7,0.960526,0.039474,392,0.275862,0.339901,0.003924,0.232143,0.275862,0.000000,0,0.124012,1,1,0.025,0.053
s208,combined_wear_leveling,0.000000,combined,16,0.900000,7,0.960526,0.039474,392,0.275862,0.339901,0.003924,0.232143,0.275862,0.000000,0,0.124012,1,1,0.025,0.035
s208,combined_wear_leveling,0.000000,combined,16,0.950000,8,1.000000,0.000000,555,0.299030,0.383621,0.006553,0.282883,0.299030,0.000000,0,-0.011418,1,1,0.026,0.063
s208,combined_wear_leveling,0.000000,combined,16,1.000000,8,1.000000,0.000000,555,0.299030,0.383621,0.006553,0.282883,0.299030,0.000000,0,-0.011418,1,1,0.026,0.047
s208,combined_wear_leveling,0.250000,combined,16,0.050000,1,0.223684,0.776316,13,0.448276,0.448276,0.000000,0.000000,0.448276,0.000000,0,-0.776316,0,0,0.009,0.004
s208,combined_wear_leveling,0.250000,combined,16,0.100000,1,0.223684,0.776316,13,0.448276,0.448276,0.000000,0.000000,0.448276,0.000000,0,-0.776316,0,0,0.004,0.002
s208,combined_wear_leveling,0.250000,combined,16,0.150000,1,0.223684,0.776316,13,0.448276,0.448276,0.000000,0.000000,0.448276,0.000000,0,-0.776316,0,0,0.004,0.001
s208,combined_wear_leveling,0.250000,combined,16,0.200000,2,0.421053,0.578947,34,0.293103,0.327586,0.001189,0.117647,0.293103,0.000000,0,-0.316615,0,0,0.026,0.008
s208,combined_wear_leveling,0.250000,combined,16,0.250000,2,0.421053,0.578947,34,0.293103,0.327586,0.001189,0.117647,0.293103,0.000000,0,-0.316615,0,0,0.009,0.005
s208,combined_wear_leveling,0.250000,combined,16,0.300000,2,0.421053,0.578947,34,0.293103,0.327586,0.001189,0.117647,0.293103,0.000000,0,-0.316615,0,0,0.008,0.004
s208,combined_wear_leveling,0.250000,combined,16,0.350000,3,0.592105,0.407895,62,0.237548,0.264368,0.000382,0.112903,0.237548,0.000000,0,0.017716,0,0,0.013,0.014
s208,combined_wear_leveling,0.250000,combined,16,0.400000,3,0.592105,0.407895,62,0.237548,0.264368,0.000382,0.112903,0.237548,0.000000,0,0.017716,0,0,0.013,0.007
s208,combined_wear_leveling,0.250000,combined,16,0.450000,4,0.750000,0.250000,103,0.221983,0.250000,0.000423,0.126214,0.221983,0.000000,0,0.207434,1,1,0.017,0.022
s208,combined_wear_leveling,0.250000,combined,16,0.500000,4,0.750000,0.250000,103,0.221983,0.250000,0.000423,0.126214,0.221983,0.000000,0,0.207434,1,1,0.017,0.013
s208,combined_wear_leveling,0.250000,combined,16,0.550000,4,0.750000,0.250000,103,0.221983,0.250000,0.000423,0.126214,0.221983,0.000000,0,0.207434,1,1,0.016,0.010
s208,combined_wear_leveling,0.250000,combined,16,0.600000,5,0.842105,0.157895,199,0.274483,0.310345,0.000940,0.130653,0.274483,0.000000,0,0.153945,1,1,0.021,0.032
s208,combined_wear_leveling,0.250000,combined,16,0.650000,5,0.842105,0.157895,199,0.274483,0.310345,0.000940,0.130653,0.274483,0.000000,0,0.153945,1,1,0.020,0.019
s208,combined_wear_leveling,0.250000,combined,16,0.700000,6,0.907895,0.092105,311,0.297893,0.350575,0.002834,0.176849,0.297893,0.000000,0,0.076489,0,0,0.024,0.045
s208,combined_wear_leveling,0.250000,combined,16,0.750000,6,0.907895,0.092105,311,0.297893,0.350575,0.002834,0.176849,0.297893,0.000000,0,0.076489,0,0,0.023,0.029
s208,combined_wear_leveling,0.250000,combined,16,0.800000,6,0.907895,0.092105,311,0.297893,0.350575,0.002834,0.176849,0.297893,0.000000,0,0.076489,0,0,0.022,0.025
s208,combined_wear_leveling,0.250000,combined,16,0.850000,7,0.960526,0.039474,392,0.275862,0.339901,0.003924,0.232143,0.275862,0.000000,0,0.124012,1,1,0.026,0.054
s208,combined_wear_leveling,0.250000,combined,16,0.900000,7,0.960526,0.039474,392,0.275862,0.339901,0.003924,0.232143,0.275862,0.000000,0,0.124012,1,1,0.025,0.038
s208,combined_wear_leveling,0.250000,combined,16,0.950000,8,1.000000,0.000000,555,0.299030,0.383621,0.006553,0.282883,0.299030,0.000000,0,-0.011418,1,1,0.026,0.062
s208,combined_wear_leveling,0.250000,combined,16,1.000000,8,1.000000,0.000000,555,0.299030,0.383621,0.006553,0.282883,0.299030,0.000000,0,-0.011418,1,1,0.025,0.048
s208,combined_wear_leveling,0.500000,combined,16,0.050000,1,0.223684,0.776316,13,0.448276,0.448276,0.000000,0.000000,0.448276,0.000000,0,-0.776316,0,0,0.011,0.003
s208,combined_wear_leveling,0.500000,combined,16,0.100000,1,0.223684,0.776316,13,0.448276,0.448276,0.000000,0.000000,0.448276,0.000000,0,-0.776316,0,0,0.003,0.002
s208,combined_wear_leveling,0.500000,combined,16,0.150000,1,0.223684,0.776316,13,0.448276,0.448276,0.000000,0.000000,0.448276,0.000000,0,-0.776316,0,0,0.003,0.001
s208,combined_wear_leveling,0.500000,combined,16,0.200000,2,0.421053,0.578947,34,0.293103,0.327586,0.001189,0.117647,0.293103,0.000000,0,-0.316615,0,0,0.007,0.006
s208,combined_wear_leveling,0.500000,combined,16,0.250000,2,0.421053,0.578947,34,0.293103,0.327586,0.001189,0.117647,0.293103,0.000000,0,-0.316615,0,0,0.006,0.003
s208,combined_wear_leveling,0.500000,combined,16,0.300000,2,0.421053,0.578947,34,0.293103,0.327586,0.001189,0.117647,0.293103,0.000000,0,-0.316615,0,0,0.006,0.002
s208,combined_wear_leveling,0.500000,combined,16,0.350000,3,0.592105,0.407895,62,0.237548,0.264368,0.000382,0.112903,0.237548,0.000000,0,0.017716,0,0,0.010,0.009
s208,combined_wear_leveling,0.500000,combined,16,0.400000,3,0.592105,0.407895,62,0.237548,0.264368,0.000382,0.112903,0.237548,0.000000,0,0.017716,0,0,0.009,0.005
s208,combined_wear_leveling,0.500000,combined,16,0.450000,4,0.750000,0.250000,103,0.221983,0.250000,0.000423,0.126214,0.221983,0.000000,0,0.207434,1,1,0.013,0.014
s208,combined_wear_leveling,0.500000,combined,16,0.500000,4,0.750000,0.250000,103,0.221983,0.250000,0.000423,0.126214,0.221983,0.000000,0,0.207434,1,1,0.012,0.007
s208,combined_wear_leveling,0.500000,combined,16,0.550000,4,0.750000,0.250000,103,0.221983,0.250000,0.000423,0.126214,0.221983,0.000000,0,0.207434,1,1,0.012,0.006
s208,combined_wear_leveling,0.500000,combined,16,0.600000,5,0.842105,0.157895,199,0.274483,0.310345,0.000940,0.130653,0.274483,0.000000,0,0.153945,1,1,0.015,0.021
s208,combined_wear_leveling,0.500000,combined,16,0.650000,5,0.842105,0.157895,199,0.274483,0.310345,0.000940,0.130653,0.274483,0.000000,0,0.153945,1,1,0.015,0.011
s208,combined_wear_leveling,0.500000,combined,16,0.700000,6,0.907895,0.092105,311,0.297893,0.350575,0.002834,0.176849,0.297893,0.000000,0,0.076489,0,0,0.017,0.031
s208,combined_wear_leveling,0.500000,combined,16,0.750000,6,0.907895,0.092105,311,0.297893,0.350575,0.002834,0.176849,0.297893,0.000000,0,0.076489,0,0,0.017,0.016
s208,combined_wear_leveling,0.500000,combined,16,0.800000,6,0.907895,0.092105,311,0.297893,0.350575,0.002834,0.176849,0.297893,0.000000,0,0.076489,0,0,0.016,0.014
s208,combined_wear_leveling,0.500000,combined,16,0.850000,7,0.960526,0.039474,392,0.275862,0.339901,0.003924,0.232143,0.275862,0.000000,0,0.124012,1,1,0.019,0.040
s208,combined_wear_leveling,0.500000,combined,16,0.900000,7,0.960526,0.039474,392,0.275862,0.339901,0.003924,0.232143,0.275862,0.000000,0,0.124012,1,1,0.018,0.023
s208,combined_wear_leveling,0.500000,combined,16,0.950000,8,1.000000,0.000000,555,0.299030,0.383621,0.006553,0.282883,0.299030,0.000000,0,-0.011418,1,1,0.019,0.045
s208,combined_wear_leveling,0.500000,combined,16,1.000000,8,1.000000,0.000000,555,0.299030,0.383621,0.006553,0.282883,0.299030,0.000000,0,-0.011418,1,1,0.019,0.029
s208,combined_wear_leveling,0.750000,combined,16,0.050000,1,0.223684,0.776316,13,0.448276,0.448276,0.000000,0.000000,0.448276,0.000000,0,-0.776316,0,0,0.007,0.002
s208,combined_wear_leveling,0.750000,combined,16,0.100000,1,0.223684,0.776316,13,0.448276,0.448276,0.000000,0.000000,0.448276,0.000000,0,-0.776316,0,0,0.002,0.001
s208,combined_wear_leveling,0.750000,combined,16,0.150000,1,0.223684,0.776316,13,0.448276,0.448276,0.000000,0.000000,0.448276,0.000000,0,-0.776316,0,0,0.002,0.001
s208,combined_wear_leveling,0.750000,combined,16,0.200000,2,0.421053,0.578947,34,0.293103,0.327586,0.001189,0.117647,0.293103,0.000000,0,-0.316615,0,0,0.005,0.004
s208,combined_wear_leveling,0.750000,combined,16,0.250000,2,0.421053,0.578947,34,0.293103,0.327586,0.001189,0.117647,0.293103,0.000000,0,-0.316615,0,0,0.005,0.002
s208,combined_wear_leveling,0.750000,combined,16,0.300000,2,0.421053,0.578947,34,0.293103,0.327586,0.001189,0.117647,0.293103,0.000000,0,-0.316615,0,0,0.004,0.002
s208,combined_wear_leveling,0.750000,combined,16,0.350000,3,0.592105,0.407895,62,0.237548,0.264368,0.000382,0.112903,0.237548,0.000000,0,0.017716,0,0,0.007,0.008
s208,combined_wear_leveling,0.750000,combined,16,0.400000,3,0.592105,0.407895,62,0.237548,0.264368,0.000382,0.112903,0.237548,0.000000,0,0.017716,0,0,0.007,0.004
s208,combined_wear_leveling,0.750000,combined,16,0.450000,4,0.750000,0.250000,103,0.221983,0.250000,0.000423,0.126214,0.221983,0.000000,0,0.207434,1,1,0.009,0.012
s208,combined_wear_leveling,0.750000,combined,16,0.500000,4,0.750000,0.250000,103,0.221983,0.250000,0.000423,0.126214,0.221983,0.000000,0,0.207434,1,1,0.009,0.006
s208,combined_wear_leveling,0.750000,combined,16,0.550000,4,0.750000,0.250000,103,0.221983,0.250000,0.000423,0.126214,0.221983,0.000000,0,0.207434,1,1,0.008,0.005
s208,combined_wear_leveling,0.750000,combined,16,0.600000,5,0.842105,0.157895,199,0.274483,0.310345,0.000940,0.130653,0.274483,0.000000,0,0.153945,1,1,0.011,0.018
s208,combined_wear_leveling,0.750000,combined,16,0.650000,5,0.842105,0.157895,199,0.274483,0.310345,0.000940,0.130653,0.274483,0.000000,0,0.153945,1,1,0.010,0.010
s208,combined_wear_leveling,0.750000,combined,16,0.700000,6,0.907895,0.092105,311,0.297893,0.350575,0.002834,0.176849,0.297893,0.000000,0,0.076489,0,0,0.012,0.026
s208,combined_wear_leveling,0.750000,combined,16,0.750000,6,0.907895,0.092105,311,0.297893,0.350575,0.002834,0.176849,0.297893,0.000000,0,0.076489,0,0,0.012,0.013
s208,combined_wear_leveling,0.750000,combined,16,0.800000,6,0.907895,0.092105,311,0.297893,0.350575,0.002834,0.176849,0.297893,0.000000,0,0.076489,0,0,0.011,0.011
s208,combined_wear_leveling,0.750000,combined,16,0.850000,7,0.960526,0.039474,392,0.275862,0.339901,0.003924,0.232143,0.275862,0.000000,0,0.124012,1,1,0.017,0.031
s208,combined_wear_leveling,0.750000,combined,16,0.900000,7,0.960526,0.039474,392,0.275862,0.339901,0.003924,0.232143,0.275862,0.000000,0,0.124012,1,1,0.013,0.017
s208,combined_wear_leveling,0.750000,combined,16,0.950000,8,1.000000,0.000000,555,0.299030,0.383621,0.006553,0.282883,0.299030,0.000000,0,-0.011418,1,1,0.013,0.051
s208,combined_wear_leveling,0.750000,combined,16,1.000000,8,1.000000,0.000000,555,0.299030,0.383621,0.006553,0.282883,0.299030,0.000000,0,-0.011418,1,1,0.021,0.031
s208,combined_wear_leveling,1.000000,combined,16,0.050000,1,0.223684,0.776316,13,0.448276,0.448276,0.000000,0.000000,0.448276,0.000000,0,-0.776316,0,0,0.009,0.003
s208,combined_wear_leveling,1.000000,combined,16,0.100000,1,0.223684,0.776316,13,0.448276,0.448276,0.000000,0.000000,0.448276,0.000000,0,-0.776316,0,0,0.002,0.001
s208,combined_wear_leveling,1.000000,combined,16,0.150000,1,0.223684,0.776316,13,0.448276,0.448276,0.000000,0.000000,0.448276,0.000000,0,-0.776316,0,0,0.002,0.001
s208,combined_wear_leveling,1.000000,combined,16,0.200000,2,0.421053,0.578947,34,0.293103,0.327586,0.001189,0.117647,0.293103,0.000000,0,-0.316615,0,0,0.005,0.005
s208,combined_wear_leveling,1.000000,combined,16,0.250000,2,0.421053,0.578947,34,0.293103,0.327586,0.001189,0.117647,0.293103,0.000000,0,-0.316615,0,0,0.005,0.002
s208,combined_wear_leveling,1.000000,combined,16,0.300000,2,0.421053,0.578947,34,0.293103,0.327586,0.001189,0.117647,0.293103,0.000000,0,-0.316615,0,0,0.004,0.002
s208,combined_wear_leveling,1.000000,combined,16,0.350000,3,0.592105,0.407895,62,0.237548,0.264368,0.000382,0.112903,0.237548,0.000000,0,0.017716,0,0,0.007,0.008
s208,combined_wear_leveling,1.000000,combined,16,0.400000,3,0.592105,0.407895,62,0.237548,0.264368,0.000382,0.112903,0.237548,0.000000,0,0.017716,0,0,0.007,0.005
s208,combined_wear_leveling,1.000000,combined,16,0.450000,4,0.750000,0.250000,103,0.221983,0.250000,0.000423,0.126214,0.221983,0.000000,0,0.207434,1,1,0.009,0.013
s208,combined_wear_leveling,1.000000,combined,16,0.500000,4,0.750000,0.250000,103,0.221983,0.250000,0.000423,0.126214,0.221983,0.000000,0,0.207434,1,1,0.009,0.007
s208,combined_wear_leveling,1.000000,combined,16,0.550000,4,0.750000,0.250000,103,0.221983,0.250000,0.000423,0.126214,0.221983,0.000000,0,0.207434,1,1,0.008,0.006
s208,combined_wear_leveling,1.000000,combined,16,0.600000,5,0.842105,0.157895,199,0.274483,0.310345,0.000940,0.130653,0.274483,0.000000,0,0.153945,1,1,0.011,0.020
s208,combined_wear_leveling,1.000000,combined,16,0.650000,5,0.842105,0.157895,199,0.274483,0.310345,0.000940,0.130653,0.274483,0.000000,0,0.153945,1,1,0.010,0.011
s208,combined_wear_leveling,1.000000,combined,16,0.700000,6,0.907895,0.092105,311,0.297893,0.350575,0.002834,0.176849,0.297893,0.000000,0,0.076489,0,0,0.012,0.030
s208,combined_wear_leveling,1.000000,combined,16,0.750000,6,0.907895,0.092105,311,0.297893,0.350575,0.002834,0.176849,0.297893,0.000000,0,0.076489,0,0,0.012,0.015
s208,combined_wear_leveling,1.000000,combined,16,0.800000,6,0.907895,0.092105,311,0.297893,0.350575,0.002834,0.176849,0.297893,0.000000,0,0.076489,0,0,0.013,0.013
s208,combined_wear_leveling,1.000000,combined,16,0.850000,7,0.960526,0.039474,392,0.275862,0.339901,0.003924,0.232143,0.275862,0.000000,0,0.124012,1,1,0.016,0.033
s208,combined_wear_leveling,1.000000,combined,16,0.900000,7,0.960526,0.039474,392,0.275862,0.339901,0.003924,0.232143,0.275862,0.000000,0,0.124012,1,1,0.013,0.018
s208,combined_wear_leveling,1.000000,combined,16,0.950000,8,1.000000,0.000000,555,0.299030,0.383621,0.006553,0.282883,0.299030,0.000000,0,-0.011418,1,1,0.014,0.037
s208,combined_wear_leveling,1.000000,combined,16,1.000000,8,1.000000,0.000000,555,0.299030,0.383621,0.006553,0.282883,0.299030,0.000000,0,-0.011418,1,1,0.013,0.022
s208,co_wear,0.000000,combined,16,0.050000,1,0.223684,0.776316,13,0.448276,0.448276,0.000000,0.000000,0.448276,0.000000,0,-0.776316,0,0,0.005,0.003
s208,co_wear,0.000000,combined,16,0.100000,1,0.223684,0.776316,13,0.448276,0.448276,0.000000,0.000000,0.448276,0.000000,0,-0.776316,0,0,0.002,0.002
s208,co_wear,0.000000,combined,16,0.150000,1,0.223684,0.776316,13,0.448276,0.448276,0.000000,0.000000,0.448276,0.000000,0,-0.776316,0,0,0.001,0.001
s208,co_wear,0.000000,combined,16,0.200000,2,0.421053,0.578947,34,0.293103,0.327586,0.001189,0.117647,0.293103,0.000000,0,-0.316615,0,0,0.001,0.009
s208,co_wear,0.000000,combined,16,0.250000,2,0.421053,0.578947,34,0.293103,0.327586,0.001189,0.117647,0.293103,0.000000,0,-0.316615,0,0,0.001,0.005
s208,co_wear,0.000000,combined,16,0.300000,2,0.421053,0.578947,34,0.293103,0.327586,0.001189,0.117647,0.293103,0.000000,0,-0.316615,0,0,0.001,0.004
s208,co_wear,0.000000,combined,16,0.350000,3,0.592105,0.407895,62,0.237548,0.264368,0.000382,0.112903,0.237548,0.000000,0,0.017716,0,0,0.001,0.015
s208,co_wear,0.000000,combined,16,0.400000,3,0.592105,0.407895,62,0.237548,0.264368,0.000382,0.112903,0.237548,0.000000,0,0.017716,0,0,0.001,0.009
s208,co_wear,0.000000,combined,16,0.450000,4,0.750000,0.250000,103,0.221983,0.250000,0.000423,0.126214,0.221983,0.000000,0,0.207434,1,1,0.001,0.023
s208,co_wear,0.000000,combined,16,0.500000,4,0.750000,0.250000,103,0.221983,0.250000,0.000423,0.126214,0.221983,0.000000,0,0.207434,1,1,0.001,0.013
s208,co_wear,0.000000,combined,16,0.550000,4,0.750000,0.250000,103,0.221983,0.250000,0.000423,0.126214,0.221983,0.000000,0,0.207434,1,1,0.001,0.011
s208,co_wear,0.000000,combined,16,0.600000,5,0.842105,0.157895,199,0.274483,0.310345,0.000940,0.130653,0.274483,0.000000,0,0.153945,1,1,0.001,0.031
s208,co_wear,0.000000,combined,16,0.650000,5,0.842105,0.157895,199,0.274483,0.310345,0.000940,0.130653,0.274483,0.000000,0,0.153945,1,1,0.001,0.021
s208,co_wear,0.000000,combined,16,0.700000,6,0.907895,0.092105,311,0.297893,0.350575,0.002834,0.176849,0.297893,0.000000,0,0.076489,0,0,0.001,0.046
s208,co_wear,0.000000,combined,16,0.750000,6,0.907895,0.092105,311,0.297893,0.350575,0.002834,0.176849,0.297893,0.000000,0,0.076489,0,0,0.001,0.032
s208,co_wear,0.000000,combined,16,0.800000,6,0.907895,0.092105,311,0.297893,0.350575,0.002834,0.176849,0.297893,0.000000,0,0.076489,0,0,0.001,0.027
s208,co_wear,0.000000,combined,16,0.850000,7,0.960526,0.039474,392,0.275862,0.339901,0.003924,0.232143,0.275862,0.000000,0,0.124012,1,1,0.001,0.056
s208,co_wear,0.000000,combined,16,0.900000,7,0.960526,0.039474,392,0.275862,0.339901,0.003924,0.232143,0.275862,0.000000,0,0.124012,1,1,0.001,0.040
s208,co_wear,0.000000,combined,16,0.950000,8,1.000000,0.000000,555,0.299030,0.383621,0.006553,0.282883,0.299030,0.000000,0,-0.011418,1,1,0.001,0.067
s208,co_wear,0.000000,combined,16,1.000000,8,1.000000,0.000000,555,0.299030,0.383621,0.006553,0.282883,0.299030,0.000000,0,-0.011418,1,1,0.001,0.051
s208,co_wear,0.250000,combined,16,0.050000,1,0.223684,0.776316,13,0.448276,0.448276,0.000000,0.000000,0.448276,0.000000,0,-0.776316,0,0,0.009,0.004
s208,co_wear,0.250000,combined,16,0.100000,1,0.223684,0.776316,13,0.448276,0.448276,0.000000,0.000000,0.448276,0.000000,0,-0.776316,0,0,0.001,0.001
s208,co_wear,0.250000,combined,16,0.150000,1,0.223684,0.776316,13,0.448276,0.448276,0.000000,0.000000,0.448276,0.000000,0,-0.776316,0,0,0.000,0.001
s208,co_wear,0.250000,combined,16,0.200000,2,0.421053,0.578947,34,0.293103,0.327586,0.001189,0.117647,0.293103,0.000000,0,-0.316615,0,0,0.001,0.005
s208,co_wear,0.250000,combined,16,0.250000,2,0.421053,0.578947,34,0.293103,0.327586,0.001189,0.117647,0.293103,0.000000,0,-0.316615,0,0,0.000,0.002
s208,co_wear,0.250000,combined,16,0.300000,2,0.421053,0.578947,34,0.293103,0.327586,0.001189,0.117647,0.293103,0.000000,0,-0.316615,0,0,0.000,0.002
s208,co_wear,0.250000,combined,16,0.350000,3,0.592105,0.407895,62,0.237548,0.264368,0.000382,0.112903,0.237548,0.000000,0,0.017716,0,0,0.000,0.008
s208,co_wear,0.250000,combined,16,0.400000,3,0.592105,0.407895,62,0.237548,0.264368,0.000382,0.112903,0.237548,0.000000,0,0.017716,0,0,0.000,0.004
s208,co_wear,0.250000,combined,16,0.450000,4,0.750000,0.250000,103,0.221983,0.250000,0.000423,0.126214,0.221983,0.000000,0,0.207434,1,1,0.000,0.013
s208,co_wear,0.250000,combined,16,0.500000,4,0.750000,0.250000,103,0.221983,0.250000,0.000423,0.126214,0.221983,0.000000,0,0.207434,1,1,0.000,0.007
s208,co_wear,0.250000,combined,16,0.550000,4,0.750000,0.250000,103,0.221983,0.250000,0.000423,0.126214,0.221983,0.000000,0,0.207434,1,1,0.000,0.005
s208,co_wear,0.250000,combined,16,0.600000,5,0.842105,0.157895,199,0.274483,0.310345,0.000940,0.130653,0.274483,0.000000,0,0.153945,0,0,0.001,0.020
s208,co_wear,0.250000,combined,16,0.650000,5,0.842105,0.157895,199,0.274483,0.310345,0.000940,0.130653,0.274483,0.000000,0,0.153945,0,0,0.000,0.011
s208,co_wear,0.250000,combined,16,0.700000,6,0.894737,0.105263,270,0.258621,0.304598,0.001839,0.177778,0.258621,0.000000,0,0.196392,1,1,0.001,0.027
s208,co_wear,0.250000,combined,16,0.750000,6,0.894737,0.105263,270,0.258621,0.304598,0.001839,0.177778,0.258621,0.000000,0,0.196392,1,1,0.001,0.016
s208,co_wear,0.250000,combined,16,0.800000,6,0.894737,0.105263,270,0.258621,0.304598,0.001839,0.177778,0.258621,0.000000,0,0.196392,1,1,0.000,0.012
s208,co_wear,0.250000,combined,16,0.850000,7,0.960526,0.039474,392,0.275862,0.339901,0.003924,0.232143,0.275862,0.000000,0,0.124012,1,1,0.000,0.039
s208,co_wear,0.250000,combined,16,0.900000,7,0.960526,0.039474,392,0.275862,0.339901,0.003924,0.232143,0.275862,0.000000,0,0.124012,1,1,0.001,0.022
s208,co_wear,0.250000,combined,16,0.950000,8,1.000000,0.000000,555,0.299030,0.383621,0.006553,0.282883,0.299030,0.000000,0,-0.011418,1,1,0.001,0.048
s208,co_wear,0.250000,combined,16,1.000000,8,1.000000,0.000000,555,0.299030,0.383621,0.006553,0.282883,0.299030,0.000000,0,-0.011418,1,1,0.001,0.029
s208,co_wear,0.500000,combined,16,0.050000,1,0.223684,0.776316,13,0.448276,0.448276,0.000000,0.000000,0.448276,0.000000,0,-0.776316,0,0,0.007,0.003
s208,co_wear,0.500000,combined,16,0.100000,1,0.223684,0.776316,13,0.448276,0.448276,0.000000,0.000000,0.448276,0.000000,0,-0.776316,0,0,0.001,0.001
s208,co_wear,0.500000,combined,16,0.150000,1,0.223684,0.776316,13,0.448276,0.448276,0.000000,0.000000,0.448276,0.000000,0,-0.776316,0,0,0.000,0.001
s208,co_wear,0.500000,combined,16,0.200000,2,0.421053,0.578947,34,0.293103,0.327586,0.001189,0.117647,0.293103,0.000000,0,-0.316615,0,0,0.001,0.004
s208,co_wear,0.500000,combined,16,0.250000,2,0.421053,0.578947,34,0.293103,0.327586,0.001189,0.117647,0.293103,0.000000,0,-0.316615,0,0,0.000,0.002
s208,co_wear,0.500000,combined,16,0.300000,2,0.421053,0.578947,34,0.293103,0.327586,0.001189,0.117647,0.293103,0.000000,0,-0.316615,0,0,0.000,0.002
s208,co_wear,0.500000,combined,16,0.350000,3,0.592105,0.407895,62,0.237548,0.264368,0.000382,0.112903,0.237548,0.000000,0,0.017716,1,1,0.001,0.007
s208,co_wear,0.500000,combined,16,0.400000,3,0.592105,0.407895,62,0.237548,0.264368,0.000382,0.112903,0.237548,0.000000,0,0.017716,1,1,0.000,0.004
s208,co_wear,0.500000,combined,16,0.450000,4,0.684211,0.315789,138,0.297414,0.336207,0.001208,0.130435,0.297414,0.000000,0,-0.068589,0,0,0.000,0.012
s208,co_wear,0.500000,combined,16,0.500000,4,0.684211,0.315789,138,0.297414,0.336207,0.001208,0.130435,0.297414,0.000000,0,-0.068589,0,0,0.000,0.013
s208,co_wear,0.500000,combined,16,0.550000,4,0.684211,0.315789,138,0.297414,0.336207,0.001208,0.130435,0.297414,0.000000,0,-0.068589,0,0,0.000,0.005
s208,co_wear,0.500000,combined,16,0.600000,5,0.842105,0.157895,199,0.274483,0.310345,0.000940,0.130653,0.274483,0.000000,0,0.153945,0,0,0.000,0.017
s208,co_wear,0.500000,combined,16,0.650000,5,0.842105,0.157895,199,0.274483,0.310345,0.000940,0.130653,0.274483,0.000000,0,0.153945,0,0,0.001,0.009
s208,co_wear,0.500000,combined,16,0.700000,6,0.894737,0.105263,270,0.258621,0.304598,0.001839,0.177778,0.258621,0.000000,0,0.196392,1,1,0.000,0.023
s208,co_wear,0.500000,combined,16,0.750000,6,0.894737,0.105263,270,0.258621,0.304598,0.001839,0.177778,0.258621,0.000000,0,0.196392,1,1,0.000,0.013
s208,co_wear,0.500000,combined,16,0.800000,6,0.894737,0.105263,270,0.258621,0.304598,0.001839,0.177778,0.258621,0.000000,0,0.196392,1,1,0.000,0.011
s208,co_wear,0.500000,combined,16,0.850000,7,0.960526,0.039474,392,0.275862,0.339901,0.003924,0.232143,0.275862,0.000000,0,0.124012,1,1,0.000,0.031
s208,co_wear,0.500000,combined,16,0.900000,7,0.960526,0.039474,392,0.275862,0.339901,0.003924,0.232143,0.275862,0.000000,0,0.124012,1,1,0.000,0.017
s208,co_wear,0.500000,combined,16,0.950000,8,1.000000,0.000000,555,0.299030,0.383621,0.006553,0.282883,0.299030,0.000000,0,-0.011418,1,1,0.001,0.043
s208,co_wear,0.500000,combined,16,1.000000,8,1.000000,0.000000,555,0.299030,0.383621,0.006553,0.282883,0.299030,0.000000,0,-0.011418,1,1,0.001,0.022
s208,co_wear,0.750000,combined,16,0.050000,1,0.223684,0.776316,13,0.448276,0.448276,0.000000,0.000000,0.448276,0.000000,0,-0.776316,0,0,0.004,0.002
s208,co_wear,0.750000,combined,16,0.100000,1,0.223684,0.776316,13,0.448276,0.448276,0.000000,0.000000,0.448276,0.000000,0,-0.776316,0,0,0.001,0.001
s208,co_wear,0.750000,combined,16,0.150000,1,0.223684,0.776316,13,0.448276,0.448276,0.000000,0.000000,0.448276,0.000000,0,-0.776316,0,0,0.000,0.001
s208,co_wear,0.750000,combined,16,0.200000,2,0.421053,0.578947,34,0.293103,0.327586,0.001189,0.117647,0.293103,0.000000,0,-0.316615,0,0,0.001,0.005
s208,co_wear,0.750000,combined,16,0.250000,2,0.421053,0.578947,34,0.293103,0.327586,0.001189,0.117647,0.293103,0.000000,0,-0.316615,0,0,0.000,0.002
s208,co_wear,0.750000,combined,16,0.300000,2,0.421053,0.578947,34,0.293103,0.327586,0.001189,0.117647,0.293103,0.000000,0,-0.316615,0,0,0.000,0.002
s208,co_wear,0.750000,combined,16,0.350000,3,0.513158,0.486842,90,0.344828,0.402299,0.002730,0.166667,0.344828,0.000000,0,-0.424335,0,0,0.000,0.009
s208,co_wear,0.750000,combined,16,0.400000,3,0.513158,0.486842,90,0.344828,0.402299,0.002730,0.166667,0.344828,0.000000,0,-0.424335,0,0,0.000,0.005
s208,co_wear,0.750000,combined,16,0.450000,4,0.565789,0.434211,137,0.295259,0.370690,0.004287,0.255474,0.295259,0.000000,0,-0.340543,0,0,0.000,0.014
s208,co_wear,0.750000,combined,16,0.500000,4,0.565789,0.434211,137,0.295259,0.370690,0.004287,0.255474,0.295259,0.000000,0,-0.340543,0,0,0.000,0.007
s208,co_wear,0.750000,combined,16,0.550000,4,0.565789,0.434211,137,0.295259,0.370690,0.004287,0.255474,0.295259,0.000000,0,-0.340543,0,0,0.000,0.005
s208,co_wear,0.750000,combined,16,0.600000,5,0.736842,0.263158,197,0.271724,0.324138,0.002447,0.192893,0.271724,0.000000,0,-0.021106,0,0,0.000,0.020
s208,co_wear,0.750000,combined,16,0.650000,5,0.736842,0.263158,197,0.271724,0.324138,0.002447,0.192893,0.271724,0.000000,0,-0.021106,0,0,0.001,0.011
s208,co_wear,0.750000,combined,16,0.700000,6,0.894737,0.105263,270,0.258621,0.304598,0.001839,0.177778,0.258621,0.000000,0,0.196392,1,1,0.000,0.027
s208,co_wear,0.750000,combined,16,0.750000,6,0.894737,0.105263,270,0.258621,0.304598,0.001839,0.177778,0.258621,0.000000,0,0.196392,1,1,0.001,0.016
s208,co_wear,0.750000,combined,16,0.800000,6,0.894737,0.105263,270,0.258621,0.304598,0.001839,0.177778,0.258621,0.000000,0,0.196392,1,1,0.000,0.012
s208,co_wear,0.750000,combined,16,0.850000,7,0.960526,0.039474,392,0.275862,0.339901,0.003924,0.232143,0.275862,0.000000,0,0.124012,1,1,0.000,0.035
s208,co_wear,0.750000,combined,16,0.900000,7,0.960526,0.039474,392,0.275862,0.339901,0.003924,0.232143,0.275862,0.000000,0,0.124012,1,1,0.001,0.019
s208,co_wear,0.750000,combined,16,0.950000,8,1.000000,0.000000,555,0.299030,0.383621,0.006553,0.282883,0.299030,0.000000,0,-0.011418,1,1,0.001,0.036
s208,co_wear,0.750000,combined,16,1.000000,8,1.000000,0.000000,555,0.299030,0.383621,0.006553,0.282883,0.299030,0.000000,0,-0.011418,1,1,0.001,0.036
s208,co_wear,1.000000,combined,16,0.050000,1,0.092105,0.907895,18,0.620690,0.620690,0.000000,0.000000,0.620690,0.000000,0,-0.907895,0,0,0.011,0.004
s208,co_wear,1.000000,combined,16,0.100000,1,0.092105,0.907895,18,0.620690,0.620690,0.000000,0.000000,0.620690,0.000000,0,-0.907895,0,0,0.002,0.002
s208,co_wear,1.000000,combined,16,0.150000,1,0.092105,0.907895,18,0.620690,0.620690,0.000000,0.000000,0.620690,0.000000,0,-0.907895,0,0,0.001,0.001
s208,co_wear,1.000000,combined,16,0.200000,2,0.144737,0.855263,35,0.301724,0.379310,0.006020,0.257143,0.301724,0.000000,0,-0.633509,0,0,0.001,0.012
s208,co_wear,1.000000,combined,16,0.250000,2,0.144737,0.855263,35,0.301724,0.379310,0.006020,0.257143,0.301724,0.000000,0,-0.633509,0,0,0.001,0.007
s208,co_wear,1.000000,combined,16,0.300000,2,0.144737,0.855263,35,0.301724,0.379310,0.006020,0.257143,0.301724,0.000000,0,-0.633509,0,0,0.001,0.005
s208,co_wear,1.000000,combined,16,0.350000,3,0.368421,0.631579,82,0.314176,0.402299,0.005666,0.280488,0.314176,0.000000,0,-0.424899,0,0,0.001,0.019
s208,co_wear,1.000000,combined,16,0.400000,3,0.368421,0.631579,82,0.314176,0.402299,0.005666,0.280488,0.314176,0.000000,0,-0.424899,0,0,0.001,0.010
s208,co_wear,1.000000,combined,16,0.450000,4,0.565789,0.434211,137,0.295259,0.370690,0.004287,0.255474,0.295259,0.000000,0,-0.134213,0,0,0.001,0.026
s208,co_wear,1.000000,combined,16,0.500000,4,0.565789,0.434211,137,0.295259,0.370690,0.004287,0.255474,0.295259,0.000000,0,-0.134213,0,0,0.001,0.016
s208,co_wear,1.000000,combined,16,0.550000,4,0.565789,0.434211,137,0.295259,0.370690,0.004287,0.255474,0.295259,0.000000,0,-0.134213,0,0,0.001,0.013
s208,co_wear,1.000000,combined,16,0.600000,5,0.736842,0.263158,197,0.271724,0.324138,0.002447,0.192893,0.271724,0.000000,0,0.163510,1,1,0.001,0.047
s208,co_wear,1.000000,combined,16,0.650000,5,0.736842,0.263158,197,0.271724,0.324138,0.002447,0.192893,0.271724,0.000000,0,0.163510,1,1,0.001,0.023
s208,co_wear,1.000000,combined,16,0.700000,6,0.802632,0.197368,299,0.286398,0.362069,0.005146,0.264214,0.286398,0.000000,0,0.083940,0,0,0.001,0.046
s208,co_wear,1.000000,combined,16,0.750000,6,0.802632,0.197368,299,0.286398,0.362069,0.005146,0.264214,0.286398,0.000000,0,0.083940,0,0,0.001,0.031
s208,co_wear,1.000000,combined,16,0.800000,6,0.802632,0.197368,299,0.286398,0.362069,0.005146,0.264214,0.286398,0.000000,0,0.083940,0,0,0.001,0.025
s208,co_wear,1.000000,combined,16,0.850000,7,0.960526,0.039474,392,0.275862,0.339901,0.003924,0.232143,0.275862,0.000000,0,0.314794,1,1,0.001,0.054
s208,co_wear,1.000000,combined,16,0.900000,7,0.960526,0.039474,392,0.275862,0.339901,0.003924,0.232143,0.275862,0.000000,0,0.314794,1,1,0.001,0.039
s208,co_wear,1.000000,combined,16,0.950000,8,1.000000,0.000000,555,0.299030,0.383621,0.006553,0.282883,0.299030,0.000000,0,0.200087,1,1,0.001,0.065
s208,co_wear,1.000000,combined,16,1.000000,8,1.000000,0.000000,555,0.299030,0.383621,0.006553,0.282883,0.299030,0.000000,0,0.200087,1,1,0.001,0.050
s208,co_wear_leveling,0.000000,combined,16,0.050000,1,0.223684,0.776316,13,0.448276,0.448276,0.000000,0.000000,0.448276,0.000000,0,-0.776316,0,0,0.009,0.003
s208,co_wear_leveling,0.000000,combined,16,0.100000,1,0.223684,0.776316,13,0.448276,0.448276,0.000000,0.000000,0.448276,0.000000,0,-0.776316,0,0,0.004,0.002
s208,co_wear_leveling,0.000000,combined,16,0.150000,1,0.223684,0.776316,13,0.448276,0.448276,0.000000,0.000000,0.448276,0.000000,0,-0.776316,0,0,0.004,0.002
s208,co_wear_leveling,0.000000,combined,16,0.200000,2,0.421053,0.578947,34,0.293103,0.327586,0.001189,0.117647,0.293103,0.000000,0,-0.316615,0,0,0.009,0.007
s208,co_wear_leveling,0.000000,combined,16,0.250000,2,0.421053,0.578947,34,0.293103,0.327586,0.001189,0.117647,0.293103,0.000000,0,-0.316615,0,0,0.009,0.004
s208,co_wear_leveling,0.000000,combined,16,0.300000,2,0.421053,0.578947,34,0.293103,0.327586,0.001189,0.117647,0.293103,0.000000,0,-0.316615,0,0,0.008,0.004
s208,co_wear_leveling,0.000000,combined,16,0.350000,3,0.592105,0.407895,62,0.237548,0.264368,0.000382,0.112903,0.237548,0.000000,0,0.017716,0,0,0.013,0.014
s208,co_wear_leveling,0.000000,combined,16,0.400000,3,0.592105,0.407895,62,0.237548,0.264368,0.000382,0.112903,0.237548,0.000000,0,0.017716,0,0,0.013,0.008
s208,co_wear_leveling,0.000000,combined,16,0.450000,4,0.750000,0.250000,103,0.221983,0.250000,0.000423,0.126214,0.221983,0.000000,0,0.207434,1,1,0.017,0.021
s208,co_wear_leveling,0.000000,combined,16,0.500000,4,0.750000,0.250000,103,0.221983,0.250000,0.000423,0.126214,0.221983,0.000000,0,0.207434,1,1,0.017,0.013
s208,co_wear_leveling,0.000000,combined,16,0.550000,4,0.750000,0.250000,103,0.221983,0.250000,0.000423,0.126214,0.221983,0.000000,0,0.207434,1,1,0.016,0.011
s208,co_wear_leveling,0.000000,combined,16,0.600000,5,0.842105,0.157895,199,0.274483,0.310345,0.000940,0.130653,0.274483,0.000000,0,0.153945,1,1,0.020,0.028
s208,co_wear_leveling,0.000000,combined,16,0.650000,5,0.842105,0.157895,199,0.274483,0.310345,0.000940,0.130653,0.274483,0.000000,0,0.153945,1,1,0.019,0.018
s208,co_wear_leveling,0.000000,combined,16,0.700000,6,0.907895,0.092105,311,0.297893,0.350575,0.002834,0.176849,0.297893,0.000000,0,0.076489,0,0,0.023,0.042
s208,co_wear_leveling,0.000000,combined,16,0.750000,6,0.907895,0.092105,311,0.297893,0.350575,0.002834,0.176849,0.297893,0.000000,0,0.076489,0,0,0.022,0.027
s208,co_wear_leveling,0.000000,combined,16,0.800000,6,0.907895,0.092105,311,0.297893,0.350575,0.002834,0.176849,0.297893,0.000000,0,0.076489,0,0,0.022,0.023
s208,co_wear_leveling,0.000000,combined,16,0.850000,7,0.960526,0.039474,392,0.275862,0.339901,0.003924,0.232143,0.275862,0.000000,0,0.124012,1,1,0.025,0.054
s208,co_wear_leveling,0.000000,combined,16,0.900000,7,0.960526,0.039474,392,0.275862,0.339901,0.003924,0.232143,0.275862,0.000000,0,0.124012,1,1,0.025,0.038
s208,co_wear_leveling,0.000000,combined,16,0.950000,8,1.000000,0.000000,555,0.299030,0.383621,0.006553,0.282883,0.299030,0.000000,0,-0.011418,1,1,0.026,0.087
s208,co_wear_leveling,0.000000,combined,16,1.000000,8,1.000000,0.000000,555,0.299030,0.383621,0.006553,0.282883,0.299030,0.000000,0,-0.011418,1,1,0.026,0.048
s208,co_wear_leveling,0.250000,combined,16,0.050000,1,0.223684,0.776316,13,0.448276,0.448276,0.000000,0.000000,0.448276,0.000000,0,-0.776316,0,0,0.009,0.002
s208,co_wear_leveling,0.250000,combined,16,0.100000,1,0.223684,0.776316,13,0.448276,0.448276,0.000000,0.000000,0.448276,0.000000,0,-0.776316,0,0,0.003,0.001
s208,co_wear_leveling,0.250000,combined,16,0.150000,1,0.223684,0.776316,13,0.448276,0.448276,0.000000,0.000000,0.448276,0.000000,0,-0.776316,0,0,0.002,0.001
s208,co_wear_leveling,0.250000,combined,16,0.200000,2,0.421053,0.578947,34,0.293103,0.327586,0.001189,0.117647,0.293103,0.000000,0,-0.316615,0,0,0.005,0.004
s208,co_wear_leveling,0.250000,combined,16,0.250000,2,0.421053,0.578947,34,0.293103,0.327586,0.001189,0.117647,0.293103,0.000000,0,-0.316615,0,0,0.005,0.002
s208,co_wear_leveling,0.250000,combined,16,0.300000,2,0.421053,0.578947,34,0.293103,0.327586,0.001189,0.117647,0.293103,0.000000,0,-0.316615,0,0,0.004,0.002
s208,co_wear_leveling,0.250000,combined,16,0.350000,3,0.592105,0.407895,62,0.237548,0.264368,0.000382,0.112903,0.237548,0.000000,0,0.017716,0,0,0.007,0.008
s208,co_wear_leveling,0.250000,combined,16,0.400000,3,0.592105,0.407895,62,0.237548,0.264368,0.000382,0.112903,0.237548,0.000000,0,0.017716,0,0,0.007,0.004
s208,co_wear_leveling,0.250000,combined,16,0.450000,4,0.750000,0.250000,103,0.221983,0.250000,0.000423,0.126214,0.221983,0.000000,0,0.207434,1,1,0.009,0.018
s208,co_wear_leveling,0.250000,combined,16,0.500000,4,0.750000,0.250000,103,0.221983,0.250000,0.000423,0.126214,0.221983,0.000000,0,0.207434,1,1,0.009,0.006
s208,co_wear_leveling,0.250000,combined,16,0.550000,4,0.750000,0.250000,103,0.221983,0.250000,0.000423,0.126214,0.221983,0.000000,0,0.207434,1,1,0.008,0.005
s208,co_wear_leveling,0.250000,combined,16,0.600000,5,0.842105,0.157895,199,0.274483,0.310345,0.000940,0.130653,0.274483,0.000000,0,0.153945,1,1,0.013,0.018
s208,co_wear_leveling,0.250000,combined,16,0.650000,5,0.842105,0.157895,199,0.274483,0.310345,0.000940,0.130653,0.274483,0.000000,0,0.153945,1,1,0.010,0.010
s208,co_wear_leveling,0.250000,combined,16,0.700000,6,0.907895,0.092105,311,0.297893,0.350575,0.002834,0.176849,0.297893,0.000000,0,0.076489,0,0,0.012,0.026
s208,co_wear_leveling,0.250000,combined,16,0.750000,6,0.907895,0.092105,311,0.297893,0.350575,0.002834,0.176849,0.297893,0.000000,0,0.076489,0,0,0.011,0.014
s208,co_wear_leveling,0.250000,combined,16,0.800000,6,0.907895,0.092105,311,0.297893,0.350575,0.002834,0.176849,0.297893,0.000000,0,0.076489,0,0,0.011,0.011
s208,co_wear_leveling,0.250000,combined,16,0.850000,7,0.960526,0.039474,392,0.275862,0.339901,0.003924,0.232143,0.275862,0.000000,0,0.124012,1,1,0.013,0.033
s208,co_wear_leveling,0.250000,combined,16,0.900000,7,0.960526,0.039474,392,0.275862,0.339901,0.003924,0.232143,0.275862,0.000000,0,0.124012,1,1,0.013,0.019
s208,co_wear_leveling,0.250000,combined,16,0.950000,8,1.000000,0.000000,555,0.299030,0.383621,0.006553,0.282883,0.299030,0.000000,0,-0.011418,1,1,0.013,0.037
s208,co_wear_leveling,0.250000,combined,16,1.000000,8,1.000000,0.000000,555,0.299030,0.383621,0.006553,0.282883,0.299030,0.000000,0,-0.011418,1,1,0.013,0.023
s208,co_wear_leveling,0.500000,combined,16,0.050000,1,0.223684,0.776316,13,0.448276,0.448276,0.000000,0.000000,0.448276,0.000000,0,-0.776316,0,0,0.009,0.003
s208,co_wear_leveling,0.500000,combined,16,0.100000,1,0.223684,0.776316,13,0.448276,0.448276,0.000000,0.000000,0.448276,0.000000,0,-0.776316,0,0,0.004,0.002
s208,co_wear_leveling,0.500000,combined,16,0.150000,1,0.223684,0.776316,13,0.448276,0.448276,0.000000,0.000000,0.448276,0.000000,0,-0.776316,0,0,0.004,0.002
s208,co_wear_leveling,0.500000,combined,16,0.200000,2,0.421053,0.578947,34,0.293103,0.327586,0.001189,0.117647,0.293103,0.000000,0,-0.316615,0,0,0.009,0.008
s208,co_wear_leveling,0.500000,combined,16,0.250000,2,0.421053,0.578947,34,0.293103,0.327586,0.001189,0.117647,0.293103,0.000000,0,-0.316615,0,0,0.009,0.004
s208,co_wear_leveling,0.500000,combined,16,0.300000,2,0.421053,0.578947,34,0.293103,0.327586,0.001189,0.117647,0.293103,0.000000,0,-0.316615,0,0,0.008,0.004
s208,co_wear_leveling,0.500000,combined,16,0.350000,3,0.592105,0.407895,62,0.237548,0.264368,0.000382,0.112903,0.237548,0.000000,0,0.017716,0,0,0.013,0.013
s208,co_wear_leveling,0.500000,combined,16,0.400000,3,0.592105,0.407895,62,0.237548,0.264368,0.000382,0.112903,0.237548,0.000000,0,0.017716,0,0,0.013,0.008
s208,co_wear_leveling,0.500000,combined,16,0.450000,4,0.750000,0.250000,103,0.221983,0.250000,0.000423,0.126214,0.221983,0.000000,0,0.207434,1,1,0.017,0.021
s208,co_wear_leveling,0.500000,combined,16,0.500000,4,0.750000,0.250000,103,0.221983,0.250000,0.000423,0.126214,0.221983,0.000000,0,0.207434,1,1,0.017,0.013
s208,co_wear_leveling,0.500000,combined,16,0.550000,4,0.750000,0.250000,103,0.221983,0.250000,0.000423,0.126214,0.221983,0.000000,0,0.207434,1,1,0.016,0.010
s208,co_wear_leveling,0.500000,combined,16,0.600000,5,0.842105,0.157895,199,0.274483,0.310345,0.000940,0.130653,0.274483,0.000000,0,0.153945,1,1,0.020,0.043
s208,co_wear_leveling,0.500000,combined,16,0.650000,5,0.842105,0.157895,199,0.274483,0.310345,0.000940,0.130653,0.274483,0.000000,0,0.153945,1,1,0.020,0.018
s208,co_wear_leveling,0.500000,combined,16,0.700000,6,0.907895,0.092105,311,0.297893,0.350575,0.002834,0.176849,0.297893,0.000000,0,0.076489,0,0,0.024,0.043
s208,co_wear_leveling,0.500000,combined,16,0.750000,6,0.907895,0.092105,311,0.297893,0.350575,0.002834,0.176849,0.297893,0.000000,0,0.076489,0,0,0.023,0.028
s208,co_wear_leveling,0.500000,combined,16,0.800000,6,0.907895,0.092105,311,0.297893,0.350575,0.002834,0.176849,0.297893,0.000000,0,0.076489,0,0,0.022,0.023
s208,co_wear_leveling,0.500000,combined,16,0.850000,7,0.960526,0.039474,392,0.275862,0.339901,0.003924,0.232143,0.275862,0.000000,0,0.124012,1,1,0.025,0.053
s208,co_wear_leveling,0.500000,combined,16,0.900000,7,0.960526,0.039474,392,0.275862,0.339901,0.003924,0.232143,0.275862,0.000000,0,0.124012,1,1,0.025,0.036
s208,co_wear_leveling,0.500000,combined,16,0.950000,8,1.000000,0.000000,555,0.299030,0.383621,0.006553,0.282883,0.299030,0.000000,0,-0.011418,1,1,0.026,0.061
s208,co_wear_leveling,0.500000,combined,16,1.000000,8,1.000000,0.000000,555,0.299030,0.383621,0.006553,0.282883,0.299030,0.000000,0,-0.011418,1,1,0.026,0.046
s208,co_wear_leveling,0.750000,combined,16,0.050000,1,0.223684,0.776316,13,0.448276,0.448276,0.000000,0.000000,0.448276,0.000000,0,-0.776316,0,0,0.010,0.003
s208,co_wear_leveling,0.750000,combined,16,0.100000,1,0.223684,0.776316,13,0.448276,0.448276,0.000000,0.000000,0.448276,0.000000,0,-0.776316,0,0,0.005,0.002
s208,co_wear_leveling,0.750000,combined,16,0.150000,1,0.223684,0.776316,13,0.448276,0.448276,0.000000,0.000000,0.448276,0.000000,0,-0.776316,0,0,0.004,0.001
s208,co_wear_leveling,0.750000,combined,16,0.200000,2,0.421053,0.578947,34,0.293103,0.327586,0.001189,0.117647,0.293103,0.000000,0,-0.316615,0,0,0.009,0.009
s208,co_wear_leveling,0.750000,combined,16,0.250000,2,0.421053,0.578947,34,0.293103,0.327586,0.001189,0.117647,0.293103,0.000000,0,-0.316615,0,0,0.009,0.005
s208,co_wear_leveling,0.750000,combined,16,0.300000,2,0.421053,0.578947,34,0.293103,0.327586,0.001189,0.117647,0.293103,0.000000,0,-0.316615,0,0,0.008,0.004
s208,co_wear_leveling,0.750000,combined,16,0.350000,3,0.592105,0.407895,62,0.237548,0.264368,0.000382,0.112903,0.237548,0.000000,0,0.017716,0,0,0.014,0.016
s208,co_wear_leveling,0.750000,combined,16,0.400000,3,0.592105,0.407895,62,0.237548,0.264368,0.000382,0.112903,0.237548,0.000000,0,0.017716,0,0,0.013,0.009
s208,co_wear_leveling,0.750000,combined,16,0.450000,4,0.750000,0.250000,103,0.221983,0.250000,0.000423,0.126214,0.221983,0.000000,0,0.207434,1,1,0.018,0.022
s208,co_wear_leveling,0.750000,combined,16,0.500000,4,0.750000,0.250000,103,0.221983,0.250000,0.000423,0.126214,0.221983,0.000000,0,0.207434,1,1,0.017,0.013
s208,co_wear_leveling,0.750000,combined,16,0.550000,4,0.750000,0.250000,103,0.221983,0.250000,0.000423,0.126214,0.221983,0.000000,0,0.207434,1,1,0.017,0.012
s208,co_wear_leveling,0.750000,combined,16,0.600000,5,0.842105,0.157895,199,0.274483,0.310345,0.000940,0.130653,0.274483,0.000000,0,0.153945,1,1,0.021,0.066
s208,co_wear_leveling,0.750000,combined,16,0.650000,5,0.842105,0.157895,199,0.274483,0.310345,0.000940,0.130653,0.274483,0.000000,0,0.153945,1,1,0.021,0.023
s208,co_wear_leveling,0.750000,combined,16,0.700000,6,0.907895,0.092105,311,0.297893,0.350575,0.002834,0.176849,0.297893,0.000000,0,0.076489,0,0,0.024,0.045
s208,co_wear_leveling,0.750000,combined,16,0.750000,6,0.907895,0.092105,311,0.297893,0.350575,0.002834,0.176849,0.297893,0.000000,0,0.076489,0,0,0.023,0.031
s208,co_wear_leveling,0.750000,combined,16,0.800000,6,0.907895,0.092105,311,0.297893,0.350575,0.002834,0.176849,0.297893,0.000000,0,0.076489,0,0,0.023,0.027
s208,co_wear_leveling,0.750000,combined,16,0.850000,7,0.960526,0.039474,392,0.275862,0.339901,0.003924,0.232143,0.275862,0.000000,0,0.124012,1,1,0.026,0.052
s208,co_wear_leveling,0.750000,combined,16,0.900000,7,0.960526,0.039474,392,0.275862,0.339901,0.003924,0.232143,0.275862,0.000000,0,0.124012,1,1,0.025,0.038
s208,co_wear_leveling,0.750000,combined,16,0.950000,8,1.000000,0.000000,555,0.299030,0.383621,0.006553,0.282883,0.299030,0.000000,0,-0.011418,1,1,0.026,0.066
s208,co_wear_leveling,0.750000,combined,16,1.000000,8,1.000000,0.000000,555,0.299030,0.383621,0.006553,0.282883,0.299030,0.000000,0,-0.011418,1,1,0.026,0.050
s208,co_wear_leveling,1.000000,combined,16,0.050000,1,0.223684,0.776316,13,0.448276,0.448276,0.000000,0.000000,0.448276,0.000000,0,-0.776316,0,0,0.009,0.003
s208,co_wear_leveling,1.000000,combined,16,0.100000,1,0.223684,0.776316,13,0.448276,0.448276,0.000000,0.000000,0.448276,0.000000,0,-0.776316,0,0,0.002,0.001
s208,co_wear_leveling,1.000000,combined,16,0.150000,1,0.223684,0.776316,13,0.448276,0.448276,0.000000,0.000000,0.448276,0.000000,0,-0.776316,0,0,0.002,0.001
s208,co_wear_leveling,1.000000,combined,16,0.200000,2,0.421053,0.578947,34,0.293103,0.327586,0.001189,0.117647,0.293103,0.000000,0,-0.316615,0,0,0.005,0.004
s208,co_wear_leveling,1.000000,combined,16,0.250000,2,0.421053,0.578947,34,0.293103,0.327586,0.001189,0.117647,0.293103,0.000000,0,-0.316615,0,0,0.004,0.002
s208,co_wear_leveling,1.000000,combined,16,0.300000,2,0.421053,0.578947,34,0.293103,0.327586,0.001189,0.117647,0.293103,0.000000,0,-0.316615,0,0,0.004,0.002
s208,co_wear_leveling,1.000000,combined,16,0.350000,3,0.592105,0.407895,62,0.237548,0.264368,0.000382,0.112903,0.237548,0.000000,0,0.017716,0,0,0.007,0.007
s208,co_wear_leveling,1.000000,combined,16,0.400000,3,0.592105,0.407895,62,0.237548,0.264368,0.000382,0.112903,0.237548,0.000000,0,0.017716,0,0,0.007,0.004
s208,co_wear_leveling,1.000000,combined,16,0.450000,4,0.750000,0.250000,103,0.221983,0.250000,0.000423,0.126214,0.221983,0.000000,0,0.207434,1,1,0.009,0.011
s208,co_wear_leveling,1.000000,combined,16,0.500000,4,0.750000,0.250000,103,0.221983,0.250000,0.000423,0.126214,0.221983,0.000000,0,0.207434,1,1,0.009,0.006
s208,co_wear_leveling,1.000000,combined,16,0.550000,4,0.750000,0.250000,103,0.221983,0.250000,0.000423,0.126214,0.221983,0.000000,0,0.207434,1,1,0.008,0.005
s208,co_wear_leveling,1.000000,combined,16,0.600000,5,0.842105,0.157895,199,0.274483,0.310345,0.000940,0.130653,0.274483,0.000000,0,0.153945,1,1,0.011,0.017
s208,co_wear_leveling,1.000000,combined,16,0.650000,5,0.842105,0.157895,199,0.274483,0.310345,0.000940,0.130653,0.274483,0.000000,0,0.153945,1,1,0.010,0.009
s208,co_wear_leveling,1.000000,combined,16,0.700000,6,0.907895,0.092105,311,0.297893,0.350575,0.002834,0.176849,0.297893,0.000000,0,0.076489,0,0,0.012,0.025
s208,co_wear_leveling,1.000000,combined,16,0.750000,6,0.907895,0.092105,311,0.297893,0.350575,0.002834,0.176849,0.297893,0.000000,0,0.076489,0,0,0.012,0.013
s208,co_wear_leveling,1.000000,combined,16,0.800000,6,0.907895,0.092105,311,0.297893,0.350575,0.002834,0.176849,0.297893,0.000000,0,0.076489,0,0,0.011,0.010
s208,co_wear_leveling,1.000000,combined,16,0.850000,7,0.960526,0.039474,392,0.275862,0.339901,0.003924,0.232143,0.275862,0.000000,0,0.124012,1,1,0.016,0.031
s208,co_wear_leveling,1.000000,combined,16,0.900000,7,0.960526,0.039474,392,0.275862,0.339901,0.003924,0.232143,0.275862,0.000000,0,0.124012,1,1,0.013,0.017
s208,co_wear_leveling,1.000000,combined,16,0.950000,8,1.000000,0.000000,555,0.299030,0.383621,0.006553,0.282883,0.299030,0.000000,0,-0.011418,1,1,0.013,0.036
s208,co_wear_leveling,1.000000,combined,16,1.000000,8,1.000000,0.000000,555,0.299030,0.383621,0.006553,0.282883,0.299030,0.000000,0,-0.011418,1,1,0.013,0.022
s208,random,0.500000,combined,16,0.050000,1,0.157895,0.842105,15,0.517241,0.517241,0.000000,0.000000,0.517241,0.000000,0,-0.842105,0,0,0.029,0.004
s208,random,0.500000,combined,16,0.100000,1,0.157895,0.842105,15,0.517241,0.517241,0.000000,0.000000,0.517241,0.000000,0,-0.842105,0,0,0.015,0.002
s208,random,0.500000,combined,16,0.150000,1,0.157895,0.842105,15,0.517241,0.517241,0.000000,0.000000,0.517241,0.000000,0,-0.842105,0,0,0.012,0.002
s208,random,0.500000,combined,16,0.200000,2,0.250000,0.750000,43,0.370690,0.396552,0.000669,0.069767,0.370690,0.000000,0,-0.507345,0,0,0.011,0.013
s208,random,0.500000,combined,16,0.250000,2,0.250000,0.750000,43,0.370690,0.396552,0.000669,0.069767,0.370690,0.000000,0,-0.507345,0,0,0.011,0.007
s208,random,0.500000,combined,16,0.300000,2,0.250000,0.750000,43,0.370690,0.396552,0.000669,0.069767,0.370690,0.000000,0,-0.507345,0,0,0.010,0.005
s208,random,0.500000,combined,16,0.350000,3,0.302632,0.697368,84,0.321839,0.379310,0.003435,0.178571,0.321839,0.000000,0,-0.455669,0,0,0.010,0.021
s208,random,0.500000,combined,16,0.400000,3,0.302632,0.697368,84,0.321839,0.379310,0.003435,0.178571,0.321839,0.000000,0,-0.455669,0,0,0.010,0.073
s208,random,0.500000,combined,16,0.450000,4,0.526316,0.473684,143,0.308190,0.353448,0.002132,0.146853,0.308190,0.000000,0,-0.163244,1,0,0.018,0.027
s208,random,0.500000,combined,16,0.500000,4,0.526316,0.473684,143,0.308190,0.353448,0.002132,0.146853,0.308190,0.000000,0,-0.163244,1,0,0.012,0.008
s208,random,0.500000,combined,16,0.550000,4,0.526316,0.473684,143,0.308190,0.353448,0.002132,0.146853,0.308190,0.000000,0,-0.163244,1,0,0.010,0.006
s208,random,0.500000,combined,16,0.600000,5,0.592105,0.407895,233,0.321379,0.406897,0.006252,0.266094,0.321379,0.000000,0,-0.258442,0,0,0.009,0.021
s208,random,0.500000,combined,16,0.650000,5,0.592105,0.407895,233,0.321379,0.406897,0.006252,0.266094,0.321379,0.000000,0,-0.258442,0,0,0.010,0.010
s208,random,0.500000,combined,16,0.700000,6,0.631579,0.368421,356,0.340996,0.465517,0.010665,0.365169,0.340996,0.000000,0,-0.398051,0,0,0.009,0.026
s208,random,0.500000,combined,16,0.750000,6,0.631579,0.368421,356,0.340996,0.465517,0.010665,0.365169,0.340996,0.000000,0,-0.398051,0,0,0.009,0.014
s208,random,0.500000,combined,16,0.800000,6,0.631579,0.368421,356,0.340996,0.465517,0.010665,0.365169,0.340996,0.000000,0,-0.398051,0,0,0.009,0.011
s208,random,0.500000,combined,16,0.850000,7,0.828947,0.171053,457,0.321605,0.428571,0.008935,0.332604,0.321605,0.000000,0,-0.105673,0,0,0.009,0.033
s208,random,0.500000,combined,16,0.900000,7,0.828947,0.171053,457,0.321605,0.428571,0.008935,0.332604,0.321605,0.000000,0,-0.105673,0,0,0.009,0.017
s208,random,0.500000,combined,16,0.950000,8,1.000000,0.000000,555,0.299030,0.383621,0.006553,0.282883,0.299030,0.000000,0,0.186481,1,1,0.009,0.041
s208,random,0.500000,combined,16,1.000000,8,1.000000,0.000000,555,0.299030,0.383621,0.006553,0.282883,0.299030,0.000000,0,0.186481,1,1,0.009,0.022
s27,co,0.500000,combined,16,0.050000,1,0.666667,0.333333,3,0.600000,0.600000,0.000000,0.000000,0.600000,0.000000,0,-0.333333,0,0,0.008,0.002
s27,co,0.500000,combined,16,0.100000,1,0.666667,0.333333,3,0.600000,0.600000,0.000000,0.000000,0.600000,0.000000,0,-0.333333,0,0,0.001,0.001
s27,co,0.500000,combined,16,0.150000,1,0.666667,0.333333,3,0.600000,0.600000,0.000000,0.000000,0.600000,0.000000,0,-0.333333,0,0,0.000,0.000
s27,co,0.500000,combined,16,0.200000,1,0.666667,0.333333,3,0.600000,0.600000,0.000000,0.000000,0.600000,0.000000,0,-0.333333,0,0,0.000,0.000
s27,co,0.500000,combined,16,0.250000,1,0.666667,0.333333,3,0.600000,0.600000,0.000000,0.000000,0.600000,0.000000,0,-0.333333,0,0,0.000,0.000
s27,co,0.500000,combined,16,0.300000,1,0.666667,0.333333,3,0.600000,0.600000,0.000000,0.000000,0.600000,0.000000,0,-0.333333,0,0,0.000,0.000
s27,co,0.500000,combined,16,0.350000,1,0.666667,0.333333,3,0.600000,0.600000,0.000000,0.000000,0.600000,0.000000,0,-0.333333,0,0,0.000,0.000
s27,co,0.500000,combined,16,0.400000,1,0.666667,0.333333,3,0.600000,0.600000,0.000000,0.000000,0.600000,0.000000,0,-0.333333,0,0,0.000,0.000
s27,co,0.500000,combined,16,0.450000,1,0.666667,0.333333,3,0.600000,0.600000,0.000000,0.000000,0.600000,0.000000,0,-0.333333,0,0,0.000,0.000
s27,co,0.500000,combined,16,0.500000,2,0.857143,0.142857,9,0.450000,0.500000,0.002500,0.111111,0.450000,0.000000,0,-0.184524,0,0,0.000,0.002
s27,co,0.500000,combined,16,0.550000,2,0.857143,0.142857,9,0.450000,0.500000,0.002500,0.111111,0.450000,0.000000,0,-0.184524,0,0,0.000,0.002
s27,co,0.500000,combined,16,0.600000,2,0.857143,0.142857,9,0.450000,0.500000,0.002500,0.111111,0.450000,0.000000,0,-0.184524,0,0,0.000,0.001
s27,co,0.500000,combined,16,0.650000,2,0.857143,0.142857,9,0.450000,0.500000,0.002500,0.111111,0.450000,0.000000,0,-0.184524,0,0,0.000,0.001
s27,co,0.500000,combined,16,0.700000,2,0.857143,0.142857,9,0.450000,0.500000,0.002500,0.111111,0.450000,0.000000,0,-0.184524,0,0,0.000,0.007
s27,co,0.500000,combined,16,0.750000,2,0.857143,0.142857,9,0.450000,0.500000,0.002500,0.111111,0.450000,0.000000,0,-0.184524,0,0,0.000,0.000
s27,co,0.500000,combined,16,0.800000,2,0.857143,0.142857,9,0.450000,0.500000,0.002500,0.111111,0.450000,0.000000,0,-0.184524,0,0,0.000,0.000
s27,co,0.500000,combined,16,0.850000,3,1.000000,0.000000,19,0.422222,0.466667,0.000988,0.105263,0.422222,0.000000,0,0.160494,1,1,0.001,0.004
s27,co,0.500000,combined,16,0.900000,3,1.000000,0.000000,19,0.422222,0.466667,0.000988,0.105263,0.422222,0.000000,0,0.160494,1,1,0.000,0.002
s27,co,0.500000,combined,16,0.950000,3,1.000000,0.000000,19,0.422222,0.466667,0.000988,0.105263,0.422222,0.000000,0,0.160494,1,1,0.000,0.001
s27,co,0.500000,combined,16,1.000000,3,1.000000,0.000000,19,0.422222,0.466667,0.000988,0.105263,0.422222,0.000000,0,0.160494,1,1,0.000,0.001
s27,combined,0.500000,combined,16,0.050000,1,0.666667,0.333333,3,0.600000,0.600000,0.000000,0.000000,0.600000,0.000000,0,-0.333333,0,0,0.003,0.002
s27,combined,0.500000,combined,16,0.100000,1,0.666667,0.333333,3,0.600000,0.600000,0.000000,0.000000,0.600000,0.000000,0,-0.333333,0,0,0.001,0.001
s27,combined,0.500000,combined,16,0.150000,1,0.666667,0.333333,3,0.600000,0.600000,0.000000,0.000000,0.600000,0.000000,0,-0.333333,0,0,0.001,0.000
s27,combined,0.500000,combined,16,0.200000,1,0.666667,0.333333,3,0.600000,0.600000,0.000000,0.000000,0.600000,0.000000,0,-0.333333,0,0,0.000,0.000
s27,combined,0.500000,combined,16,0.250000,1,0.666667,0.333333,3,0.600000,0.600000,0.000000,0.000000,0.600000,0.000000,0,-0.333333,0,0,0.000,0.000
s27,combined,0.500000,combined,16,0.300000,1,0.666667,0.333333,3,0.600000,0.600000,0.000000,0.000000,0.600000,0.000000,0,-0.333333,0,0,0.000,0.000
s27,combined,0.500000,combined,16,0.350000,1,0.666667,0.333333,3,0.600000,0.600000,0.000000,0.000000,0.600000,0.000000,0,-0.333333,0,0,0.000,0.000
s27,combined,0.500000,combined,16,0.400000,1,0.666667,0.333333,3,0.600000,0.600000,0.000000,0.000000,0.600000,0.000000,0,-0.333333,0,0,0.000,0.000
s27,combined,0.500000,combined,16,0.450000,1,0.666667,0.333333,3,0.600000,0.600000,0.000000,0.000000,0.600000,0.000000,0,-0.333333,0,0,0.000,0.000
s27,combined,0.500000,combined,16,0.500000,2,0.857143,0.142857,9,0.450000,0.500000,0.002500,0.111111,0.450000,0.000000,0,-0.184524,0,0,0.000,0.003
s27,combined,0.500000,combined,16,0.550000,2,0.857143,0.142857,9,0.450000,0.500000,0.002500,0.111111,0.450000,0.000000,0,-0.184524,0,0,0.000,0.002
s27,combined,0.500000,combined,16,0.600000,2,0.857143,0.142857,9,0.450000,0.500000,0.002500,0.111111,0.450000,0.000000,0,-0.184524,0,0,0.000,0.001
s27,combined,0.500000,combined,16,0.650000,2,0.857143,0.142857,9,0.450000,0.500000,0.002500,0.111111,0.450000,0.000000,0,-0.184524,0,0,0.000,0.001
s27,combined,0.500000,combined,16,0.700000,2,0.857143,0.142857,9,0.450000,0.500000,0.002500,0.111111,0.450000,0.000000,0,-0.184524,0,0,0.000,0.000
s27,combined,0.500000,combined,16,0.750000,2,0.857143,0.142857,9,0.450000,0.500000,0.002500,0.111111,0.450000,0.000000,0,-0.184524,0,0,0.000,0.000
s27,combined,0.500000,combined,16,0.800000,2,0.857143,0.142857,9,0.450000,0.500000,0.002500,0.111111,0.450000,0.000000,0,-0.184524,0,0,0.000,0.001
s27,combined,0.500000,combined,16,0.850000,3,1.000000,0.000000,19,0.422222,0.466667,0.000988,0.105263,0.422222,0.000000,0,0.160494,1,1,0.001,0.004
s27,combined,0.500000,combined,16,0.900000,3,1.000000,0.000000,19,0.422222,0.466667,0.000988,0.105263,0.422222,0.000000,0,0.160494,1,1,0.000,0.002
s27,combined,0.500000,combined,16,0.950000,3,1.000000,0.000000,19,0.422222,0.466667,0.000988,0.105263,0.422222,0.000000,0,0.160494,1,1,0.000,0.001
s27,combined,0.500000,combined,16,1.000000,3,1.000000,0.000000,19,0.422222,0.466667,0.000988,0.105263,0.422222,0.000000,0,0.160494,1,1,0.000,0.001
s27,combined_wear,0.000000,combined,16,0.050000,1,0.666667,0.333333,3,0.600000,0.600000,0.000000,0.000000,0.600000,0.000000,0,-0.333333,0,0,0.003,0.001
s27,combined_wear,0.000000,combined,16,0.100000,1,0.666667,0.333333,3,0.600000,0.600000,0.000000,0.000000,0.600000,0.000000,0,-0.333333,0,0,0.001,0.001
s27,combined_wear,0.000000,combined,16,0.150000,1,0.666667,0.333333,3,0.600000,0.600000,0.000000,0.000000,0.600000,0.000000,0,-0.333333,0,0,0.001,0.000
s27,combined_wear,0.000000,combined,16,0.200000,1,0.666667,0.333333,3,0.600000,0.600000,0.000000,0.000000,0.600000,0.000000,0,-0.333333,0,0,0.000,0.000
s27,combined_wear,0.000000,combined,16,0.250000,1,0.666667,0.333333,3,0.600000,0.600000,0.000000,0.000000,0.600000,0.000000,0,-0.333333,0,0,0.000,0.000
s27,combined_wear,0.000000,combined,16,0.300000,1,0.666667,0.333333,3,0.600000,0.600000,0.000000,0.000000,0.600000,0.000000,0,-0.333333,0,0,0.000,0.000
s27,combined_wear,0.000000,combined,16,0.350000,1,0.666667,0.333333,3,0.600000,0.600000,0.000000,0.000000,0.600000,0.000000,0,-0.333333,0,0,0.000,0.000
s27,combined_wear,0.000000,combined,16,0.400000,1,0.666667,0.333333,3,0.600000,0.600000,0.000000,0.000000,0.600000,0.000000,0,-0.333333,0,0,0.000,0.000
s27,combined_wear,0.000000,combined,16,0.450000,1,0.666667,0.333333,3,0.600000,0.600000,0.000000,0.000000,0.600000,0.000000,0,-0.333333,0,0,0.000,0.000
s27,combined_wear,0.000000,combined,16,0.500000,2,0.857143,0.142857,9,0.450000,0.500000,0.002500,0.111111,0.450000,0.000000,0,-0.184524,0,0,0.000,0.002
s27,combined_wear,0.000000,combined,16,0.550000,2,0.857143,0.142857,9,0.450000,0.500000,0.002500,0.111111,0.450000,0.000000,0,-0.184524,0,0,0.000,0.001
s27,combined_wear,0.000000,combined,16,0.600000,2,0.857143,0.142857,9,0.450000,0.500000,0.002500,0.111111,0.450000,0.000000,0,-0.184524,0,0,0.000,0.001
s27,combined_wear,0.000000,combined,16,0.650000,2,0.857143,0.142857,9,0.450000,0.500000,0.002500,0.111111,0.450000,0.000000,0,-0.184524,0,0,0.000,0.000
s27,combined_wear,0.000000,combined,16,0.700000,2,0.857143,0.142857,9,0.450000,0.500000,0.002500,0.111111,0.450000,0.000000,0,-0.184524,0,0,0.000,0.000
s27,combined_wear,0.000000,combined,16,0.750000,2,0.857143,0.142857,9,0.450000,0.500000,0.002500,0.111111,0.450000,0.000000,0,-0.184524,0,0,0.000,0.000
s27,combined_wear,0.000000,combined,16,0.800000,2,0.857143,0.142857,9,0.450000,0.500000,0.002500,0.111111,0.450000,0.000000,0,-0.184524,0,0,0.000,0.000
s27,combined_wear,0.000000,combined,16,0.850000,3,1.000000,0.000000,19,0.422222,0.466667,0.000988,0.105263,0.422222,0.000000,0,0.160494,1,1,0.001,0.002
s27,combined_wear,0.000000,combined,16,0.900000,3,1.000000,0.000000,19,0.422222,0.466667,0.000988,0.105263,0.422222,0.000000,0,0.160494,1,1,0.000,0.001
s27,combined_wear,0.000000,combined,16,0.950000,3,1.000000,0.000000,19,0.422222,0.466667,0.000988,0.105263,0.422222,0.000000,0,0.160494,1,1,0.000,0.001
s27,combined_wear,0.000000,combined,16,1.000000,3,1.000000,0.000000,19,0.422222,0.466667,0.000988,0.105263,0.422222,0.000000,0,0.160494,1,1,0.000,0.001
s27,combined_wear,0.250000,combined,16,0.050000,1,0.666667,0.333333,3,0.600000,0.600000,0.000000,0.000000,0.600000,0.000000,0,-0.333333,0,0,0.004,0.001
s27,combined_wear,0.250000,combined,16,0.100000,1,0.666667,0.333333,3,0.600000,0.600000,0.000000,0.000000,0.600000,0.000000,0,-0.333333,0,0,0.001,0.001
s27,combined_wear,0.250000,combined,16,0.150000,1,0.666667,0.333333,3,0.600000,0.600000,0.000000,0.000000,0.600000,0.000000,0,-0.333333,0,0,0.000,0.000
s27,combined_wear,0.250000,combined,16,0.200000,1,0.666667,0.333333,3,0.600000,0.600000,0.000000,0.000000,0.600000,0.000000,0,-0.333333,0,0,0.000,0.000
s27,combined_wear,0.250000,combined,16,0.250000,1,0.666667,0.333333,3,0.600000,0.600000,0.000000,0.000000,0.600000,0.000000,0,-0.333333,0,0,0.000,0.000
s27,combined_wear,0.250000,combined,16,0.300000,1,0.666667,0.333333,3,0.600000,0.600000,0.000000,0.000000,0.600000,0.000000,0,-0.333333,0,0,0.000,0.000
s27,combined_wear,0.250000,combined,16,0.350000,1,0.666667,0.333333,3,0.600000,0.600000,0.000000,0.000000,0.600000,0.000000,0,-0.333333,0,0,0.000,0.000
s27,combined_wear,0.250000,combined,16,0.400000,1,0.666667,0.333333,3,0.600000,0.600000,0.000000,0.000000,0.600000,0.000000,0,-0.333333,0,0,0.000,0.000
s27,combined_wear,0.250000,combined,16,0.450000,1,0.666667,0.333333,3,0.600000,0.600000,0.000000,0.000000,0.600000,0.000000,0,-0.333333,0,0,0.000,0.000
s27,combined_wear,0.250000,combined,16,0.500000,2,0.857143,0.142857,9,0.450000,0.500000,0.002500,0.111111,0.450000,0.000000,0,-0.184524,0,0,0.000,0.002
s27,combined_wear,0.250000,combined,16,0.550000,2,0.857143,0.142857,9,0.450000,0.500000,0.002500,0.111111,0.450000,0.000000,0,-0.184524,0,0,0.000,0.001
s27,combined_wear,0.250000,combined,16,0.600000,2,0.857143,0.142857,9,0.450000,0.500000,0.002500,0.111111,0.450000,0.000000,0,-0.184524,0,0,0.000,0.001
s27,combined_wear,0.250000,combined,16,0.650000,2,0.857143,0.142857,9,0.450000,0.500000,0.002500,0.111111,0.450000,0.000000,0,-0.184524,0,0,0.000,0.000
s27,combined_wear,0.250000,combined,16,0.700000,2,0.857143,0.142857,9,0.450000,0.500000,0.002500,0.111111,0.450000,0.000000,0,-0.184524,0,0,0.000,0.000
s27,combined_wear,0.250000,combined,16,0.750000,2,0.857143,0.142857,9,0.450000,0.500000,0.002500,0.111111,0.450000,0.000000,0,-0.184524,0,0,0.000,0.000
s27,combined_wear,0.250000,combined,16,0.800000,2,0.857143,0.142857,9,0.450000,0.500000,0.002500,0.111111,0.450000,0.000000,0,-0.184524,0,0,0.000,0.000
s27,combined_wear,0.250000,combined,16,0.850000,3,1.000000,0.000000,19,0.422222,0.466667,0.000988,0.105263,0.422222,0.000000,0,0.160494,1,1,0.001,0.002
s27,combined_wear,0.250000,combined,16,0.900000,3,1.000000,0.000000,19,0.422222,0.466667,0.000988,0.105263,0.422222,0.000000,0,0.160494,1,1,0.000,0.001
s27,combined_wear,0.250000,combined,16,0.950000,3,1.000000,0.000000,19,0.422222,0.466667,0.000988,0.105263,0.422222,0.000000,0,0.160494,1,1,0.000,0.001
s27,combined_wear,0.250000,combined,16,1.000000,3,1.000000,0.000000,19,0.422222,0.466667,0.000988,0.105263,0.422222,0.000000,0,0.160494,1,1,0.000,0.001
s27,combined_wear,0.500000,combined,16,0.050000,1,0.666667,0.333333,3,0.600000,0.600000,0.000000,0.000000,0.600000,0.000000,0,-0.333333,0,0,0.003,0.001
s27,combined_wear,0.500000,combined,16,0.100000,1,0.666667,0.333333,3,0.600000,0.600000,0.000000,0.000000,0.600000,0.000000,0,-0.333333,0,0,0.001,0.000
s27,combined_wear,0.500000,combined,16,0.150000,1,0.666667,0.333333,3,0.600000,0.600000,0.000000,0.000000,0.600000,0.000000,0,-0.333333,0,0,0.000,0.000
s27,combined_wear,0.500000,combined,16,0.200000,1,0.666667,0.333333,3,0.600000,0.600000,0.000000,0.000000,0.600000,0.000000,0,-0.333333,0,0,0.000,0.000
s27,combined_wear,0.500000,combined,16,0.250000,1,0.666667,0.333333,3,0.600000,0.600000,0.000000,0.000000,0.600000,0.000000,0,-0.333333,0,0,0.000,0.000
s27,combined_wear,0.500000,combined,16,0.300000,1,0.666667,0.333333,3,0.600000,0.600000,0.000000,0.000000,0.600000,0.000000,0,-0.333333,0,0,0.000,0.000
s27,combined_wear,0.500000,combined,16,0.350000,1,0.666667,0.333333,3,0.600000,0.600000,0.000000,0.000000,0.600000,0.000000,0,-0.333333,0,0,0.000,0.000
s27,combined_wear,0.500000,combined,16,0.400000,1,0.666667,0.333333,3,0.600000,0.600000,0.000000,0.000000,0.600000,0.000000,0,-0.333333,0,0,0.000,0.000
s27,combined_wear,0.500000,combined,16,0.450000,1,0.666667,0.333333,3,0.600000,0.600000,0.000000,0.000000,0.600000,0.000000,0,-0.333333,0,0,0.000,0.000
s27,combined_wear,0.500000,combined,16,0.500000,2,0.857143,0.142857,9,0.450000,0.500000,0.002500,0.111111,0.450000,0.000000,0,-0.184524,0,0,0.000,0.002
s27,combined_wear,0.500000,combined,16,0.550000,2,0.857143,0.142857,9,0.450000,0.500000,0.002500,0.111111,0.450000,0.000000,0,-0.184524,0,0,0.000,0.001
s27,combined_wear,0.500000,combined,16,0.600000,2,0.857143,0.142857,9,0.450000,0.500000,0.002500,0.111111,0.450000,0.000000,0,-0.184524,0,0,0.000,0.001
s27,combined_wear,0.500000,combined,16,0.650000,2,0.857143,0.142857,9,0.450000,0.500000,0.002500,0.111111,0.450000,0.000000,0,-0.184524,0,0,0.000,0.001
s27,combined_wear,0.500000,combined,16,0.700000,2,0.857143,0.142857,9,0.450000,0.500000,0.002500,0.111111,0.450000,0.000000,0,-0.184524,0,0,0.000,0.000
s27,combined_wear,0.500000,combined,16,0.750000,2,0.857143,0.142857,9,0.450000,0.500000,0.002500,0.111111,0.450000,0.000000,0,-0.184524,0,0,0.000,0.000
s27,combined_wear,0.500000,combined,16,0.800000,2,0.857143,0.142857,9,0.450000,0.500000,0.002500,0.111111,0.450000,0.000000,0,-0.184524,0,0,0.000,0.000
s27,combined_wear,0.500000,combined,16,0.850000,3,1.000000,0.000000,19,0.422222,0.466667,0.000988,0.105263,0.422222,0.000000,0,0.160494,1,1,0.001,0.002
s27,combined_wear,0.500000,combined,16,0.900000,3,1.000000,0.000000,19,0.422222,0.466667,0.000988,0.105263,0.422222,0.000000,0,0.160494,1,1,0.000,0.001
s27,combined_wear,0.500000,combined,16,0.950000,3,1.000000,0.000000,19,0.422222,0.466667,0.000988,0.105263,0.422222,0.000000,0,0.160494,1,1,0.000,0.001
s27,combined_wear,0.500000,combined,16,1.000000,3,1.000000,0.000000,19,0.422222,0.466667,0.000988,0.105263,0.422222,0.000000,0,0.160494,1,1,0.000,0.001
s27,combined_wear,0.750000,combined,16,0.050000,1,0.666667,0.333333,3,0.600000,0.600000,0.000000,0.000000,0.600000,0.000000,0,-0.333333,0,0,0.007,0.002
s27,combined_wear,0.750000,combined,16,0.100000,1,0.666667,0.333333,3,0.600000,0.600000,0.000000,0.000000,0.600000,0.000000,0,-0.333333,0,0,0.001,0.000
s27,combined_wear,0.750000,combined,16,0.150000,1,0.666667,0.333333,3,0.600000,0.600000,0.000000,0.000000,0.600000,0.000000,0,-0.333333,0,0,0.000,0.000
s27,combined_wear,0.750000,combined,16,0.200000,1,0.666667,0.333333,3,0.600000,0.600000,0.000000,0.000000,0.600000,0.000000,0,-0.333333,0,0,0.000,0.000
s27,combined_wear,0.750000,combined,16,0.250000,1,0.666667,0.333333,3,0.600000,0.600000,0.000000,0.000000,0.600000,0.000000,0,-0.333333,0,0,0.000,0.000
s27,combined_wear,0.750000,combined,16,0.300000,1,0.666667,0.333333,3,0.600000,0.600000,0.000000,0.000000,0.600000,0.000000,0,-0.333333,0,0,0.000,0.000
s27,combined_wear,0.750000,combined,16,0.350000,1,0.666667,0.333333,3,0.600000,0.600000,0.000000,0.000000,0.600000,0.000000,0,-0.333333,0,0,0.000,0.000
s27,combined_wear,0.750000,combined,16,0.400000,1,0.666667,0.333333,3,0.600000,0.600000,0.000000,0.000000,0.600000,0.000000,0,-0.333333,0,0,0.000,0.000
s27,combined_wear,0.750000,combined,16,0.450000,1,0.666667,0.333333,3,0.600000,0.600000,0.000000,0.000000,0.600000,0.000000,0,-0.333333,0,0,0.000,0.000
s27,combined_wear,0.750000,combined,16,0.500000,2,0.857143,0.142857,9,0.450000,0.500000,0.002500,0.111111,0.450000,0.000000,0,-0.184524,0,0,0.000,0.002
s27,combined_wear,0.750000,combined,16,0.550000,2,0.857143,0.142857,9,0.450000,0.500000,0.002500,0.111111,0.450000,0.000000,0,-0.184524,0,0,0.000,0.001
s27,combined_wear,0.750000,combined,16,0.600000,2,0.857143,0.142857,9,0.450000,0.500000,0.002500,0.111111,0.450000,0.000000,0,-0.184524,0,0,0.000,0.001
s27,combined_wear,0.750000,combined,16,0.650000,2,0.857143,0.142857,9,0.450000,0.500000,0.002500,0.111111,0.450000,0.000000,0,-0.184524,0,0,0.000,0.001
s27,combined_wear,0.750000,combined,16,0.700000,2,0.857143,0.142857,9,0.450000,0.500000,0.002500,0.111111,0.450000,0.000000,0,-0.184524,0,0,0.000,0.000
s27,combined_wear,0.750000,combined,16,0.750000,2,0.857143,0.142857,9,0.450000,0.500000,0.002500,0.111111,0.450000,0.000000,0,-0.184524,0,0,0.000,0.000
s27,combined_wear,0.750000,combined,16,0.800000,2,0.857143,0.142857,9,0.450000,0.500000,0.002500,0.111111,0.450000,0.000000,0,-0.184524,0,0,0.000,0.000
s27,combined_wear,0.750000,combined,16,0.850000,3,1.000000,0.000000,19,0.422222,0.466667,0.000988,0.105263,0.422222,0.000000,0,0.160494,1,1,0.001,0.002
s27,combined_wear,0.750000,combined,16,0.900000,3,1.000000,0.000000,19,0.422222,0.466667,0.000988,0.105263,0.422222,0.000000,0,0.160494,1,1,0.000,0.001
s27,combined_wear,0.750000,combined,16,0.950000,3,1.000000,0.000000,19,0.422222,0.466667,0.000988,0.105263,0.422222,0.000000,0,0.160494,1,1,0.000,0.001
s27,combined_wear,0.750000,combined,16,1.000000,3,1.000000,0.000000,19,0.422222,0.466667,0.000988,0.105263,0.422222,0.000000,0,0.160494,1,1,0.000,0.001
s27,combined_wear,1.000000,combined,16,0.050000,1,0.190476,0.809524,2,0.400000,0.400000,0.000000,0.000000,0.400000,0.000000,0,-0.653968,1,1,0.007,0.001
s27,combined_wear,1.000000,combined,16,0.100000,1,0.190476,0.809524,2,0.400000,0.400000,0.000000,0.000000,0.400000,0.000000,0,-0.653968,1,1,0.001,0.000
s27,combined_wear,1.000000,combined,16,0.150000,1,0.190476,0.809524,2,0.400000,0.400000,0.000000,0.000000,0.400000,0.000000,0,-0.653968,1,1,0.000,0.000
s27,combined_wear,1.000000,combined,16,0.200000,1,0.190476,0.809524,2,0.400000,0.400000,0.000000,0.000000,0.400000,0.000000,0,-0.653968,1,1,0.000,0.000
s27,combined_wear,1.000000,combined,16,0.250000,1,0.190476,0.809524,2,0.400000,0.400000,0.000000,0.000000,0.400000,0.000000,0,-0.653968,1,1,0.000,0.000
s27,combined_wear,1.000000,combined,16,0.300000,1,0.190476,0.809524,2,0.400000,0.400000,0.000000,0.000000,0.400000,0.000000,0,-0.653968,1,1,0.000,0.000
s27,combined_wear,1.000000,combined,16,0.350000,1,0.190476,0.809524,2,0.400000,0.400000,0.000000,0.000000,0.400000,0.000000,0,-0.653968,1,1,0.000,0.000
s27,combined_wear,1.000000,combined,16,0.400000,1,0.190476,0.809524,2,0.400000,0.400000,0.000000,0.000000,0.400000,0.000000,0,-0.653968,1,1,0.000,0.000
s27,combined_wear,1.000000,combined,16,0.450000,1,0.190476,0.809524,2,0.400000,0.400000,0.000000,0.000000,0.400000,0.000000,0,-0.653968,1,1,0.000,0.000
s27,combined_wear,1.000000,combined,16,0.500000,2,0.857143,0.142857,9,0.450000,0.500000,0.002500,0.111111,0.450000,0.000000,0,-0.392857,0,0,0.000,0.002
s27,combined_wear,1.000000,combined,16,0.550000,2,0.857143,0.142857,9,0.450000,0.500000,0.002500,0.111111,0.450000,0.000000,0,-0.392857,0,0,0.000,0.001
s27,combined_wear,1.000000,combined,16,0.600000,2,0.857143,0.142857,9,0.450000,0.500000,0.002500,0.111111,0.450000,0.000000,0,-0.392857,0,0,0.000,0.001
s27,combined_wear,1.000000,combined,16,0.650000,2,0.857143,0.142857,9,0.450000,0.500000,0.002500,0.111111,0.450000,0.000000,0,-0.392857,0,0,0.000,0.000
s27,combined_wear,1.000000,combined,16,0.700000,2,0.857143,0.142857,9,0.450000,0.500000,0.002500,0.111111,0.450000,0.000000,0,-0.392857,0,0,0.000,0.000
s27,combined_wear,1.000000,combined,16,0.750000,2,0.857143,0.142857,9,0.450000,0.500000,0.002500,0.111111,0.450000,0.000000,0,-0.392857,0,0,0.000,0.000
s27,combined_wear,1.000000,combined,16,0.800000,2,0.857143,0.142857,9,0.450000,0.500000,0.002500,0.111111,0.450000,0.000000,0,-0.392857,0,0,0.000,0.000
s27,combined_wear,1.000000,combined,16,0.850000,3,1.000000,0.000000,19,0.422222,0.466667,0.000988,0.105263,0.422222,0.000000,0,-0.034568,1,1,0.001,0.002
s27,combined_wear,1.000000,combined,16,0.900000,3,1.000000,0.000000,19,0.422222,0.466667,0.000988,0.105263,0.422222,0.000000,0,-0.034568,1,1,0.000,0.001
s27,combined_wear,1.000000,combined,16,0.950000,3,1.000000,0.000000,19,0.422222,0.466667,0.000988,0.105263,0.422222,0.000000,0,-0.034568,1,1,0.000,0.001
s27,combined_wear,1.000000,combined,16,1.000000,3,1.000000,0.000000,19,0.422222,0.466667,0.000988,0.105263,0.422222,0.000000,0,-0.034568,1,1,0.000,0.001
s27,combined_wear_leveling,0.000000,combined,16,0.050000,1,0.666667,0.333333,3,0.600000,0.600000,0.000000,0.000000,0.600000,0.000000,0,-0.333333,0,0,0.008,0.002
s27,combined_wear_leveling,0.000000,combined,16,0.100000,1,0.666667,0.333333,3,0.600000,0.600000,0.000000,0.000000,0.600000,0.000000,0,-0.333333,0,0,0.002,0.000
s27,combined_wear_leveling,0.000000,combined,16,0.150000,1,0.666667,0.333333,3,0.600000,0.600000,0.000000,0.000000,0.600000,0.000000,0,-0.333333,0,0,0.001,0.000
s27,combined_wear_leveling,0.000000,combined,16,0.200000,1,0.666667,0.333333,3,0.600000,0.600000,0.000000,0.000000,0.600000,0.000000,0,-0.333333,0,0,0.001,0.000
s27,combined_wear_leveling,0.000000,combined,16,0.250000,1,0.666667,0.333333,3,0.600000,0.600000,0.000000,0.000000,0.600000,0.000000,0,-0.333333,0,0,0.001,0.000
s27,combined_wear_leveling,0.000000,combined,16,0.300000,1,0.666667,0.333333,3,0.600000,0.600000,0.000000,0.000000,0.600000,0.000000,0,-0.333333,0,0,0.001,0.000
s27,combined_wear_leveling,0.000000,combined,16,0.350000,1,0.666667,0.333333,3,0.600000,0.600000,0.000000,0.000000,0.600000,0.000000,0,-0.333333,0,0,0.001,0.000
s27,combined_wear_leveling,0.000000,combined,16,0.400000,1,0.666667,0.333333,3,0.600000,0.600000,0.000000,0.000000,0.600000,0.000000,0,-0.333333,0,0,0.001,0.000
s27,combined_wear_leveling,0.000000,combined,16,0.450000,1,0.666667,0.333333,3,0.600000,0.600000,0.000000,0.000000,0.600000,0.000000,0,-0.333333,0,0,0.001,0.000
s27,combined_wear_leveling,0.000000,combined,16,0.500000,2,0.857143,0.142857,9,0.450000,0.500000,0.002500,0.111111,0.450000,0.000000,0,-0.184524,0,0,0.003,0.002
s27,combined_wear_leveling,0.000000,combined,16,0.550000,2,0.857143,0.142857,9,0.450000,0.500000,0.002500,0.111111,0.450000,0.000000,0,-0.184524,0,0,0.002,0.001
s27,combined_wear_leveling,0.000000,combined,16,0.600000,2,0.857143,0.142857,9,0.450000,0.500000,0.002500,0.111111,0.450000,0.000000,0,-0.184524,0,0,0.001,0.001
s27,combined_wear_leveling,0.000000,combined,16,0.650000,2,0.857143,0.142857,9,0.450000,0.500000,0.002500,0.111111,0.450000,0.000000,0,-0.184524,0,0,0.001,0.000
s27,combined_wear_leveling,0.000000,combined,16,0.700000,2,0.857143,0.142857,9,0.450000,0.500000,0.002500,0.111111,0.450000,0.000000,0,-0.184524,0,0,0.001,0.000
s27,combined_wear_leveling,0.000000,combined,16,0.750000,2,0.857143,0.142857,9,0.450000,0.500000,0.002500,0.111111,0.450000,0.000000,0,-0.184524,0,0,0.001,0.000
s27,combined_wear_leveling,0.000000,combined,16,0.800000,2,0.857143,0.142857,9,0.450000,0.500000,0.002500,0.111111,0.450000,0.000000,0,-0.184524,0,0,0.001,0.000
s27,combined_wear_leveling,0.000000,combined,16,0.850000,3,1.000000,0.000000,19,0.422222,0.466667,0.000988,0.105263,0.422222,0.000000,0,0.160494,1,1,0.002,0.002
s27,combined_wear_leveling,0.000000,combined,16,0.900000,3,1.000000,0.000000,19,0.422222,0.466667,0.000988,0.105263,0.422222,0.000000,0,0.160494,1,1,0.002,0.001
s27,combined_wear_leveling,0.000000,combined,16,0.950000,3,1.000000,0.000000,19,0.422222,0.466667,0.000988,0.105263,0.422222,0.000000,0,0.160494,1,1,0.002,0.001
s27,combined_wear_leveling,0.000000,combined,16,1.000000,3,1.000000,0.000000,19,0.422222,0.466667,0.000988,0.105263,0.422222,0.000000,0,0.160494,1,1,0.002,0.001
s27,combined_wear_leveling,0.250000,combined,16,0.050000,1,0.666667,0.333333,3,0.600000,0.600000,0.000000,0.000000,0.600000,0.000000,0,-0.333333,0,0,0.007,0.002
s27,combined_wear_leveling,0.250000,combined,16,0.100000,1,0.666667,0.333333,3,0.600000,0.600000,0.000000,0.000000,0.600000,0.000000,0,-0.333333,0,0,0.002,0.001
s27,combined_wear_leveling,0.250000,combined,16,0.150000,1,0.666667,0.333333,3,0.600000,0.600000,0.000000,0.000000,0.600000,0.000000,0,-0.333333,0,0,0.002,0.000
s27,combined_wear_leveling,0.250000,combined,16,0.200000,1,0.666667,0.333333,3,0.600000,0.600000,0.000000,0.000000,0.600000,0.000000,0,-0.333333,0,0,0.002,0.000
s27,combined_wear_leveling,0.250000,combined,16,0.250000,1,0.666667,0.333333,3,0.600000,0.600000,0.000000,0.000000,0.600000,0.000000,0,-0.333333,0,0,0.002,0.000
s27,combined_wear_leveling,0.250000,combined,16,0.300000,1,0.666667,0.333333,3,0.600000,0.600000,0.000000,0.000000,0.600000,0.000000,0,-0.333333,0,0,0.002,0.000
s27,combined_wear_leveling,0.250000,combined,16,0.350000,1,0.666667,0.333333,3,0.600000,0.600000,0.000000,0.000000,0.600000,0.000000,0,-0.333333,0,0,0.002,0.000
s27,combined_wear_leveling,0.250000,combined,16,0.400000,1,0.666667,0.333333,3,0.600000,0.600000,0.000000,0.000000,0.600000,0.000000,0,-0.333333,0,0,0.002,0.000
s27,combined_wear_leveling,0.250000,combined,16,0.450000,1,0.666667,0.333333,3,0.600000,0.600000,0.000000,0.000000,0.600000,0.000000,0,-0.333333,0,0,0.002,0.000
s27,combined_wear_leveling,0.250000,combined,16,0.500000,2,0.857143,0.142857,9,0.450000,0.500000,0.002500,0.111111,0.450000,0.000000,0,-0.184524,0,0,0.004,0.003
s27,combined_wear_leveling,0.250000,combined,16,0.550000,2,0.857143,0.142857,9,0.450000,0.500000,0.002500,0.111111,0.450000,0.000000,0,-0.184524,0,0,0.004,0.002
s27,combined_wear_leveling,0.250000,combined,16,0.600000,2,0.857143,0.142857,9,0.450000,0.500000,0.002500,0.111111,0.450000,0.000000,0,-0.184524,0,0,0.003,0.001
s27,combined_wear_leveling,0.250000,combined,16,0.650000,2,0.857143,0.142857,9,0.450000,0.500000,0.002500,0.111111,0.450000,0.000000,0,-0.184524,0,0,0.003,0.001
s27,combined_wear_leveling,0.250000,combined,16,0.700000,2,0.857143,0.142857,9,0.450000,0.500000,0.002500,0.111111,0.450000,0.000000,0,-0.184524,0,0,0.003,0.001
s27,combined_wear_leveling,0.250000,combined,16,0.750000,2,0.857143,0.142857,9,0.450000,0.500000,0.002500,0.111111,0.450000,0.000000,0,-0.184524,0,0,0.003,0.001
s27,combined_wear_leveling,0.250000,combined,16,0.800000,2,0.857143,0.142857,9,0.450000,0.500000,0.002500,0.111111,0.450000,0.000000,0,-0.184524,0,0,0.003,0.001
s27,combined_wear_leveling,0.250000,combined,16,0.850000,3,1.000000,0.000000,19,0.422222,0.466667,0.000988,0.105263,0.422222,0.000000,0,0.160494,1,1,0.004,0.004
s27,combined_wear_leveling,0.250000,combined,16,0.900000,3,1.000000,0.000000,19,0.422222,0.466667,0.000988,0.105263,0.422222,0.000000,0,0.160494,1,1,0.004,0.003
s27,combined_wear_leveling,0.250000,combined,16,0.950000,3,1.000000,0.000000,19,0.422222,0.466667,0.000988,0.105263,0.422222,0.000000,0,0.160494,1,1,0.004,0.002
s27,combined_wear_leveling,0.250000,combined,16,1.000000,3,1.000000,0.000000,19,0.422222,0.466667,0.000988,0.105263,0.422222,0.000000,0,0.160494,1,1,0.004,0.002
s27,combined_wear_leveling,0.500000,combined,16,0.050000,1,0.666667,0.333333,3,0.600000,0.600000,0.000000,0.000000,0.600000,0.000000,0,-0.333333,0,0,0.008,0.001
s27,combined_wear_leveling,0.500000,combined,16,0.100000,1,0.666667,0.333333,3,0.600000,0.600000,0.000000,0.000000,0.600000,0.000000,0,-0.333333,0,0,0.001,0.000
s27,combined_wear_leveling,0.500000,combined,16,0.150000,1,0.666667,0.333333,3,0.600000,0.600000,0.000000,0.000000,0.600000,0.000000,0,-0.333333,0,0,0.001,0.000
s27,combined_wear_leveling,0.500000,combined,16,0.200000,1,0.666667,0.333333,3,0.600000,0.600000,0.000000,0.000000,0.600000,0.000000,0,-0.333333,0,0,0.001,0.000
s27,combined_wear_leveling,0.500000,combined,16,0.250000,1,0.666667,0.333333,3,0.600000,0.600000,0.000000,0.000000,0.600000,0.000000,0,-0.333333,0,0,0.001,0.000
s27,combined_wear_leveling,0.500000,combined,16,0.300000,1,0.666667,0.333333,3,0.600000,0.600000,0.000000,0.000000,0.600000,0.000000,0,-0.333333,0,0,0.001,0.000
s27,combined_wear_leveling,0.500000,combined,16,0.350000,1,0.666667,0.333333,3,0.600000,0.600000,0.000000,0.000000,0.600000,0.000000,0,-0.333333,0,0,0.001,0.000
s27,combined_wear_leveling,0.500000,combined,16,0.400000,1,0.666667,0.333333,3,0.600000,0.600000,0.000000,0.000000,0.600000,0.000000,0,-0.333333,0,0,0.001,0.000
s27,combined_wear_leveling,0.500000,combined,16,0.450000,1,0.666667,0.333333,3,0.600000,0.600000,0.000000,0.000000,0.600000,0.000000,0,-0.333333,0,0,0.001,0.000
s27,combined_wear_leveling,0.500000,combined,16,0.500000,2,0.857143,0.142857,9,0.450000,0.500000,0.002500,0.111111,0.450000,0.000000,0,-0.184524,0,0,0.003,0.002
s27,combined_wear_leveling,0.500000,combined,16,0.550000,2,0.857143,0.142857,9,0.450000,0.500000,0.002500,0.111111,0.450000,0.000000,0,-0.184524,0,0,0.002,0.001
s27,combined_wear_leveling,0.500000,combined,16,0.600000,2,0.857143,0.142857,9,0.450000,0.500000,0.002500,0.111111,0.450000,0.000000,0,-0.184524,0,0,0.002,0.001
s27,combined_wear_leveling,0.500000,combined,16,0.650000,2,0.857143,0.142857,9,0.450000,0.500000,0.002500,0.111111,0.450000,0.000000,0,-0.184524,0,0,0.001,0.000
s27,combined_wear_leveling,0.500000,combined,16,0.700000,2,0.857143,0.142857,9,0.450000,0.500000,0.002500,0.111111,0.450000,0.000000,0,-0.184524,0,0,0.001,0.000
s27,combined_wear_leveling,0.500000,combined,16,0.750000,2,0.857143,0.142857,9,0.450000,0.500000,0.002500,0.111111,0.450000,0.000000,0,-0.184524,0,0,0.001,0.000
s27,combined_wear_leveling,0.500000,combined,16,0.800000,2,0.857143,0.142857,9,0.450000,0.500000,0.002500,0.111111,0.450000,0.000000,0,-0.184524,0,0,0.001,0.000
s27,combined_wear_leveling,0.500000,combined,16,0.850000,3,1.000000,0.000000,19,0.422222,0.466667,0.000988,0.105263,0.422222,0.000000,0,0.160494,1,1,0.002,0.002
s27,combined_wear_leveling,0.500000,combined,16,0.900000,3,1.000000,0.000000,19,0.422222,0.466667,0.000988,0.105263,0.422222,0.000000,0,0.160494,1,1,0.002,0.001
s27,combined_wear_leveling,0.500000,combined,16,0.950000,3,1.000000,0.000000,19,0.422222,0.466667,0.000988,0.105263,0.422222,0.000000,0,0.160494,1,1,0.002,0.001
s27,combined_wear_leveling,0.500000,combined,16,1.000000,3,1.000000,0.000000,19,0.422222,0.466667,0.000988,0.105263,0.422222,0.000000,0,0.160494,1,1,0.002,0.001
s27,combined_wear_leveling,0.750000,combined,16,0.050000,1,0.666667,0.333333,3,0.600000,0.600000,0.000000,0.000000,0.600000,0.000000,0,-0.333333,0,0,0.014,0.002
s27,combined_wear_leveling,0.750000,combined,16,0.100000,1,0.666667,0.333333,3,0.600000,0.600000,0.000000,0.000000,0.600000,0.000000,0,-0.333333,0,0,0.002,0.001
s27,combined_wear_leveling,0.750000,combined,16,0.150000,1,0.666667,0.333333,3,0.600000,0.600000,0.000000,0.000000,0.600000,0.000000,0,-0.333333,0,0,0.002,0.001
s27,combined_wear_leveling,0.750000,combined,16,0.200000,1,0.666667,0.333333,3,0.600000,0.600000,0.000000,0.000000,0.600000,0.000000,0,-0.333333,0,0,0.002,0.000
s27,combined_wear_leveling,0.750000,combined,16,0.250000,1,0.666667,0.333333,3,0.600000,0.600000,0.000000,0.000000,0.600000,0.000000,0,-0.333333,0,0,0.002,0.000
s27,combined_wear_leveling,0.750000,combined,16,0.300000,1,0.666667,0.333333,3,0.600000,0.600000,0.000000,0.000000,0.600000,0.000000,0,-0.333333,0,0,0.002,0.000
s27,combined_wear_leveling,0.750000,combined,16,0.350000,1,0.666667,0.333333,3,0.600000,0.600000,0.000000,0.000000,0.600000,0.000000,0,-0.333333,0,0,0.002,0.000
s27,combined_wear_leveling,0.750000,combined,16,0.400000,1,0.666667,0.333333,3,0.600000,0.600000,0.000000,0.000000,0.600000,0.000000,0,-0.333333,0,0,0.002,0.000
s27,combined_wear_leveling,0.750000,combined,16,0.450000,1,0.666667,0.333333,3,0.600000,0.600000,0.000000,0.000000,0.600000,0.000000,0,-0.333333,0,0,0.002,0.000
s27,combined_wear_leveling,0.750000,combined,16,0.500000,2,0.857143,0.142857,9,0.450000,0.500000,0.002500,0.111111,0.450000,0.000000,0,-0.184524,0,0,0.004,0.003
s27,combined_wear_leveling,0.750000,combined,16,0.550000,2,0.857143,0.142857,9,0.450000,0.500000,0.002500,0.111111,0.450000,0.000000,0,-0.184524,0,0,0.004,0.002
s27,combined_wear_leveling,0.750000,combined,16,0.600000,2,0.857143,0.142857,9,0.450000,0.500000,0.002500,0.111111,0.450000,0.000000,0,-0.184524,0,0,0.003,0.001
s27,combined_wear_leveling,0.750000,combined,16,0.650000,2,0.857143,0.142857,9,0.450000,0.500000,0.002500,0.111111,0.450000,0.000000,0,-0.184524,0,0,0.003,0.001
s27,combined_wear_leveling,0.750000,combined,16,0.700000,2,0.857143,0.142857,9,0.450000,0.500000,0.002500,0.111111,0.450000,0.000000,0,-0.184524,0,0,0.003,0.001
s27,combined_wear_leveling,0.750000,combined,16,0.750000,2,0.857143,0.142857,9,0.450000,0.500000,0.002500,0.111111,0.450000,0.000000,0,-0.184524,0,0,0.003,0.001
s27,combined_wear_leveling,0.750000,combined,16,0.800000,2,0.857143,0.142857,9,0.450000,0.500000,0.002500,0.111111,0.450000,0.000000,0,-0.184524,0,0,0.003,0.001
s27,combined_wear_leveling,0.750000,combined,16,0.850000,3,1.000000,0.000000,19,0.422222,0.466667,0.000988,0.105263,0.422222,0.000000,0,0.160494,1,1,0.004,0.004
s27,combined_wear_leveling,0.750000,combined,16,0.900000,3,1.000000,0.000000,19,0.422222,0.466667,0.000988,0.105263,0.422222,0.000000,0,0.160494,1,1,0.004,0.002
s27,combined_wear_leveling,0.750000,combined,16,0.950000,3,1.000000,0.000000,19,0.422222,0.466667,0.000988,0.105263,0.422222,0.000000,0,0.160494,1,1,0.004,0.002
s27,combined_wear_leveling,0.750000,combined,16,1.000000,3,1.000000,0.000000,19,0.422222,0.466667,0.000988,0.105263,0.422222,0.000000,0,0.160494,1,1,0.004,0.002
s27,combined_wear_leveling,1.000000,combined,16,0.050000,1,0.666667,0.333333,3,0.600000,0.600000,0.000000,0.000000,0.600000,0.000000,0,-0.333333,0,0,0.014,0.002
s27,combined_wear_leveling,1.000000,combined,16,0.100000,1,0.666667,0.333333,3,0.600000,0.600000,0.000000,0.000000,0.600000,0.000000,0,-0.333333,0,0,0.002,0.001
s27,combined_wear_leveling,1.000000,combined,16,0.150000,1,0.666667,0.333333,3,0.600000,0.600000,0.000000,0.000000,0.600000,0.000000,0,-0.333333,0,0,0.002,0.001
s27,combined_wear_leveling,1.000000,combined,16,0.200000,1,0.666667,0.333333,3,0.600000,0.600000,0.000000,0.000000,0.600000,0.000000,0,-0.333333,0,0,0.002,0.001
s27,combined_wear_leveling,1.000000,combined,16,0.250000,1,0.666667,0.333333,3,0.600000,0.600000,0.000000,0.000000,0.600000,0.000000,0,-0.333333,0,0,0.002,0.001
s27,combined_wear_leveling,1.000000,combined,16,0.300000,1,0.666667,0.333333,3,0.600000,0.600000,0.000000,0.000000,0.600000,0.000000,0,-0.333333,0,0,0.002,0.001
s27,combined_wear_leveling,1.000000,combined,16,0.350000,1,0.666667,0.333333,3,0.600000,0.600000,0.000000,0.000000,0.600000,0.000000,0,-0.333333,0,0,0.002,0.001
s27,combined_wear_leveling,1.000000,combined,16,0.400000,1,0.666667,0.333333,3,0.600000,0.600000,0.000000,0.000000,0.600000,0.000000,0,-0.333333,0,0,0.002,0.001
s27,combined_wear_leveling,1.000000,combined,16,0.450000,1,0.666667,0.333333,3,0.600000,0.600000,0.000000,0.000000,0.600000,0.000000,0,-0.333333,0,0,0.002,0.001
s27,combined_wear_leveling,1.000000,combined,16,0.500000,2,0.857143,0.142857,9,0.450000,0.500000,0.002500,0.111111,0.450000,0.000000,0,-0.184524,0,0,0.004,0.002
s27,combined_wear_leveling,1.000000,combined,16,0.550000,2,0.857143,0.142857,9,0.450000,0.500000,0.002500,0.111111,0.450000,0.000000,0,-0.184524,0,0,0.003,0.001
s27,combined_wear_leveling,1.000000,combined,16,0.600000,2,0.857143,0.142857,9,0.450000,0.500000,0.002500,0.111111,0.450000,0.000000,0,-0.184524,0,0,0.003,0.001
s27,combined_wear_leveling,1.000000,combined,16,0.650000,2,0.857143,0.142857,9,0.450000,0.500000,0.002500,0.111111,0.450000,0.000000,0,-0.184524,0,0,0.003,0.001
s27,combined_wear_leveling,1.000000,combined,16,0.700000,2,0.857143,0.142857,9,0.450000,0.500000,0.002500,0.111111,0.450000,0.000000,0,-0.184524,0,0,0.003,0.001
s27,combined_wear_leveling,1.000000,combined,16,0.750000,2,0.857143,0.142857,9,0.450000,0.500000,0.002500,0.111111,0.450000,0.000000,0,-0.184524,0,0,0.003,0.001
s27,combined_wear_leveling,1.000000,combined,16,0.800000,2,0.857143,0.142857,9,0.450000,0.500000,0.002500,0.111111,0.450000,0.000000,0,-0.184524,0,0,0.003,0.001
s27,combined_wear_leveling,1.000000,combined,16,0.850000,3,1.000000,0.000000,19,0.422222,0.466667,0.000988,0.105263,0.422222,0.000000,0,0.160494,1,1,0.004,0.002
s27,combined_wear_leveling,1.000000,combined,16,0.900000,3,1.000000,0.000000,19,0.422222,0.466667,0.000988,0.105263,0.422222,0.000000,0,0.160494,1,1,0.004,0.002
s27,combined_wear_leveling,1.000000,combined,16,0.950000,3,1.000000,0.000000,19,0.422222,0.466667,0.000988,0.105263,0.422222,0.000000,0,0.160494,1,1,0.004,0.002
s27,combined_wear_leveling,1.000000,combined,16,1.000000,3,1.000000,0.000000,19,0.422222,0.466667,0.000988,0.105263,0.422222,0.000000,0,0.160494,1,1,0.004,0.002
s27,co_wear,0.000000,combined,16,0.050000,1,0.666667,0.333333,3,0.600000,0.600000,0.000000,0.000000,0.600000,0.000000,0,-0.333333,0,0,0.013,0.002
s27,co_wear,0.000000,combined,16,0.100000,1,0.666667,0.333333,3,0.600000,0.600000,0.000000,0.000000,0.600000,0.000000,0,-0.333333,0,0,0.001,0.001
s27,co_wear,0.000000,combined,16,0.150000,1,0.666667,0.333333,3,0.600000,0.600000,0.000000,0.000000,0.600000,0.000000,0,-0.333333,0,0,0.001,0.001
s27,co_wear,0.000000,combined,16,0.200000,1,0.666667,0.333333,3,0.600000,0.600000,0.000000,0.000000,0.600000,0.000000,0,-0.333333,0,0,0.001,0.001
s27,co_wear,0.000000,combined,16,0.250000,1,0.666667,0.333333,3,0.600000,0.600000,0.000000,0.000000,0.600000,0.000000,0,-0.333333,0,0,0.001,0.000
s27,co_wear,0.000000,combined,16,0.300000,1,0.666667,0.333333,3,0.600000,0.600000,0.000000,0.000000,0.600000,0.000000,0,-0.333333,0,0,0.001,0.000
s27,co_wear,0.000000,combined,16,0.350000,1,0.666667,0.333333,3,0.600000,0.600000,0.000000,0.000000,0.600000,0.000000,0,-0.333333,0,0,0.001,0.000
s27,co_wear,0.000000,combined,16,0.400000,1,0.666667,0.333333,3,0.600000,0.600000,0.000000,0.000000,0.600000,0.000000,0,-0.333333,0,0,0.001,0.000
s27,co_wear,0.000000,combined,16,0.450000,1,0.666667,0.333333,3,0.600000,0.600000,0.000000,0.000000,0.600000,0.000000,0,-0.333333,0,0,0.001,0.000
s27,co_wear,0.000000,combined,16,0.500000,2,0.857143,0.142857,9,0.450000,0.500000,0.002500,0.111111,0.450000,0.000000,0,-0.184524,0,0,0.001,0.003
s27,co_wear,0.000000,combined,16,0.550000,2,0.857143,0.142857,9,0.450000,0.500000,0.002500,0.111111,0.450000,0.000000,0,-0.184524,0,0,0.001,0.002
s27,co_wear,0.000000,combined,16,0.600000,2,0.857143,0.142857,9,0.450000,0.500000,0.002500,0.111111,0.450000,0.000000,0,-0.184524,0,0,0.001,0.001
s27,co_wear,0.000000,combined,16,0.650000,2,0.857143,0.142857,9,0.450000,0.500000,0.002500,0.111111,0.450000,0.000000,0,-0.184524,0,0,0.000,0.001
s27,co_wear,0.000000,combined,16,0.700000,2,0.857143,0.142857,9,0.450000,0.500000,0.002500,0.111111,0.450000,0.000000,0,-0.184524,0,0,0.000,0.001
s27,co_wear,0.000000,combined,16,0.750000,2,0.857143,0.142857,9,0.450000,0.500000,0.002500,0.111111,0.450000,0.000000,0,-0.184524,0,0,0.000,0.001
s27,co_wear,0.000000,combined,16,0.800000,2,0.857143,0.142857,9,0.450000,0.500000,0.002500,0.111111,0.450000,0.000000,0,-0.184524,0,0,0.001,0.001
s27,co_wear,0.000000,combined,16,0.850000,3,1.000000,0.000000,19,0.422222,0.466667,0.000988,0.105263,0.422222,0.000000,0,0.160494,1,1,0.001,0.004
s27,co_wear,0.000000,combined,16,0.900000,3,1.000000,0.000000,19,0.422222,0.466667,0.000988,0.105263,0.422222,0.000000,0,0.160494,1,1,0.001,0.003
s27,co_wear,0.000000,combined,16,0.950000,3,1.000000,0.000000,19,0.422222,0.466667,0.000988,0.105263,0.422222,0.000000,0,0.160494,1,1,0.001,0.002
s27,co_wear,0.000000,combined,16,1.000000,3,1.000000,0.000000,19,0.422222,0.466667,0.000988,0.105263,0.422222,0.000000,0,0.160494,1,1,0.001,0.002
s27,co_wear,0.250000,combined,16,0.050000,1,0.666667,0.333333,3,0.600000,0.600000,0.000000,0.000000,0.600000,0.000000,0,-0.333333,0,0,0.008,0.002
s27,co_wear,0.250000,combined,16,0.100000,1,0.666667,0.333333,3,0.600000,0.600000,0.000000,0.000000,0.600000,0.000000,0,-0.333333,0,0,0.001,0.001
s27,co_wear,0.250000,combined,16,0.150000,1,0.666667,0.333333,3,0.600000,0.600000,0.000000,0.000000,0.600000,0.000000,0,-0.333333,0,0,0.001,0.000
s27,co_wear,0.250000,combined,16,0.200000,1,0.666667,0.333333,3,0.600000,0.600000,0.000000,0.000000,0.600000,0.000000,0,-0.333333,0,0,0.001,0.000
s27,co_wear,0.250000,combined,16,0.250000,1,0.666667,0.333333,3,0.600000,0.600000,0.000000,0.000000,0.600000,0.000000,0,-0.333333,0,0,0.000,0.000
s27,co_wear,0.250000,combined,16,0.300000,1,0.666667,0.333333,3,0.600000,0.600000,0.000000,0.000000,0.600000,0.000000,0,-0.333333,0,0,0.000,0.000
s27,co_wear,0.250000,combined,16,0.350000,1,0.666667,0.333333,3,0.600000,0.600000,0.000000,0.000000,0.600000,0.000000,0,-0.333333,0,0,0.000,0.000
s27,co_wear,0.250000,combined,16,0.400000,1,0.666667,0.333333,3,0.600000,0.600000,0.000000,0.000000,0.600000,0.000000,0,-0.333333,0,0,0.000,0.000
s27,co_wear,0.250000,combined,16,0.450000,1,0.666667,0.333333,3,0.600000,0.600000,0.000000,0.000000,0.600000,0.000000,0,-0.333333,0,0,0.000,0.000
s27,co_wear,0.250000,combined,16,0.500000,2,0.857143,0.142857,9,0.450000,0.500000,0.002500,0.111111,0.450000,0.000000,0,-0.184524,0,0,0.000,0.003
s27,co_wear,0.250000,combined,16,0.550000,2,0.857143,0.142857,9,0.450000,0.500000,0.002500,0.111111,0.450000,0.000000,0,-0.184524,0,0,0.000,0.001
s27,co_wear,0.250000,combined,16,0.600000,2,0.857143,0.142857,9,0.450000,0.500000,0.002500,0.111111,0.450000,0.000000,0,-0.184524,0,0,0.000,0.001
s27,co_wear,0.250000,combined,16,0.650000,2,0.857143,0.142857,9,0.450000,0.500000,0.002500,0.111111,0.450000,0.000000,0,-0.184524,0,0,0.000,0.001
s27,co_wear,0.250000,combined,16,0.700000,2,0.857143,0.142857,9,0.450000,0.500000,0.002500,0.111111,0.450000,0.000000,0,-0.184524,0,0,0.000,0.001
s27,co_wear,0.250000,combined,16,0.750000,2,0.857143,0.142857,9,0.450000,0.500000,0.002500,0.111111,0.450000,0.000000,0,-0.184524,0,0,0.000,0.001
s27,co_wear,0.250000,combined,16,0.800000,2,0.857143,0.142857,9,0.450000,0.500000,0.002500,0.111111,0.450000,0.000000,0,-0.184524,0,0,0.000,0.001
s27,co_wear,0.250000,combined,16,0.850000,3,1.000000,0.000000,19,0.422222,0.466667,0.000988,0.105263,0.422222,0.000000,0,0.160494,1,1,0.001,0.003
s27,co_wear,0.250000,combined,16,0.900000,3,1.000000,0.000000,19,0.422222,0.466667,0.000988,0.105263,0.422222,0.000000,0,0.160494,1,1,0.001,0.002
s27,co_wear,0.250000,combined,16,0.950000,3,1.000000,0.000000,19,0.422222,0.466667,0.000988,0.105263,0.422222,0.000000,0,0.160494,1,1,0.000,0.001
s27,co_wear,0.250000,combined,16,1.000000,3,1.000000,0.000000,19,0.422222,0.466667,0.000988,0.105263,0.422222,0.000000,0,0.160494,1,1,0.000,0.001
s27,co_wear,0.500000,combined,16,0.050000,1,0.666667,0.333333,3,0.600000,0.600000,0.000000,0.000000,0.600000,0.000000,0,-0.333333,0,0,0.007,0.001
s27,co_wear,0.500000,combined,16,0.100000,1,0.666667,0.333333,3,0.600000,0.600000,0.000000,0.000000,0.600000,0.000000,0,-0.333333,0,0,0.001,0.001
s27,co_wear,0.500000,combined,16,0.150000,1,0.666667,0.333333,3,0.600000,0.600000,0.000000,0.000000,0.600000,0.000000,0,-0.333333,0,0,0.001,0.000
s27,co_wear,0.500000,combined,16,0.200000,1,0.666667,0.333333,3,0.600000,0.600000,0.000000,0.000000,0.600000,0.000000,0,-0.333333,0,0,0.001,0.000
s27,co_wear,0.500000,combined,16,0.250000,1,0.666667,0.333333,3,0.600000,0.600000,0.000000,0.000000,0.600000,0.000000,0,-0.333333,0,0,0.000,0.000
s27,co_wear,0.500000,combined,16,0.300000,1,0.666667,0.333333,3,0.600000,0.600000,0.000000,0.000000,0.600000,0.000000,0,-0.333333,0,0,0.000,0.000
s27,co_wear,0.500000,combined,16,0.350000,1,0.666667,0.333333,3,0.600000,0.600000,0.000000,0.000000,0.600000,0.000000,0,-0.333333,0,0,0.000,0.000
s27,co_wear,0.500000,combined,16,0.400000,1,0.666667,0.333333,3,0.600000,0.600000,0.000000,0.000000,0.600000,0.000000,0,-0.333333,0,0,0.000,0.000
s27,co_wear,0.500000,combined,16,0.450000,1,0.666667,0.333333,3,0.600000,0.600000,0.000000,0.000000,0.600000,0.000000,0,-0.333333,0,0,0.000,0.000
s27,co_wear,0.500000,combined,16,0.500000,2,0.857143,0.142857,9,0.450000,0.500000,0.002500,0.111111,0.450000,0.000000,0,-0.184524,0,0,0.000,0.002
s27,co_wear,0.500000,combined,16,0.550000,2,0.857143,0.142857,9,0.450000,0.500000,0.002500,0.111111,0.450000,0.000000,0,-0.184524,0,0,0.000,0.001
s27,co_wear,0.500000,combined,16,0.600000,2,0.857143,0.142857,9,0.450000,0.500000,0.002500,0.111111,0.450000,0.000000,0,-0.184524,0,0,0.000,0.001
s27,co_wear,0.500000,combined,16,0.650000,2,0.857143,0.142857,9,0.450000,0.500000,0.002500,0.111111,0.450000,0.000000,0,-0.184524,0,0,0.000,0.000
s27,co_wear,0.500000,combined,16,0.700000,2,0.857143,0.142857,9,0.450000,0.500000,0.002500,0.111111,0.450000,0.000000,0,-0.184524,0,0,0.000,0.000
s27,co_wear,0.500000,combined,16,0.750000,2,0.857143,0.142857,9,0.450000,0.500000,0.002500,0.111111,0.450000,0.000000,0,-0.184524,0,0,0.000,0.000
s27,co_wear,0.500000,combined,16,0.800000,2,0.857143,0.142857,9,0.450000,0.500000,0.002500,0.111111,0.450000,0.000000,0,-0.184524,0,0,0.000,0.000
s27,co_wear,0.500000,combined,16,0.850000,3,1.000000,0.000000,19,0.422222,0.466667,0.000988,0.105263,0.422222,0.000000,0,0.160494,1,1,0.001,0.002
s27,co_wear,0.500000,combined,16,0.900000,3,1.000000,0.000000,19,0.422222,0.466667,0.000988,0.105263,0.422222,0.000000,0,0.160494,1,1,0.000,0.001
s27,co_wear,0.500000,combined,16,0.950000,3,1.000000,0.000000,19,0.422222,0.466667,0.000988,0.105263,0.422222,0.000000,0,0.160494,1,1,0.000,0.001
s27,co_wear,0.500000,combined,16,1.000000,3,1.000000,0.000000,19,0.422222,0.466667,0.000988,0.105263,0.422222,0.000000,0,0.160494,1,1,0.000,0.001
s27,co_wear,0.750000,combined,16,0.050000,1,0.666667,0.333333,3,0.600000,0.600000,0.000000,0.000000,0.600000,0.000000,0,-0.333333,0,0,0.002,0.000
s27,co_wear,0.750000,combined,16,0.100000,1,0.666667,0.333333,3,0.600000,0.600000,0.000000,0.000000,0.600000,0.000000,0,-0.333333,0,0,0.000,0.000
s27,co_wear,0.750000,combined,16,0.150000,1,0.666667,0.333333,3,0.600000,0.600000,0.000000,0.000000,0.600000,0.000000,0,-0.333333,0,0,0.000,0.000
s27,co_wear,0.750000,combined,16,0.200000,1,0.666667,0.333333,3,0.600000,0.600000,0.000000,0.000000,0.600000,0.000000,0,-0.333333,0,0,0.000,0.000
s27,co_wear,0.750000,combined,16,0.250000,1,0.666667,0.333333,3,0.600000,0.600000,0.000000,0.000000,0.600000,0.000000,0,-0.333333,0,0,0.000,0.000
s27,co_wear,0.750000,combined,16,0.300000,1,0.666667,0.333333,3,0.600000,0.600000,0.000000,0.000000,0.600000,0.000000,0,-0.333333,0,0,0.000,0.000
s27,co_wear,0.750000,combined,16,0.350000,1,0.666667,0.333333,3,0.600000,0.600000,0.000000,0.000000,0.600000,0.000000,0,-0.333333,0,0,0.000,0.000
s27,co_wear,0.750000,combined,16,0.400000,1,0.666667,0.333333,3,0.600000,0.600000,0.000000,0.000000,0.600000,0.000000,0,-0.333333,0,0,0.000,0.000
s27,co_wear,0.750000,combined,16,0.450000,1,0.666667,0.333333,3,0.600000,0.600000,0.000000,0.000000,0.600000,0.000000,0,-0.333333,0,0,0.000,0.000
s27,co_wear,0.750000,combined,16,0.500000,2,0.857143,0.142857,9,0.450000,0.500000,0.002500,0.111111,0.450000,0.000000,0,-0.184524,0,0,0.000,0.000
s27,co_wear,0.750000,combined,16,0.550000,2,0.857143,0.142857,9,0.450000,0.500000,0.002500,0.111111,0.450000,0.000000,0,-0.184524,0,0,0.000,0.000
s27,co_wear,0.750000,combined,16,0.600000,2,0.857143,0.142857,9,0.450000,0.500000,0.002500,0.111111,0.450000,0.000000,0,-0.184524,0,0,0.000,0.000
s27,co_wear,0.750000,combined,16,0.650000,2,0.857143,0.142857,9,0.450000,0.500000,0.002500,0.111111,0.450000,0.000000,0,-0.184524,0,0,0.000,0.000
s27,co_wear,0.750000,combined,16,0.700000,2,0.857143,0.142857,9,0.450000,0.500000,0.002500,0.111111,0.450000,0.000000,0,-0.184524,0,0,0.000,0.000
s27,co_wear,0.750000,combined,16,0.750000,2,0.857143,0.142857,9,0.450000,0.500000,0.002500,0.111111,0.450000,0.000000,0,-0.184524,0,0,0.000,0.000
s27,co_wear,0.750000,combined,16,0.800000,2,0.857143,0.142857,9,0.450000,0.500000,0.002500,0.111111,0.450000,0.000000,0,-0.184524,0,0,0.000,0.000
s27,co_wear,0.750000,combined,16,0.850000,3,1.000000,0.000000,19,0.422222,0.466667,0.000988,0.105263,0.422222,0.000000,0,0.160494,1,1,0.000,0.000
s27,co_wear,0.750000,combined,16,0.900000,3,1.000000,0.000000,19,0.422222,0.466667,0.000988,0.105263,0.422222,0.000000,0,0.160494,1,1,0.000,0.000
s27,co_wear,0.750000,combined,16,0.950000,3,1.000000,0.000000,19,0.422222,0.466667,0.000988,0.105263,0.422222,0.000000,0,0.160494,1,1,0.000,0.000
s27,co_wear,0.750000,combined,16,1.000000,3,1.000000,0.000000,19,0.422222,0.466667,0.000988,0.105263,0.422222,0.000000,0,0.160494,1,1,0.000,0.000
s27,co_wear,1.000000,combined,16,0.050000,1,0.190476,0.809524,2,0.400000,0.400000,0.000000,0.000000,0.400000,0.000000,0,-0.653968,1,1,0.001,0.000
s27,co_wear,1.000000,combined,16,0.100000,1,0.190476,0.809524,2,0.400000,0.400000,0.000000,0.000000,0.400000,0.000000,0,-0.653968,1,1,0.000,0.000
s27,co_wear,1.000000,combined,16,0.150000,1,0.190476,0.809524,2,0.400000,0.400000,0.000000,0.000000,0.400000,0.000000,0,-0.653968,1,1,0.000,0.000
s27,co_wear,1.000000,combined,16,0.200000,1,0.190476,0.809524,2,0.400000,0.400000,0.000000,0.000000,0.400000,0.000000,0,-0.653968,1,1,0.000,0.000
s27,co_wear,1.000000,combined,16,0.250000,1,0.190476,0.809524,2,0.400000,0.400000,0.000000,0.000000,0.400000,0.000000,0,-0.653968,1,1,0.000,0.000
s27,co_wear,1.000000,combined,16,0.300000,1,0.190476,0.809524,2,0.400000,0.400000,0.000000,0.000000,0.400000,0.000000,0,-0.653968,1,1,0.000,0.000
s27,co_wear,1.000000,combined,16,0.350000,1,0.190476,0.809524,2,0.400000,0.400000,0.000000,0.000000,0.400000,0.000000,0,-0.653968,1,1,0.000,0.000
s27,co_wear,1.000000,combined,16,0.400000,1,0.190476,0.809524,2,0.400000,0.400000,0.000000,0.000000,0.400000,0.000000,0,-0.653968,1,1,0.000,0.000
s27,co_wear,1.000000,combined,16,0.450000,1,0.190476,0.809524,2,0.400000,0.400000,0.000000,0.000000,0.400000,0.000000,0,-0.653968,1,1,0.000,0.000
s27,co_wear,1.000000,combined,16,0.500000,2,0.857143,0.142857,9,0.450000,0.500000,0.002500,0.111111,0.450000,0.000000,0,-0.392857,0,0,0.000,0.001
s27,co_wear,1.000000,combined,16,0.550000,2,0.857143,0.142857,9,0.450000,0.500000,0.002500,0.111111,0.450000,0.000000,0,-0.392857,0,0,0.000,0.000
s27,co_wear,1.000000,combined,16,0.600000,2,0.857143,0.142857,9,0.450000,0.500000,0.002500,0.111111,0.450000,0.000000,0,-0.392857,0,0,0.000,0.000
s27,co_wear,1.000000,combined,16,0.650000,2,0.857143,0.142857,9,0.450000,0.500000,0.002500,0.111111,0.450000,0.000000,0,-0.392857,0,0,0.000,0.000
s27,co_wear,1.000000,combined,16,0.700000,2,0.857143,0.142857,9,0.450000,0.500000,0.002500,0.111111,0.450000,0.000000,0,-0.392857,0,0,0.000,0.000
s27,co_wear,1.000000,combined,16,0.750000,2,0.857143,0.142857,9,0.450000,0.500000,0.002500,0.111111,0.450000,0.000000,0,-0.392857,0,0,0.000,0.000
s27,co_wear,1.000000,combined,16,0.800000,2,0.857143,0.142857,9,0.450000,0.500000,0.002500,0.111111,0.450000,0.000000,0,-0.392857,0,0,0.000,0.000
s27,co_wear,1.000000,combined,16,0.850000,3,1.000000,0.000000,19,0.422222,0.466667,0.000988,0.105263,0.422222,0.000000,0,-0.034568,1,1,0.000,0.001
s27,co_wear,1.000000,combined,16,0.900000,3,1.000000,0.000000,19,0.422222,0.466667,0.000988,0.105263,0.422222,0.000000,0,-0.034568,1,1,0.000,0.000
s27,co_wear,1.000000,combined,16,0.950000,3,1.000000,0.000000,19,0.422222,0.466667,0.000988,0.105263,0.422222,0.000000,0,-0.034568,1,1,0.000,0.000
s27,co_wear,1.000000,combined,16,1.000000,3,1.000000,0.000000,19,0.422222,0.466667,0.000988,0.105263,0.422222,0.000000,0,-0.034568,1,1,0.000,0.000
s27,co_wear_leveling,0.000000,combined,16,0.050000,1,0.666667,0.333333,3,0.600000,0.600000,0.000000,0.000000,0.600000,0.000000,0,-0.333333,0,0,0.009,0.001
s27,co_wear_leveling,0.000000,combined,16,0.100000,1,0.666667,0.333333,3,0.600000,0.600000,0.000000,0.000000,0.600000,0.000000,0,-0.333333,0,0,0.001,0.000
s27,co_wear_leveling,0.000000,combined,16,0.150000,1,0.666667,0.333333,3,0.600000,0.600000,0.000000,0.000000,0.600000,0.000000,0,-0.333333,0,0,0.001,0.000
s27,co_wear_leveling,0.000000,combined,16,0.200000,1,0.666667,0.333333,3,0.600000,0.600000,0.000000,0.000000,0.600000,0.000000,0,-0.333333,0,0,0.001,0.000
s27,co_wear_leveling,0.000000,combined,16,0.250000,1,0.666667,0.333333,3,0.600000,0.600000,0.000000,0.000000,0.600000,0.000000,0,-0.333333,0,0,0.001,0.000
s27,co_wear_leveling,0.000000,combined,16,0.300000,1,0.666667,0.333333,3,0.600000,0.600000,0.000000,0.000000,0.600000,0.000000,0,-0.333333,0,0,0.001,0.000
s27,co_wear_leveling,0.000000,combined,16,0.350000,1,0.666667,0.333333,3,0.600000,0.600000,0.000000,0.000000,0.600000,0.000000,0,-0.333333,0,0,0.001,0.000
s27,co_wear_leveling,0.000000,combined,16,0.400000,1,0.666667,0.333333,3,0.600000,0.600000,0.000000,0.000000,0.600000,0.000000,0,-0.333333,0,0,0.001,0.000
s27,co_wear_leveling,0.000000,combined,16,0.450000,1,0.666667,0.333333,3,0.600000,0.600000,0.000000,0.000000,0.600000,0.000000,0,-0.333333,0,0,0.001,0.000
s27,co_wear_leveling,0.000000,combined,16,0.500000,2,0.857143,0.142857,9,0.450000,0.500000,0.002500,0.111111,0.450000,0.000000,0,-0.184524,0,0,0.003,0.002
s27,co_wear_leveling,0.000000,combined,16,0.550000,2,0.857143,0.142857,9,0.450000,0.500000,0.002500,0.111111,0.450000,0.000000,0,-0.184524,0,0,0.002,0.001
s27,co_wear_leveling,0.000000,combined,16,0.600000,2,0.857143,0.142857,9,0.450000,0.500000,0.002500,0.111111,0.450000,0.000000,0,-0.184524,0,0,0.002,0.001
s27,co_wear_leveling,0.000000,combined,16,0.650000,2,0.857143,0.142857,9,0.450000,0.500000,0.002500,0.111111,0.450000,0.000000,0,-0.184524,0,0,0.001,0.001
s27,co_wear_leveling,0.000000,combined,16,0.700000,2,0.857143,0.142857,9,0.450000,0.500000,0.002500,0.111111,0.450000,0.000000,0,-0.184524,0,0,0.001,0.001
s27,co_wear_leveling,0.000000,combined,16,0.750000,2,0.857143,0.142857,9,0.450000,0.500000,0.002500,0.111111,0.450000,0.000000,0,-0.184524,0,0,0.001,0.000
s27,co_wear_leveling,0.000000,combined,16,0.800000,2,0.857143,0.142857,9,0.450000,0.500000,0.002500,0.111111,0.450000,0.000000,0,-0.184524,0,0,0.001,0.000
s27,co_wear_leveling,0.000000,combined,16,0.850000,3,1.000000,0.000000,19,0.422222,0.466667,0.000988,0.105263,0.422222,0.000000,0,0.160494,1,1,0.002,0.002
s27,co_wear_leveling,0.000000,combined,16,0.900000,3,1.000000,0.000000,19,0.422222,0.466667,0.000988,0.105263,0.422222,0.000000,0,0.160494,1,1,0.002,0.001
s27,co_wear_leveling,0.000000,combined,16,0.950000,3,1.000000,0.000000,19,0.422222,0.466667,0.000988,0.105263,0.422222,0.000000,0,0.160494,1,1,0.002,0.001
s27,co_wear_leveling,0.000000,combined,16,1.000000,3,1.000000,0.000000,19,0.422222,0.466667,0.000988,0.105263,0.422222,0.000000,0,0.160494,1,1,0.002,0.001
s27,co_wear_leveling,0.250000,combined,16,0.050000,1,0.666667,0.333333,3,0.600000,0.600000,0.000000,0.000000,0.600000,0.000000,0,-0.333333,0,0,0.015,0.002
s27,co_wear_leveling,0.250000,combined,16,0.100000,1,0.666667,0.333333,3,0.600000,0.600000,0.000000,0.000000,0.600000,0.000000,0,-0.333333,0,0,0.002,0.001
s27,co_wear_leveling,0.250000,combined,16,0.150000,1,0.666667,0.333333,3,0.600000,0.600000,0.000000,0.000000,0.600000,0.000000,0,-0.333333,0,0,0.002,0.001
s27,co_wear_leveling,0.250000,combined,16,0.200000,1,0.666667,0.333333,3,0.600000,0.600000,0.000000,0.000000,0.600000,0.000000,0,-0.333333,0,0,0.002,0.000
s27,co_wear_leveling,0.250000,combined,16,0.250000,1,0.666667,0.333333,3,0.600000,0.600000,0.000000,0.000000,0.600000,0.000000,0,-0.333333,0,0,0.002,0.000
s27,co_wear_leveling,0.250000,combined,16,0.300000,1,0.666667,0.333333,3,0.600000,0.600000,0.000000,0.000000,0.600000,0.000000,0,-0.333333,0,0,0.002,0.000
s27,co_wear_leveling,0.250000,combined,16,0.350000,1,0.666667,0.333333,3,0.600000,0.600000,0.000000,0.000000,0.600000,0.000000,0,-0.333333,0,0,0.002,0.001
s27,co_wear_leveling,0.250000,combined,16,0.400000,1,0.666667,0.333333,3,0.600000,0.600000,0.000000,0.000000,0.600000,0.000000,0,-0.333333,0,0,0.002,0.000
s27,co_wear_leveling,0.250000,combined,16,0.450000,1,0.666667,0.333333,3,0.600000,0.600000,0.000000,0.000000,0.600000,0.000000,0,-0.333333,0,0,0.002,0.000
s27,co_wear_leveling,0.250000,combined,16,0.500000,2,0.857143,0.142857,9,0.450000,0.500000,0.002500,0.111111,0.450000,0.000000,0,-0.184524,0,0,0.004,0.003
s27,co_wear_leveling,0.250000,combined,16,0.550000,2,0.857143,0.142857,9,0.450000,0.500000,0.002500,0.111111,0.450000,0.000000,0,-0.184524,0,0,0.003,0.002
s27,co_wear_leveling,0.250000,combined,16,0.600000,2,0.857143,0.142857,9,0.450000,0.500000,0.002500,0.111111,0.450000,0.000000,0,-0.184524,0,0,0.003,0.001
s27,co_wear_leveling,0.250000,combined,16,0.650000,2,0.857143,0.142857,9,0.450000,0.500000,0.002500,0.111111,0.450000,0.000000,0,-0.184524,0,0,0.003,0.001
s27,co_wear_leveling,0.250000,combined,16,0.700000,2,0.857143,0.142857,9,0.450000,0.500000,0.002500,0.111111,0.450000,0.000000,0,-0.184524,0,0,0.003,0.001
s27,co_wear_leveling,0.250000,combined,16,0.750000,2,0.857143,0.142857,9,0.450000,0.500000,0.002500,0.111111,0.450000,0.000000,0,-0.184524,0,0,0.003,0.001
s27,co_wear_leveling,0.250000,combined,16,0.800000,2,0.857143,0.142857,9,0.450000,0.500000,0.002500,0.111111,0.450000,0.000000,0,-0.184524,0,0,0.003,0.001
s27,co_wear_leveling,0.250000,combined,16,0.850000,3,1.000000,0.000000,19,0.422222,0.466667,0.000988,0.105263,0.422222,0.000000,0,0.160494,1,1,0.004,0.004
s27,co_wear_leveling,0.250000,combined,16,0.900000,3,1.000000,0.000000,19,0.422222,0.466667,0.000988,0.105263,0.422222,0.000000,0,0.160494,1,1,0.004,0.002
s27,co_wear_leveling,0.250000,combined,16,0.950000,3,1.000000,0.000000,19,0.422222,0.466667,0.000988,0.105263,0.422222,0.000000,0,0.160494,1,1,0.004,0.002
s27,co_wear_leveling,0.250000,combined,16,1.000000,3,1.000000,0.000000,19,0.422222,0.466667,0.000988,0.105263,0.422222,0.000000,0,0.160494,1,1,0.004,0.002
s27,co_wear_leveling,0.500000,combined,16,0.050000,1,0.666667,0.333333,3,0.600000,0.600000,0.000000,0.000000,0.600000,0.000000,0,-0.333333,0,0,0.007,0.002
s27,co_wear_leveling,0.500000,combined,16,0.100000,1,0.666667,0.333333,3,0.600000,0.600000,0.000000,0.000000,0.600000,0.000000,0,-0.333333,0,0,0.002,0.001
s27,co_wear_leveling,0.500000,combined,16,0.150000,1,0.666667,0.333333,3,0.600000,0.600000,0.000000,0.000000,0.600000,0.000000,0,-0.333333,0,0,0.002,0.001
s27,co_wear_leveling,0.500000,combined,16,0.200000,1,0.666667,0.333333,3,0.600000,0.600000,0.000000,0.000000,0.600000,0.000000,0,-0.333333,0,0,0.002,0.001
s27,co_wear_leveling,0.500000,combined,16,0.250000,1,0.666667,0.333333,3,0.600000,0.600000,0.000000,0.000000,0.600000,0.000000,0,-0.333333,0,0,0.002,0.001
s27,co_wear_leveling,0.500000,combined,16,0.300000,1,0.666667,0.333333,3,0.600000,0.600000,0.000000,0.000000,0.600000,0.000000,0,-0.333333,0,0,0.002,0.001
s27,co_wear_leveling,0.500000,combined,16,0.350000,1,0.666667,0.333333,3,0.600000,0.600000,0.000000,0.000000,0.600000,0.000000,0,-0.333333,0,0,0.002,0.001
s27,co_wear_leveling,0.500000,combined,16,0.400000,1,0.666667,0.333333,3,0.600000,0.600000,0.000000,0.000000,0.600000,0.000000,0,-0.333333,0,0,0.002,0.001
s27,co_wear_leveling,0.500000,combined,16,0.450000,1,0.666667,0.333333,3,0.600000,0.600000,0.000000,0.000000,0.600000,0.000000,0,-0.333333,0,0,0.002,0.001
s27,co_wear_leveling,0.500000,combined,16,0.500000,2,0.857143,0.142857,9,0.450000,0.500000,0.002500,0.111111,0.450000,0.000000,0,-0.184524,0,0,0.004,0.003
s27,co_wear_leveling,0.500000,combined,16,0.550000,2,0.857143,0.142857,9,0.450000,0.500000,0.002500,0.111111,0.450000,0.000000,0,-0.184524,0,0,0.004,0.001
s27,co_wear_leveling,0.500000,combined,16,0.600000,2,0.857143,0.142857,9,0.450000,0.500000,0.002500,0.111111,0.450000,0.000000,0,-0.184524,0,0,0.003,0.001
s27,co_wear_leveling,0.500000,combined,16,0.650000,2,0.857143,0.142857,9,0.450000,0.500000,0.002500,0.111111,0.450000,0.000000,0,-0.184524,0,0,0.003,0.001
s27,co_wear_leveling,0.500000,combined,16,0.700000,2,0.857143,0.142857,9,0.450000,0.500000,0.002500,0.111111,0.450000,0.000000,0,-0.184524,0,0,0.003,0.001
s27,co_wear_leveling,0.500000,combined,16,0.750000,2,0.857143,0.142857,9,0.450000,0.500000,0.002500,0.111111,0.450000,0.000000,0,-0.184524,0,0,0.003,0.001
s27,co_wear_leveling,0.500000,combined,16,0.800000,2,0.857143,0.142857,9,0.450000,0.500000,0.002500,0.111111,0.450000,0.000000,0,-0.184524,0,0,0.003,0.001
s27,co_wear_leveling,0.500000,combined,16,0.850000,3,1.000000,0.000000,19,0.422222,0.466667,0.000988,0.105263,0.422222,0.000000,0,0.160494,1,1,0.004,0.003
s27,co_wear_leveling,0.500000,combined,16,0.900000,3,1.000000,0.000000,19,0.422222,0.466667,0.000988,0.105263,0.422222,0.000000,0,0.160494,1,1,0.004,0.002
s27,co_wear_leveling,0.500000,combined,16,0.950000,3,1.000000,0.000000,19,0.422222,0.466667,0.000988,0.105263,0.422222,0.000000,0,0.160494,1,1,0.004,0.002
s27,co_wear_leveling,0.500000,combined,16,1.000000,3,1.000000,0.000000,19,0.422222,0.466667,0.000988,0.105263,0.422222,0.000000,0,0.160494,1,1,0.004,0.002
s27,co_wear_leveling,0.750000,combined,16,0.050000,1,0.666667,0.333333,3,0.600000,0.600000,0.000000,0.000000,0.600000,0.000000,0,-0.333333,0,0,0.008,0.001
s27,co_wear_leveling,0.750000,combined,16,0.100000,1,0.666667,0.333333,3,0.600000,0.600000,0.000000,0.000000,0.600000,0.000000,0,-0.333333,0,0,0.001,0.000
s27,co_wear_leveling,0.750000,combined,16,0.150000,1,0.666667,0.333333,3,0.600000,0.600000,0.000000,0.000000,0.600000,0.000000,0,-0.333333,0,0,0.001,0.000
s27,co_wear_leveling,0.750000,combined,16,0.200000,1,0.666667,0.333333,3,0.600000,0.600000,0.000000,0.000000,0.600000,0.000000,0,-0.333333,0,0,0.001,0.000
s27,co_wear_leveling,0.750000,combined,16,0.250000,1,0.666667,0.333333,3,0.600000,0.600000,0.000000,0.000000,0.600000,0.000000,0,-0.333333,0,0,0.001,0.000
s27,co_wear_leveling,0.750000,combined,16,0.300000,1,0.666667,0.333333,3,0.600000,0.600000,0.000000,0.000000,0.600000,0.000000,0,-0.333333,0,0,0.001,0.000
s27,co_wear_leveling,0.750000,combined,16,0.350000,1,0.666667,0.333333,3,0.600000,0.600000,0.000000,0.000000,0.600000,0.000000,0,-0.333333,0,0,0.001,0.000
s27,co_wear_leveling,0.750000,combined,16,0.400000,1,0.666667,0.333333,3,0.600000,0.600000,0.000000,0.000000,0.600000,0.000000,0,-0.333333,0,0,0.001,0.000
s27,co_wear_leveling,0.750000,combined,16,0.450000,1,0.666667,0.333333,3,0.600000,0.600000,0.000000,0.000000,0.600000,0.000000,0,-0.333333,0,0,0.001,0.000
s27,co_wear_leveling,0.750000,combined,16,0.500000,2,0.857143,0.142857,9,0.450000,0.500000,0.002500,0.111111,0.450000,0.000000,0,-0.184524,0,0,0.003,0.002
s27,co_wear_leveling,0.750000,combined,16,0.550000,2,0.857143,0.142857,9,0.450000,0.500000,0.002500,0.111111,0.450000,0.000000,0,-0.184524,0,0,0.002,0.001
s27,co_wear_leveling,0.750000,combined,16,0.600000,2,0.857143,0.142857,9,0.450000,0.500000,0.002500,0.111111,0.450000,0.000000,0,-0.184524,0,0,0.001,0.001
s27,co_wear_leveling,0.750000,combined,16,0.650000,2,0.857143,0.142857,9,0.450000,0.500000,0.002500,0.111111,0.450000,0.000000,0,-0.184524,0,0,0.001,0.001
s27,co_wear_leveling,0.750000,combined,16,0.700000,2,0.857143,0.142857,9,0.450000,0.500000,0.002500,0.111111,0.450000,0.000000,0,-0.184524,0,0,0.001,0.000
s27,co_wear_leveling,0.750000,combined,16,0.750000,2,0.857143,0.142857,9,0.450000,0.500000,0.002500,0.111111,0.450000,0.000000,0,-0.184524,0,0,0.001,0.001
s27,co_wear_leveling,0.750000,combined,16,0.800000,2,0.857143,0.142857,9,0.450000,0.500000,0.002500,0.111111,0.450000,0.000000,0,-0.184524,0,0,0.001,0.000
s27,co_wear_leveling,0.750000,combined,16,0.850000,3,1.000000,0.000000,19,0.422222,0.466667,0.000988,0.105263,0.422222,0.000000,0,0.160494,1,1,0.002,0.002
s27,co_wear_leveling,0.750000,combined,16,0.900000,3,1.000000,0.000000,19,0.422222,0.466667,0.000988,0.105263,0.422222,0.000000,0,0.160494,1,1,0.002,0.001
s27,co_wear_leveling,0.750000,combined,16,0.950000,3,1.000000,0.000000,19,0.422222,0.466667,0.000988,0.105263,0.422222,0.000000,0,0.160494,1,1,0.002,0.001
s27,co_wear_leveling,0.750000,combined,16,1.000000,3,1.000000,0.000000,19,0.422222,0.466667,0.000988,0.105263,0.422222,0.000000,0,0.160494,1,1,0.002,0.001
s27,co_wear_leveling,1.000000,combined,16,0.050000,1,0.666667,0.333333,3,0.600000,0.600000,0.000000,0.000000,0.600000,0.000000,0,-0.333333,0,0,0.005,0.001
s27,co_wear_leveling,1.000000,combined,16,0.100000,1,0.666667,0.333333,3,0.600000,0.600000,0.000000,0.000000,0.600000,0.000000,0,-0.333333,0,0,0.002,0.001
s27,co_wear_leveling,1.000000,combined,16,0.150000,1,0.666667,0.333333,3,0.600000,0.600000,0.000000,0.000000,0.600000,0.000000,0,-0.333333,0,0,0.001,0.000
s27,co_wear_leveling,1.000000,combined,16,0.200000,1,0.666667,0.333333,3,0.600000,0.600000,0.000000,0.000000,0.600000,0.000000,0,-0.333333,0,0,0.001,0.000
s27,co_wear_leveling,1.000000,combined,16,0.250000,1,0.666667,0.333333,3,0.600000,0.600000,0.000000,0.000000,0.600000,0.000000,0,-0.333333,0,0,0.001,0.000
s27,co_wear_leveling,1.000000,combined,16,0.300000,1,0.666667,0.333333,3,0.600000,0.600000,0.000000,0.000000,0.600000,0.000000,0,-0.333333,0,0,0.001,0.000
s27,co_wear_leveling,1.000000,combined,16,0.350000,1,0.666667,0.333333,3,0.600000,0.600000,0.000000,0.000000,0.600000,0.000000,0,-0.333333,0,0,0.001,0.000
s27,co_wear_leveling,1.000000,combined,16,0.400000,1,0.666667,0.333333,3,0.600000,0.600000,0.000000,0.000000,0.600000,0.000000,0,-0.333333,0,0,0.001,0.000
s27,co_wear_leveling,1.000000,combined,16,0.450000,1,0.666667,0.333333,3,0.600000,0.600000,0.000000,0.000000,0.600000,0.000000,0,-0.333333,0,0,0.001,0.000
s27,co_wear_leveling,1.000000,combined,16,0.500000,2,0.857143,0.142857,9,0.450000,0.500000,0.002500,0.111111,0.450000,0.000000,0,-0.184524,0,0,0.003,0.002
s27,co_wear_leveling,1.000000,combined,16,0.550000,2,0.857143,0.142857,9,0.450000,0.500000,0.002500,0.111111,0.450000,0.000000,0,-0.184524,0,0,0.002,0.002
s27,co_wear_leveling,1.000000,combined,16,0.600000,2,0.857143,0.142857,9,0.450000,0.500000,0.002500,0.111111,0.450000,0.000000,0,-0.184524,0,0,0.002,0.001
s27,co_wear_leveling,1.000000,combined,16,0.650000,2,0.857143,0.142857,9,0.450000,0.500000,0.002500,0.111111,0.450000,0.000000,0,-0.184524,0,0,0.001,0.000
s27,co_wear_leveling,1.000000,combined,16,0.700000,2,0.857143,0.142857,9,0.450000,0.500000,0.002500,0.111111,0.450000,0.000000,0,-0.184524,0,0,0.001,0.000
s27,co_wear_leveling,1.000000,combined,16,0.750000,2,0.857143,0.142857,9,0.450000,0.500000,0.002500,0.111111,0.450000,0.000000,0,-0.184524,0,0,0.001,0.000
s27,co_wear_leveling,1.000000,combined,16,0.800000,2,0.857143,0.142857,9,0.450000,0.500000,0.002500,0.111111,0.450000,0.000000,0,-0.184524,0,0,0.001,0.000
s27,co_wear_leveling,1.000000,combined,16,0.850000,3,1.000000,0.000000,19,0.422222,0.466667,0.000988,0.105263,0.422222,0.000000,0,0.160494,1,1,0.002,0.002
s27,co_wear_leveling,1.000000,combined,16,0.900000,3,1.000000,0.000000,19,0.422222,0.466667,0.000988,0.105263,0.422222,0.000000,0,0.160494,1,1,0.002,0.001
s27,co_wear_leveling,1.000000,combined,16,0.950000,3,1.000000,0.000000,19,0.422222,0.466667,0.000988,0.105263,0.422222,0.000000,0,0.160494,1,1,0.002,0.001
s27,co_wear_leveling,1.000000,combined,16,1.000000,3,1.000000,0.000000,19,0.422222,0.466667,0.000988,0.105263,0.422222,0.000000,0,0.160494,1,1,0.002,0.001
s27,random,0.500000,combined,16,0.050000,1,0.666667,0.333333,3,0.600000,0.600000,0.000000,0.000000,0.600000,0.000000,0,-0.223443,0,0,0.030,0.003
s27,random,0.500000,combined,16,0.100000,1,0.666667,0.333333,3,0.600000,0.600000,0.000000,0.000000,0.600000,0.000000,0,-0.223443,0,0,0.016,0.001
s27,random,0.500000,combined,16,0.150000,1,0.666667,0.333333,3,0.600000,0.600000,0.000000,0.000000,0.600000,0.000000,0,-0.223443,0,0,0.010,0.001
s27,random,0.500000,combined,16,0.200000,1,0.666667,0.333333,3,0.600000,0.600000,0.000000,0.000000,0.600000,0.000000,0,-0.223443,0,0,0.010,0.000
s27,random,0.500000,combined,16,0.250000,1,0.666667,0.333333,3,0.600000,0.600000,0.000000,0.000000,0.600000,0.000000,0,-0.223443,0,0,0.010,0.000
s27,random,0.500000,combined,16,0.300000,1,0.666667,0.333333,3,0.600000,0.600000,0.000000,0.000000,0.600000,0.000000,0,-0.223443,0,0,0.010,0.001
s27,random,0.500000,combined,16,0.350000,1,0.666667,0.333333,3,0.600000,0.600000,0.000000,0.000000,0.600000,0.000000,0,-0.223443,0,0,0.010,0.000
s27,random,0.500000,combined,16,0.400000,1,0.666667,0.333333,3,0.600000,0.600000,0.000000,0.000000,0.600000,0.000000,0,-0.223443,0,0,0.010,0.000
s27,random,0.500000,combined,16,0.450000,1,0.666667,0.333333,3,0.600000,0.600000,0.000000,0.000000,0.600000,0.000000,0,-0.223443,0,0,0.010,0.000
s27,random,0.500000,combined,16,0.500000,2,0.809524,0.190476,13,0.650000,0.700000,0.002500,0.076923,0.650000,0.000000,0,-0.440476,0,0,0.010,0.004
s27,random,0.500000,combined,16,0.550000,2,0.809524,0.190476,13,0.650000,0.700000,0.002500,0.076923,0.650000,0.000000,0,-0.440476,0,0,0.010,0.002
s27,random,0.500000,combined,16,0.600000,2,0.809524,0.190476,13,0.650000,0.700000,0.002500,0.076923,0.650000,0.000000,0,-0.440476,0,0,0.010,0.001
s27,random,0.500000,combined,16,0.650000,2,0.809524,0.190476,13,0.650000,0.700000,0.002500,0.076923,0.650000,0.000000,0,-0.440476,0,0,0.010,0.001
s27,random,0.500000,combined,16,0.700000,2,0.809524,0.190476,13,0.650000,0.700000,0.002500,0.076923,0.650000,0.000000,0,-0.440476,0,0,0.010,0.001
s27,random,0.500000,combined,16,0.750000,2,0.809524,0.190476,13,0.650000,0.700000,0.002500,0.076923,0.650000,0.000000,0,-0.440476,0,0,0.010,0.001
s27,random,0.500000,combined,16,0.800000,2,0.809524,0.190476,13,0.650000,0.700000,0.002500,0.076923,0.650000,0.000000,0,-0.440476,0,0,0.010,0.001
s27,random,0.500000,combined,16,0.850000,3,1.000000,0.000000,19,0.422222,0.466667,0.000988,0.105263,0.422222,0.000000,0,0.243115,1,1,0.010,0.006
s27,random,0.500000,combined,16,0.900000,3,1.000000,0.000000,19,0.422222,0.466667,0.000988,0.105263,0.422222,0.000000,0,0.243115,1,1,0.010,0.003
s27,random,0.500000,combined,16,0.950000,3,1.000000,0.000000,19,0.422222,0.466667,0.000988,0.105263,0.422222,0.000000,0,0.243115,1,1,0.010,0.002
s27,random,0.500000,combined,16,1.000000,3,1.000000,0.000000,19,0.422222,0.466667,0.000988,0.105263,0.422222,0.000000,0,0.243115,1,1,0.024,0.002
s35932,co,0.500000,combined,16,0.050000,86,0.257599,0.742401,36604,0.235674,0.240864,0.000011,0.022019,0.237853,0.000007,7,-0.588961,0,0,0.033,0.468
s35932,co,0.500000,combined,16,0.100000,173,0.420896,0.579104,148187,0.235775,0.240297,0.000004,0.019178,0.239127,0.000003,19,-0.415153,0,0,0.028,1.622
s35932,co,0.500000,combined,16,0.150000,259,0.578962,0.421038,322490,0.228927,0.232028,0.000002,0.013545,0.231120,0.000002,58,-0.228314,1,1,0.028,3.539
s35932,co,0.500000,combined,16,0.200000,346,0.649936,0.350064,630046,0.250611,0.262455,0.000016,0.047260,0.261320,0.000012,36,-0.266785,1,1,0.030,9.230
s35932,co,0.500000,combined,16,0.250000,432,0.674254,0.325746,1002386,0.255769,0.265763,0.000014,0.039073,0.264853,0.000012,75,-0.254270,1,1,0.031,7.706
s35932,co,0.500000,combined,16,0.300000,518,0.698572,0.301428,1454114,0.258059,0.271281,0.000034,0.051237,0.270523,0.000032,116,-0.272190,1,1,0.027,13.042
s35932,co,0.500000,combined,16,0.350000,605,0.723173,0.276827,2007375,0.261155,0.277607,0.000073,0.062998,0.276958,0.000070,140,-0.317822,0,0,0.029,14.199
s35932,co,0.500000,combined,16,0.400000,691,0.747490,0.252510,2618895,0.261182,0.279305,0.000102,0.069391,0.278737,0.000098,164,-0.336173,0,0,0.025,18.178
s35932,co,0.500000,combined,16,0.450000,778,0.772091,0.227909,3281719,0.258180,0.277207,0.000120,0.073694,0.276702,0.000117,181,-0.328206,1,1,0.028,23.167
s35932,co,0.500000,combined,16,0.500000,864,0.796409,0.203591,4060781,0.259038,0.278053,0.000117,0.073409,0.277599,0.000114,192,-0.302377,1,1,0.027,28.781
s35932,co,0.500000,combined,16,0.550000,950,0.820727,0.179273,4927173,0.259975,0.279348,0.000125,0.074521,0.278935,0.000122,231,-0.293502,0,0,0.027,34.889
s35932,co,0.500000,combined,16,0.600000,1037,0.845327,0.154673,5854050,0.259227,0.278872,0.000132,0.075785,0.278493,0.000129,240,-0.276777,1,1,0.030,41.615
s35932,co,0.500000,combined,16,0.650000,1123,0.869645,0.130355,6914400,0.261081,0.281092,0.000144,0.076647,0.280742,0.000140,245,-0.275197,1,1,0.025,38.766
s35932,co,0.500000,combined,16,0.700000,1210,0.894246,0.105754,8081703,0.262853,0.283156,0.000152,0.077242,0.282832,0.000149,252,-0.269492,0,0,0.033,45.172
s35932,co,0.500000,combined,16,0.750000,1296,0.918564,0.081436,9209822,0.261109,0.281636,0.000158,0.078614,0.281333,0.000155,257,-0.247987,1,1,0.033,51.962
s35932,co,0.500000,combined,16,0.800000,1382,0.942881,0.057119,10500967,0.261815,0.282510,0.000162,0.079045,0.282226,0.000159,264,-0.231521,1,1,0.032,58.837
s35932,co,0.500000,combined,16,0.850000,1469,0.963382,0.036618,12018809,0.265215,0.285747,0.000164,0.077414,0.285479,0.000161,289,-0.224826,1,1,0.036,67.540
s35932,co,0.500000,combined,16,0.900000,1555,0.975541,0.024459,13711593,0.270027,0.290338,0.000159,0.075218,0.290086,0.000156,294,-0.222741,1,1,0.038,75.294
s35932,co,0.500000,combined,16,0.950000,1642,0.987841,0.012159,15530157,0.274290,0.295313,0.000179,0.076646,0.295074,0.000176,303,-0.254732,1,1,0.037,82.853
s35932,co,0.500000,combined,16,1.000000,1728,1.000000,0.000000,17333911,0.276433,0.297426,0.000175,0.075943,0.297199,0.000172,360,-0.243263,1,1,0.036,91.700
s35932,combined,0.500000,combined,16,0.050000,86,0.257599,0.742401,36604,0.235674,0.240864,0.000011,0.022019,0.237853,0.000007,7,-0.588961,0,0,0.033,0.462
s35932,combined,0.500000,combined,16,0.100000,173,0.420896,0.579104,148187,0.235775,0.240297,0.000004,0.019178,0.239127,0.000003,19,-0.415153,0,0,0.028,1.625
s35932,combined,0.500000,combined,16,0.150000,259,0.578962,0.421038,322490,0.228927,0.232028,0.000002,0.013545,0.231120,0.000002,58,-0.228314,1,1,0.028,3.536
s35932,combined,0.500000,combined,16,0.200000,346,0.649936,0.350064,630046,0.250611,0.262455,0.000016,0.047260,0.261320,0.000012,36,-0.266785,1,1,0.029,6.842
s35932,combined,0.500000,combined,16,0.250000,432,0.674254,0.325746,1002386,0.255769,0.265763,0.000014,0.039073,0.264853,0.000012,75,-0.254270,1,1,0.030,10.440
s35932,combined,0.500000,combined,16,0.300000,518,0.698572,0.301428,1454114,0.258059,0.271281,0.000034,0.051237,0.270523,0.000032,116,-0.272190,1,1,0.027,8.962
s35932,combined,0.500000,combined,16,0.350000,605,0.723173,0.276827,2007375,0.261155,0.277607,0.000073,0.062998,0.276958,0.000070,140,-0.317822,0,0,0.028,14.078
s35932,combined,0.500000,combined,16,0.400000,691,0.747490,0.252510,2618895,0.261182,0.279305,0.000102,0.069391,0.278737,0.000098,164,-0.336173,0,0,0.029,15.434
s35932,combined,0.500000,combined,16,0.450000,778,0.772091,0.227909,3281719,0.258180,0.277207,0.000120,0.073694,0.276702,0.000117,181,-0.328206,1,1,0.028,18.562
s35932,combined,0.500000,combined,16,0.500000,864,0.796409,0.203591,4060781,0.259038,0.278053,0.000117,0.073409,0.277599,0.000114,192,-0.302377,1,1,0.028,22.916
s35932,combined,0.500000,combined,16,0.550000,950,0.820727,0.179273,4927173,0.259975,0.279348,0.000125,0.074521,0.278935,0.000122,231,-0.293502,0,0,0.027,27.446
s35932,combined,0.500000,combined,16,0.600000,1037,0.845327,0.154673,5854050,0.259227,0.278872,0.000132,0.075785,0.278493,0.000129,240,-0.276777,1,1,0.028,32.717
s35932,combined,0.500000,combined,16,0.650000,1123,0.869645,0.130355,6914400,0.261081,0.281092,0.000144,0.076647,0.280742,0.000140,245,-0.275197,1,1,0.029,38.375
s35932,combined,0.500000,combined,16,0.700000,1210,0.894246,0.105754,8081703,0.262853,0.283156,0.000152,0.077242,0.282832,0.000149,252,-0.269492,0,0,0.031,44.395
s35932,combined,0.500000,combined,16,0.750000,1296,0.918564,0.081436,9209822,0.261109,0.281636,0.000158,0.078614,0.281333,0.000155,257,-0.247987,1,1,0.032,50.693
s35932,combined,0.500000,combined,16,0.800000,1382,0.942881,0.057119,10500967,0.261815,0.282510,0.000162,0.079045,0.282226,0.000159,264,-0.231521,1,1,0.031,58.072
s35932,combined,0.500000,combined,16,0.850000,1469,0.963382,0.036618,12018809,0.265215,0.285747,0.000164,0.077414,0.285479,0.000161,289,-0.224826,1,1,0.035,67.400
s35932,combined,0.500000,combined,16,0.900000,1555,0.975541,0.024459,13711593,0.270027,0.290338,0.000159,0.075218,0.290086,0.000156,294,-0.222741,1,1,0.037,73.522
s35932,combined,0.500000,combined,16,0.950000,1642,0.987841,0.012159,15530157,0.274290,0.295313,0.000179,0.076646,0.295074,0.000176,303,-0.254732,1,1,0.034,82.151
s35932,combined,0.500000,combined,16,1.000000,1728,1.000000,0.000000,17333911,0.276433,0.297426,0.000175,0.075943,0.297199,0.000172,360,-0.243263,1,1,0.035,93.713
s35932,combined_wear,0.000000,combined,16,0.050000,86,0.257599,0.742401,36604,0.235674,0.240864,0.000011,0.022019,0.237853,0.000007,7,-0.588961,0,0,0.031,0.283
s35932,combined_wear,0.000000,combined,16,0.100000,173,0.420896,0.579104,148187,0.235775,0.240297,0.000004,0.019178,0.239127,0.000003,19,-0.415153,0,0,0.019,0.912
s35932,combined_wear,0.000000,combined,16,0.150000,259,0.578962,0.421038,322490,0.228927,0.232028,0.000002,0.013545,0.231120,0.000002,58,-0.228314,1,1,0.020,1.896
s35932,combined_wear,0.000000,combined,16,0.200000,346,0.649936,0.350064,630046,0.250611,0.262455,0.000016,0.047260,0.261320,0.000012,36,-0.266785,1,1,0.021,3.512
s35932,combined_wear,0.000000,combined,16,0.250000,432,0.674254,0.325746,1002386,0.255769,0.265763,0.000014,0.039073,0.264853,0.000012,75,-0.254270,1,1,0.022,5.954
s35932,combined_wear,0.000000,combined,16,0.300000,518,0.698572,0.301428,1454114,0.258059,0.271281,0.000034,0.051237,0.270523,0.000032,116,-0.272190,1,1,0.026,8.861
s35932,combined_wear,0.000000,combined,16,0.350000,605,0.723173,0.276827,2007375,0.261155,0.277607,0.000073,0.062998,0.276958,0.000070,140,-0.317822,0,0,0.030,12.027
s35932,combined_wear,0.000000,combined,16,0.400000,691,0.747490,0.252510,2618895,0.261182,0.279305,0.000102,0.069391,0.278737,0.000098,164,-0.336173,0,0,0.030,15.550
s35932,combined_wear,0.000000,combined,16,0.450000,778,0.772091,0.227909,3281719,0.258180,0.277207,0.000120,0.073694,0.276702,0.000117,181,-0.328206,1,1,0.033,19.535
s35932,combined_wear,0.000000,combined,16,0.500000,864,0.796409,0.203591,4060781,0.259038,0.278053,0.000117,0.073409,0.277599,0.000114,192,-0.302377,1,1,0.033,23.032
s35932,combined_wear,0.000000,combined,16,0.550000,950,0.820727,0.179273,4927173,0.259975,0.279348,0.000125,0.074521,0.278935,0.000122,231,-0.293502,0,0,0.031,28.767
s35932,combined_wear,0.000000,combined,16,0.600000,1037,0.845327,0.154673,5854050,0.259227,0.278872,0.000132,0.075785,0.278493,0.000129,240,-0.276777,1,1,0.035,32.957
s35932,combined_wear,0.000000,combined,16,0.650000,1123,0.869645,0.130355,6914400,0.261081,0.281092,0.000144,0.076647,0.280742,0.000140,245,-0.275197,1,1,0.033,39.218
s35932,combined_wear,0.000000,combined,16,0.700000,1210,0.894246,0.105754,8081703,0.262853,0.283156,0.000152,0.077242,0.282832,0.000149,252,-0.269492,0,0,0.037,44.288
s35932,combined_wear,0.000000,combined,16,0.750000,1296,0.918564,0.081436,9209822,0.261109,0.281636,0.000158,0.078614,0.281333,0.000155,257,-0.247987,1,1,0.039,51.302
s35932,combined_wear,0.000000,combined,16,0.800000,1382,0.942881,0.057119,10500967,0.261815,0.282510,0.000162,0.079045,0.282226,0.000159,264,-0.231521,1,1,0.036,57.566
s35932,combined_wear,0.000000,combined,16,0.850000,1469,0.963382,0.036618,12018809,0.265215,0.285747,0.000164,0.077414,0.285479,0.000161,289,-0.224826,1,1,0.039,65.198
s35932,combined_wear,0.000000,combined,16,0.900000,1555,0.975541,0.024459,13711593,0.270027,0.290338,0.000159,0.075218,0.290086,0.000156,294,-0.222741,1,1,0.038,74.284
s35932,combined_wear,0.000000,combined,16,0.950000,1642,0.987841,0.012159,15530157,0.274290,0.295313,0.000179,0.076646,0.295074,0.000176,303,-0.254732,1,1,0.038,82.968
s35932,combined_wear,0.000000,combined,16,1.000000,1728,1.000000,0.000000,17333911,0.276433,0.297426,0.000175,0.075943,0.297199,0.000172,360,-0.243263,1,1,0.041,90.684
s35932,combined_wear,0.250000,combined,16,0.050000,86,0.254206,0.745794,38469,0.247682,0.253045,0.000009,0.021654,0.251800,0.000007,19,-0.630748,0,0,0.047,0.289
s35932,combined_wear,0.250000,combined,16,0.100000,173,0.420896,0.579104,146804,0.233575,0.240848,0.000016,0.031137,0.239076,0.000012,27,-0.426612,0,0,0.032,0.918
s35932,combined_wear,0.250000,combined,16,0.150000,259,0.578962,0.421038,323837,0.229883,0.233499,0.000004,0.015727,0.232591,0.000004,51,-0.235151,1,1,0.033,1.909
s35932,combined_wear,0.250000,combined,16,0.200000,346,0.648805,0.351195,605548,0.240867,0.246628,0.000037,0.023919,0.245949,0.000033,0,-0.248526,1,1,0.037,3.403
s35932,combined_wear,0.250000,combined,16,0.250000,432,0.671144,0.328856,978331,0.249631,0.256834,0.000053,0.028854,0.256290,0.000051,0,-0.280953,1,1,0.035,5.889
s35932,combined_wear,0.250000,combined,16,0.300000,518,0.693058,0.306942,1413619,0.250873,0.259974,0.000077,0.036279,0.259520,0.000074,0,-0.297486,1,1,0.040,8.593
s35932,combined_wear,0.250000,combined,16,0.350000,605,0.714266,0.285734,1987059,0.258512,0.270602,0.000119,0.046768,0.270213,0.000116,99,-0.361917,1,0,0.048,11.646
s35932,combined_wear,0.250000,combined,16,0.400000,691,0.737594,0.262406,2586365,0.257937,0.272207,0.000136,0.055323,0.271867,0.000132,194,-0.361141,1,1,0.047,14.733
s35932,combined_wear,0.250000,combined,16,0.450000,778,0.757811,0.242189,3361196,0.264433,0.279594,0.000141,0.057333,0.279318,0.000137,214,-0.371606,0,0,0.049,18.631
s35932,combined_wear,0.250000,combined,16,0.500000,864,0.781988,0.218012,4100379,0.261564,0.278439,0.000157,0.064518,0.278167,0.000153,215,-0.360710,1,1,0.049,23.003
s35932,combined_wear,0.250000,combined,16,0.550000,950,0.802064,0.197936,5059170,0.266939,0.285414,0.000184,0.069207,0.285119,0.000180,236,-0.397193,0,0,0.051,27.900
s35932,combined_wear,0.250000,combined,16,0.600000,1037,0.826806,0.173194,5984434,0.265000,0.283602,0.000185,0.070195,0.283358,0.000182,272,-0.367703,1,1,0.054,33.276
s35932,combined_wear,0.250000,combined,16,0.650000,1123,0.847448,0.152552,7087945,0.267634,0.286944,0.000191,0.072150,0.286671,0.000188,260,-0.365068,0,0,0.055,39.000
s35932,combined_wear,0.250000,combined,16,0.700000,1210,0.871342,0.128658,8171284,0.265767,0.285872,0.000194,0.075650,0.285594,0.000191,282,-0.339941,1,1,0.060,45.704
s35932,combined_wear,0.250000,combined,16,0.750000,1296,0.891135,0.108865,9423995,0.267181,0.287809,0.000191,0.077204,0.287659,0.000188,247,-0.322221,1,1,0.063,52.995
s35932,combined_wear,0.250000,combined,16,0.800000,1382,0.915595,0.084405,10735544,0.267663,0.289160,0.000190,0.080313,0.288945,0.000186,296,-0.298855,1,0,0.061,59.340
s35932,combined_wear,0.250000,combined,16,0.850000,1469,0.935812,0.064188,12126102,0.267583,0.290317,0.000188,0.084962,0.290135,0.000184,299,-0.278216,1,1,0.066,68.071
s35932,combined_wear,0.250000,combined,16,0.900000,1555,0.958009,0.041991,13713941,0.270074,0.291839,0.000183,0.080590,0.291724,0.000179,305,-0.256051,1,1,0.066,73.931
s35932,combined_wear,0.250000,combined,16,0.950000,1642,0.980206,0.019794,15366854,0.271406,0.292703,0.000178,0.078471,0.292549,0.000176,340,-0.232351,1,1,0.066,82.526
s35932,combined_wear,0.250000,combined,16,1.000000,1728,1.000000,0.000000,17333911,0.276433,0.297426,0.000175,0.075943,0.297199,0.000172,360,-0.224713,1,1,0.068,91.688
s35932,combined_wear,0.500000,combined,16,0.050000,86,0.242330,0.757670,36721,0.236428,0.243079,0.000010,0.028131,0.241175,0.000006,16,-0.606800,0,0,0.046,0.271
s35932,combined_wear,0.500000,combined,16,0.100000,173,0.420896,0.579104,146804,0.233575,0.240848,0.000016,0.031137,0.239076,0.000012,27,-0.426026,0,0,0.033,0.901
s35932,combined_wear,0.500000,combined,16,0.150000,259,0.543192,0.456808,328066,0.232885,0.237911,0.000019,0.021581,0.237004,0.000017,0,-0.302042,1,1,0.034,1.912
s35932,combined_wear,0.500000,combined,16,0.200000,346,0.571752,0.428248,616925,0.245392,0.252959,0.000059,0.030835,0.252279,0.000054,0,-0.370655,1,1,0.035,3.470
s35932,combined_wear,0.500000,combined,16,0.250000,432,0.629719,0.370281,993323,0.253457,0.261905,0.000069,0.033332,0.261361,0.000066,0,-0.355828,1,1,0.036,5.782
s35932,combined_wear,0.500000,combined,16,0.300000,518,0.654036,0.345964,1435051,0.254676,0.264938,0.000092,0.040295,0.264485,0.000088,46,-0.366702,1,1,0.046,8.297
s35932,combined_wear,0.500000,combined,16,0.350000,605,0.702248,0.297752,1988067,0.258643,0.271232,0.000118,0.048672,0.270843,0.000114,134,-0.368984,1,1,0.047,11.312
s35932,combined_wear,0.500000,combined,16,0.400000,691,0.735332,0.264668,2623757,0.261667,0.275515,0.000129,0.052924,0.275175,0.000126,192,-0.362606,1,1,0.048,14.696
s35932,combined_wear,0.500000,combined,16,0.450000,778,0.757670,0.242330,3358724,0.264238,0.279594,0.000142,0.058111,0.279291,0.000139,212,-0.367904,1,1,0.051,18.557
s35932,combined_wear,0.500000,combined,16,0.500000,864,0.778171,0.221829,4166501,0.265781,0.283069,0.000167,0.065043,0.282797,0.000163,237,-0.386876,1,1,0.052,22.810
s35932,combined_wear,0.500000,combined,16,0.550000,950,0.801923,0.198077,5056231,0.266784,0.285013,0.000182,0.068325,0.284771,0.000178,238,-0.387101,1,0,0.053,27.687
s35932,combined_wear,0.500000,combined,16,0.600000,1037,0.822847,0.177153,6012447,0.266241,0.286541,0.000200,0.076247,0.286317,0.000196,254,-0.390418,1,1,0.055,32.840
s35932,combined_wear,0.500000,combined,16,0.650000,1123,0.846458,0.153542,7095319,0.267913,0.287241,0.000195,0.072144,0.287010,0.000191,258,-0.364397,1,0,0.057,38.516
s35932,combined_wear,0.500000,combined,16,0.700000,1210,0.867100,0.132900,8235665,0.267860,0.287839,0.000193,0.074587,0.287598,0.000190,297,-0.342353,0,0,0.060,44.876
s35932,combined_wear,0.500000,combined,16,0.750000,1296,0.891135,0.108865,9423995,0.267181,0.287809,0.000191,0.077204,0.287659,0.000188,247,-0.315053,1,0,0.063,52.235
s35932,combined_wear,0.500000,combined,16,0.800000,1382,0.910929,0.089071,10710984,0.267051,0.288712,0.000190,0.081112,0.288572,0.000186,296,-0.294822,1,1,0.061,57.965
s35932,combined_wear,0.500000,combined,16,0.850000,1469,0.934681,0.065319,12165805,0.268459,0.290966,0.000187,0.083837,0.290763,0.000183,306,-0.273345,1,1,0.062,65.332
s35932,combined_wear,0.500000,combined,16,0.900000,1555,0.955464,0.044536,13725866,0.270308,0.292023,0.000182,0.080331,0.291831,0.000179,306,-0.251966,1,1,0.065,74.307
s35932,combined_wear,0.500000,combined,16,0.950000,1642,0.980206,0.019794,15366854,0.271406,0.292703,0.000178,0.078471,0.292549,0.000176,340,-0.225667,1,1,0.069,84.991
s35932,combined_wear,0.500000,combined,16,1.000000,1728,1.000000,0.000000,17333911,0.276433,0.297426,0.000175,0.075943,0.297199,0.000172,360,-0.218171,1,1,0.074,94.137
s35932,combined_wear,0.750000,combined,16,0.050000,86,0.237240,0.762760,36321,0.233852,0.241971,0.000016,0.034718,0.239964,0.000012,15,-0.612866,1,1,0.050,0.287
s35932,combined_wear,0.750000,combined,16,0.100000,173,0.372543,0.627457,151780,0.241492,0.251032,0.000056,0.039505,0.249518,0.000050,27,-0.555653,1,1,0.033,0.919
s35932,combined_wear,0.750000,combined,16,0.150000,259,0.406475,0.593525,361844,0.256864,0.269535,0.000118,0.049331,0.268707,0.000111,47,-0.659074,1,0,0.034,2.019
s35932,combined_wear,0.750000,combined,16,0.200000,346,0.474198,0.525802,646325,0.257087,0.270713,0.000119,0.053003,0.269371,0.000111,74,-0.593922,1,0,0.035,3.487
s35932,combined_wear,0.750000,combined,16,0.250000,432,0.528913,0.471087,1014004,0.258734,0.272817,0.000110,0.054434,0.272108,0.000104,105,-0.534931,0,0,0.036,5.838
s35932,combined_wear,0.750000,combined,16,0.300000,518,0.579669,0.420331,1442625,0.256020,0.270730,0.000136,0.057454,0.270138,0.000130,156,-0.507794,1,1,0.045,8.442
s35932,combined_wear,0.750000,combined,16,0.350000,605,0.638909,0.361091,1997117,0.259821,0.274223,0.000135,0.055431,0.273834,0.000131,150,-0.461108,1,1,0.046,11.377
s35932,combined_wear,0.750000,combined,16,0.400000,691,0.659975,0.340025,2624309,0.261722,0.278547,0.000152,0.064289,0.278207,0.000148,158,-0.471827,1,1,0.049,14.854
s35932,combined_wear,0.750000,combined,16,0.450000,778,0.719355,0.280645,3394061,0.267018,0.284613,0.000164,0.065891,0.284310,0.000160,195,-0.446359,0,0,0.051,18.804
s35932,combined_wear,0.750000,combined,16,0.500000,864,0.741835,0.258165,4166207,0.265763,0.284502,0.000181,0.070510,0.284230,0.000177,216,-0.443045,1,1,0.051,23.166
s35932,combined_wear,0.750000,combined,16,0.550000,950,0.801923,0.198077,5056231,0.266784,0.285013,0.000182,0.068325,0.284771,0.000178,238,-0.386931,1,0,0.053,27.882
s35932,combined_wear,0.750000,combined,16,0.600000,1037,0.822141,0.177859,6020913,0.266616,0.286816,0.000200,0.075767,0.286633,0.000196,254,-0.392266,1,1,0.055,33.863
s35932,combined_wear,0.750000,combined,16,0.650000,1123,0.846458,0.153542,7095319,0.267913,0.287241,0.000195,0.072144,0.287010,0.000191,258,-0.364216,1,0,0.062,39.252
s35932,combined_wear,0.750000,combined,16,0.700000,1210,0.866676,0.133324,8229635,0.267664,0.287800,0.000194,0.075228,0.287581,0.000191,281,-0.344023,1,0,0.058,44.985
s35932,combined_wear,0.750000,combined,16,0.750000,1296,0.889156,0.110844,9441393,0.267674,0.288176,0.000190,0.076592,0.288027,0.000187,250,-0.317323,1,0,0.060,52.783
s35932,combined_wear,0.750000,combined,16,0.800000,1382,0.910929,0.089071,10710984,0.267051,0.288712,0.000190,0.081112,0.288572,0.000186,296,-0.294645,1,1,0.063,58.637
s35932,combined_wear,0.750000,combined,16,0.850000,1469,0.932419,0.067581,12203321,0.269287,0.291290,0.000186,0.081708,0.291087,0.000183,309,-0.276642,1,1,0.066,66.463
s35932,combined_wear,0.750000,combined,16,0.900000,1555,0.955464,0.044536,13725866,0.270308,0.292023,0.000182,0.080331,0.291831,0.000179,306,-0.251797,1,1,0.067,73.686
s35932,combined_wear,0.750000,combined,16,0.950000,1642,0.978934,0.021066,15429535,0.272513,0.294153,0.000179,0.079411,0.293720,0.000176,340,-0.231475,1,1,0.055,82.739
s35932,combined_wear,0.750000,combined,16,1.000000,1728,1.000000,0.000000,17333911,0.276433,0.297426,0.000175,0.075943,0.297199,0.000172,360,-0.218009,1,1,0.068,91.984
s35932,combined_wear,1.000000,combined,16,0.050000,86,0.223102,0.776898,36372,0.234181,0.242525,0.000019,0.035632,0.240829,0.000015,17,-0.631274,1,1,0.046,0.303
s35932,combined_wear,1.000000,combined,16,0.100000,173,0.300721,0.699279,160257,0.254980,0.269199,0.000093,0.055767,0.267083,0.000085,45,-0.726979,0,0,0.033,0.978
s35932,combined_wear,1.000000,combined,16,0.150000,259,0.365050,0.634950,358993,0.254840,0.268064,0.000110,0.051892,0.267053,0.000101,46,-0.680281,1,1,0.034,2.087
s35932,combined_wear,1.000000,combined,16,0.200000,346,0.395589,0.604411,670249,0.266603,0.282686,0.000144,0.060328,0.281930,0.000136,80,-0.738010,0,0,0.035,3.684
s35932,combined_wear,1.000000,combined,16,0.250000,432,0.458363,0.541637,1016560,0.259386,0.275353,0.000140,0.061557,0.274864,0.000133,104,-0.645019,1,1,0.036,5.851
s35932,combined_wear,1.000000,combined,16,0.300000,518,0.506433,0.493567,1477106,0.262140,0.280015,0.000164,0.068189,0.279636,0.000158,132,-0.639244,1,1,0.045,8.463
s35932,combined_wear,1.000000,combined,16,0.350000,605,0.559169,0.440831,2047299,0.266349,0.282881,0.000147,0.062068,0.282492,0.000142,125,-0.578116,0,0,0.047,11.536
s35932,combined_wear,1.000000,combined,16,0.400000,691,0.624205,0.375795,2647841,0.264068,0.282475,0.000162,0.069705,0.282032,0.000156,154,-0.525692,1,1,0.048,15.085
s35932,combined_wear,1.000000,combined,16,0.450000,778,0.680334,0.319666,3395589,0.267139,0.287061,0.000185,0.074576,0.286759,0.000180,184,-0.511630,0,0,0.053,19.416
s35932,combined_wear,1.000000,combined,16,0.500000,864,0.712286,0.287714,4152528,0.264890,0.285273,0.000194,0.076950,0.285001,0.000189,205,-0.482936,1,1,0.054,23.653
s35932,combined_wear,1.000000,combined,16,0.550000,950,0.763467,0.236533,5083439,0.268220,0.287368,0.000190,0.071391,0.287187,0.000186,230,-0.437128,0,0,0.053,28.367
s35932,combined_wear,1.000000,combined,16,0.600000,1037,0.803478,0.196522,6013100,0.266270,0.287092,0.000205,0.078200,0.286816,0.000201,248,-0.410766,1,1,0.058,34.156
s35932,combined_wear,1.000000,combined,16,0.650000,1123,0.846458,0.153542,7095319,0.267913,0.287241,0.000195,0.072144,0.287010,0.000191,258,-0.358907,1,0,0.058,38.891
s35932,combined_wear,1.000000,combined,16,0.700000,1210,0.866676,0.133324,8229635,0.267664,0.287800,0.000194,0.075228,0.287581,0.000191,281,-0.338725,1,0,0.060,45.167
s35932,combined_wear,1.000000,combined,16,0.750000,1296,0.888025,0.111975,9456927,0.268115,0.288470,0.000190,0.075920,0.288321,0.000187,250,-0.314492,1,0,0.060,51.642
s35932,combined_wear,1.000000,combined,16,0.800000,1382,0.910929,0.089071,10710984,0.267051,0.288712,0.000190,0.081112,0.288572,0.000186,296,-0.289468,1,1,0.062,58.984
s35932,combined_wear,1.000000,combined,16,0.850000,1469,0.931571,0.068429,12229167,0.269857,0.291614,0.000185,0.080623,0.291411,0.000182,310,-0.273323,1,1,0.064,66.371
s35932,combined_wear,1.000000,combined,16,0.900000,1555,0.955464,0.044536,13725866,0.270308,0.292023,0.000182,0.080331,0.291831,0.000179,306,-0.246833,1,1,0.065,73.861
s35932,combined_wear,1.000000,combined,16,0.950000,1642,0.976955,0.023045,15486860,0.273525,0.295284,0.000180,0.079550,0.295049,0.000177,339,-0.233643,1,1,0.066,83.240
s35932,combined_wear,1.000000,combined,16,1.000000,1728,1.000000,0.000000,17333911,0.276433,0.297426,0.000175,0.075943,0.297199,0.000172,360,-0.213251,1,1,0.069,91.882
s35932,combined_wear_leveling,0.000000,combined,16,0.050000,86,0.257599,0.742401,36604,0.235674,0.240864,0.000011,0.022019,0.237853,0.000007,7,-0.588961,0,0,93.213,0.276
s35932,combined_wear_leveling,0.000000,combined,16,0.100000,173,0.420896,0.579104,148187,0.235775,0.240297,0.000004,0.019178,0.239127,0.000003,19,-0.415153,0,0,379.185,0.898
s35932,combined_wear_leveling,0.000000,combined,16,0.150000,259,0.578962,0.421038,322490,0.228927,0.232028,0.000002,0.013545,0.231120,0.000002,58,-0.228314,1,1,838.204,1.889
s35932,combined_wear_leveling,0.000000,combined,16,0.200000,346,0.649936,0.350064,630046,0.250611,0.262455,0.000016,0.047260,0.261320,0.000012,36,-0.266785,1,1,1480.290,3.604
s35932,combined_wear_leveling,0.000000,combined,16,0.250000,432,0.674254,0.325746,1002386,0.255769,0.265763,0.000014,0.039073,0.264853,0.000012,75,-0.254270,1,1,2265.328,6.458
s35932,combined_wear_leveling,0.000000,combined,16,0.300000,518,0.698572,0.301428,1454114,0.258059,0.271281,0.000034,0.051237,0.270523,0.000032,116,-0.272190,1,1,3191.957,8.629
s35932,combined_wear_leveling,0.000000,combined,16,0.350000,605,0.723173,0.276827,2007375,0.261155,0.277607,0.000073,0.062998,0.276958,0.000070,140,-0.317822,0,0,4249.818,11.204
s35932,combined_wear_leveling,0.000000,combined,16,0.400000,691,0.747490,0.252510,2618895,0.261182,0.279305,0.000102,0.069391,0.278737,0.000098,164,-0.336173,0,0,5333.814,14.510
s35932,combined_wear_leveling,0.000000,combined,16,0.450000,778,0.772091,0.227909,3281719,0.258180,0.277207,0.000120,0.073694,0.276702,0.000117,181,-0.328206,1,1,6468.940,18.274
s35932,combined_wear_leveling,0.000000,combined,16,0.500000,864,0.796409,0.203591,4060781,0.259038,0.278053,0.000117,0.073409,0.277599,0.000114,192,-0.302377,1,1,7642.084,28.278
s35932,combined_wear_leveling,0.000000,combined,16,0.550000,950,0.820727,0.179273,4927173,0.259975,0.279348,0.000125,0.074521,0.278935,0.000122,231,-0.293502,0,0,8857.535,27.231
s35932,combined_wear_leveling,0.000000,combined,16,0.600000,1037,0.845327,0.154673,5854050,0.259227,0.278872,0.000132,0.075785,0.278493,0.000129,240,-0.276777,1,1,9984.255,31.755
s35932,combined_wear_leveling,0.000000,combined,16,0.650000,1123,0.869645,0.130355,6914400,0.261081,0.281092,0.000144,0.076647,0.280742,0.000140,245,-0.275197,1,1,11093.589,38.057
s35932,combined_wear_leveling,0.000000,combined,16,0.700000,1210,0.894246,0.105754,8081703,0.262853,0.283156,0.000152,0.077242,0.282832,0.000149,252,-0.269492,0,0,12189.398,43.811
s35932,combined_wear_leveling,0.000000,combined,16,0.750000,1296,0.918564,0.081436,9209822,0.261109,0.281636,0.000158,0.078614,0.281333,0.000155,257,-0.247987,1,1,13227.917,66.033
s35932,combined_wear_leveling,0.000000,combined,16,0.800000,1382,0.942881,0.057119,10500967,0.261815,0.282510,0.000162,0.079045,0.282226,0.000159,264,-0.231521,1,1,14014.836,56.948
s35932,combined_wear_leveling,0.000000,combined,16,0.850000,1469,0.963382,0.036618,12018809,0.265215,0.285747,0.000164,0.077414,0.285479,0.000161,289,-0.224826,1,1,14727.424,64.784
s35932,combined_wear_leveling,0.000000,combined,16,0.900000,1555,0.975541,0.024459,13711593,0.270027,0.290338,0.000159,0.075218,0.290086,0.000156,294,-0.222741,1,1,15226.819,72.775
s35932,combined_wear_leveling,0.000000,combined,16,0.950000,1642,0.987841,0.012159,15530157,0.274290,0.295313,0.000179,0.076646,0.295074,0.000176,303,-0.254732,1,1,15539.081,84.199
s35932,combined_wear_leveling,0.000000,combined,16,1.000000,1728,1.000000,0.000000,17333911,0.276433,0.297426,0.000175,0.075943,0.297199,0.000172,360,-0.243263,1,1,15599.757,117.612
s35932,combined_wear_leveling,0.250000,combined,16,0.050000,86,0.257599,0.742401,36604,0.235674,0.240864,0.000011,0.022019,0.237853,0.000007,7,-0.588961,0,0,92.895,0.267
s35932,combined_wear_leveling,0.250000,combined,16,0.100000,173,0.420896,0.579104,146002,0.232299,0.236994,0.000004,0.020212,0.235824,0.000003,20,-0.403456,0,0,384.323,0.934
s35932,combined_wear_leveling,0.250000,combined,16,0.150000,259,0.578962,0.421038,321961,0.228552,0.232028,0.000003,0.015210,0.231120,0.000003,58,-0.229116,1,1,844.993,1.890
s35932,combined_wear_leveling,0.250000,combined,16,0.200000,346,0.649936,0.350064,624997,0.248603,0.256813,0.000011,0.033023,0.256038,0.000009,46,-0.246450,1,0,1476.545,3.471
s35932,combined_wear_leveling,0.250000,combined,16,0.250000,432,0.674254,0.325746,972454,0.248132,0.261905,0.000037,0.055507,0.261285,0.000034,101,-0.266634,1,1,2319.483,6.474
s35932,combined_wear_leveling,0.250000,combined,16,0.300000,518,0.698572,0.301428,1414745,0.251073,0.268064,0.000070,0.067675,0.267547,0.000066,116,-0.303432,1,1,3241.820,8.542
s35932,combined_wear_leveling,0.250000,combined,16,0.350000,605,0.723173,0.276827,1930576,0.251164,0.269972,0.000096,0.074886,0.269530,0.000092,126,-0.318534,1,1,4311.272,10.933
s35932,combined_wear_leveling,0.250000,combined,16,0.400000,691,0.747490,0.252510,2526657,0.251983,0.271932,0.000119,0.079167,0.271544,0.000114,133,-0.330773,1,1,5366.339,14.478
s35932,combined_wear_leveling,0.250000,combined,16,0.450000,778,0.772091,0.227909,3203628,0.252037,0.272126,0.000122,0.079710,0.271782,0.000118,158,-0.311356,1,1,6536.268,17.999
s35932,combined_wear_leveling,0.250000,combined,16,0.500000,864,0.796409,0.203591,3986371,0.254291,0.274691,0.000132,0.080225,0.274381,0.000128,192,-0.309098,1,1,7694.720,28.357
s35932,combined_wear_leveling,0.250000,combined,16,0.550000,950,0.820727,0.179273,4837862,0.255262,0.275890,0.000140,0.080808,0.275608,0.000136,207,-0.299619,1,1,8885.317,27.087
s35932,combined_wear_leveling,0.250000,combined,16,0.600000,1037,0.845327,0.154673,5780287,0.255960,0.276898,0.000151,0.081799,0.276639,0.000147,222,-0.293337,1,1,10068.831,31.680
s35932,combined_wear_leveling,0.250000,combined,16,0.650000,1123,0.869645,0.130355,6846991,0.258536,0.279778,0.000162,0.082162,0.279539,0.000157,230,-0.293458,0,0,11200.391,38.966
s35932,combined_wear_leveling,0.250000,combined,16,0.700000,1210,0.894246,0.105754,7925593,0.257776,0.279181,0.000166,0.083041,0.278960,0.000162,237,-0.272818,1,0,12278.073,43.012
s35932,combined_wear_leveling,0.250000,combined,16,0.750000,1296,0.918564,0.081436,9089617,0.257701,0.279248,0.000170,0.083610,0.279041,0.000166,245,-0.253243,1,1,13227.638,64.070
s35932,combined_wear_leveling,0.250000,combined,16,0.800000,1382,0.942881,0.057119,10390330,0.259056,0.280925,0.000169,0.084417,0.280128,0.000165,289,-0.233011,1,1,14038.319,57.371
s35932,combined_wear_leveling,0.250000,combined,16,0.850000,1469,0.963382,0.036618,12018809,0.265215,0.285747,0.000164,0.077414,0.285479,0.000161,289,-0.224826,1,1,14676.229,63.444
s35932,combined_wear_leveling,0.250000,combined,16,0.900000,1555,0.975541,0.024459,13711593,0.270027,0.290338,0.000159,0.075218,0.290086,0.000156,294,-0.222741,1,1,15217.648,73.144
s35932,combined_wear_leveling,0.250000,combined,16,0.950000,1642,0.987841,0.012159,15530157,0.274290,0.295313,0.000179,0.076646,0.295074,0.000176,303,-0.254732,1,1,15706.609,80.955
s35932,combined_wear_leveling,0.250000,combined,16,1.000000,1728,1.000000,0.000000,17333911,0.276433,0.297426,0.000175,0.075943,0.297199,0.000172,360,-0.243263,1,1,15906.324,115.133
s35932,combined_wear_leveling,0.500000,combined,16,0.050000,86,0.257599,0.742401,36604,0.235674,0.240864,0.000011,0.022019,0.237853,0.000007,7,-0.588961,0,0,93.110,0.268
s35932,combined_wear_leveling,0.500000,combined,16,0.100000,173,0.420896,0.579104,146002,0.232299,0.236994,0.000004,0.020212,0.235824,0.000003,20,-0.403456,0,0,386.361,0.979
s35932,combined_wear_leveling,0.500000,combined,16,0.150000,259,0.578962,0.421038,321961,0.228552,0.232028,0.000003,0.015210,0.231120,0.000003,58,-0.229116,1,1,849.918,1.869
s35932,combined_wear_leveling,0.500000,combined,16,0.200000,346,0.649936,0.350064,624997,0.248603,0.256813,0.000011,0.033023,0.256038,0.000009,46,-0.246450,1,0,1490.188,3.459
s35932,combined_wear_leveling,0.500000,combined,16,0.250000,432,0.674254,0.325746,972454,0.248132,0.261905,0.000037,0.055507,0.261285,0.000034,101,-0.266634,1,1,2280.861,6.493
s35932,combined_wear_leveling,0.500000,combined,16,0.300000,518,0.698572,0.301428,1414745,0.251073,0.268064,0.000070,0.067675,0.267547,0.000066,116,-0.303432,1,1,3248.553,8.698
s35932,combined_wear_leveling,0.500000,combined,16,0.350000,605,0.723173,0.276827,1930576,0.251164,0.269972,0.000096,0.074886,0.269530,0.000092,126,-0.318534,1,1,4312.938,10.797
s35932,combined_wear_leveling,0.500000,combined,16,0.400000,691,0.747490,0.252510,2526657,0.251983,0.271932,0.000119,0.079167,0.271544,0.000114,133,-0.330773,1,1,5431.238,14.496
s35932,combined_wear_leveling,0.500000,combined,16,0.450000,778,0.772091,0.227909,3203628,0.252037,0.272126,0.000122,0.079710,0.271782,0.000118,158,-0.311356,1,1,6613.926,19.033
s35932,combined_wear_leveling,0.500000,combined,16,0.500000,864,0.796409,0.203591,3986371,0.254291,0.274691,0.000132,0.080225,0.274381,0.000128,192,-0.309098,1,1,7913.528,28.643
s35932,combined_wear_leveling,0.500000,combined,16,0.550000,950,0.820727,0.179273,4837862,0.255262,0.275890,0.000140,0.080808,0.275608,0.000136,207,-0.299619,1,1,8969.340,27.149
s35932,combined_wear_leveling,0.500000,combined,16,0.600000,1037,0.845327,0.154673,5780287,0.255960,0.276898,0.000151,0.081799,0.276639,0.000147,222,-0.293337,1,1,10256.402,32.700
s35932,combined_wear_leveling,0.500000,combined,16,0.650000,1123,0.869645,0.130355,6846991,0.258536,0.279778,0.000162,0.082162,0.279539,0.000157,230,-0.293458,0,0,11316.169,38.005
s35932,combined_wear_leveling,0.500000,combined,16,0.700000,1210,0.894246,0.105754,7925593,0.257776,0.279181,0.000166,0.083041,0.278960,0.000162,237,-0.272818,1,0,12390.387,43.171
s35932,combined_wear_leveling,0.500000,combined,16,0.750000,1296,0.918564,0.081436,9089617,0.257701,0.279248,0.000170,0.083610,0.279041,0.000166,245,-0.253243,1,1,13304.736,64.307
s35932,combined_wear_leveling,0.500000,combined,16,0.800000,1382,0.942881,0.057119,10390330,0.259056,0.280925,0.000169,0.084417,0.280128,0.000165,289,-0.233011,1,1,14127.741,58.052
s35932,combined_wear_leveling,0.500000,combined,16,0.850000,1469,0.963382,0.036618,12018809,0.265215,0.285747,0.000164,0.077414,0.285479,0.000161,289,-0.224826,1,1,14983.281,63.824
s35932,combined_wear_leveling,0.500000,combined,16,0.900000,1555,0.975541,0.024459,13711593,0.270027,0.290338,0.000159,0.075218,0.290086,0.000156,294,-0.222741,1,1,15502.371,72.793
s35932,combined_wear_leveling,0.500000,combined,16,0.950000,1642,0.987841,0.012159,15530157,0.274290,0.295313,0.000179,0.076646,0.295074,0.000176,303,-0.254732,1,1,15711.184,80.164
s35932,combined_wear_leveling,0.500000,combined,16,1.000000,1728,1.000000,0.000000,17333911,0.276433,0.297426,0.000175,0.075943,0.297199,0.000172,360,-0.243263,1,1,15861.018,115.013
s35932,combined_wear_leveling,0.750000,combined,16,0.050000,86,0.257599,0.742401,36604,0.235674,0.240864,0.000011,0.022019,0.237853,0.000007,7,-0.588961,0,0,92.502,0.271
s35932,combined_wear_leveling,0.750000,combined,16,0.100000,173,0.420896,0.579104,146002,0.232299,0.236994,0.000004,0.020212,0.235824,0.000003,20,-0.403456,0,0,380.761,0.915
s35932,combined_wear_leveling,0.750000,combined,16,0.150000,259,0.578962,0.421038,321961,0.228552,0.232028,0.000003,0.015210,0.231120,0.000003,58,-0.229116,1,1,836.460,1.904
s35932,combined_wear_leveling,0.750000,combined,16,0.200000,346,0.649936,0.350064,624997,0.248603,0.256813,0.000011,0.033023,0.256038,0.000009,46,-0.246450,1,0,1468.271,3.421
s35932,combined_wear_leveling,0.750000,combined,16,0.250000,432,0.674254,0.325746,972454,0.248132,0.261905,0.000037,0.055507,0.261285,0.000034,101,-0.266634,1,1,2261.821,6.482
s35932,combined_wear_leveling,0.750000,combined,16,0.300000,518,0.698572,0.301428,1414745,0.251073,0.268064,0.000070,0.067675,0.267547,0.000066,116,-0.303432,1,1,3207.410,8.184
s35932,combined_wear_leveling,0.750000,combined,16,0.350000,605,0.723173,0.276827,1930576,0.251164,0.269972,0.000096,0.074886,0.269530,0.000092,126,-0.318534,1,1,4262.560,10.936
s35932,combined_wear_leveling,0.750000,combined,16,0.400000,691,0.747490,0.252510,2526657,0.251983,0.271932,0.000119,0.079167,0.271544,0.000114,133,-0.330773,1,1,5372.209,14.481
s35932,combined_wear_leveling,0.750000,combined,16,0.450000,778,0.772091,0.227909,3203628,0.252037,0.272126,0.000122,0.079710,0.271782,0.000118,158,-0.311356,1,1,6565.433,18.051
s35932,combined_wear_leveling,0.750000,combined,16,0.500000,864,0.796409,0.203591,3986371,0.254291,0.274691,0.000132,0.080225,0.274381,0.000128,192,-0.309098,1,1,7750.276,29.953
s35932,combined_wear_leveling,0.750000,combined,16,0.550000,950,0.820727,0.179273,4837862,0.255262,0.275890,0.000140,0.080808,0.275608,0.000136,207,-0.299619,1,1,8983.379,28.185
s35932,combined_wear_leveling,0.750000,combined,16,0.600000,1037,0.845327,0.154673,5780287,0.255960,0.276898,0.000151,0.081799,0.276639,0.000147,222,-0.293337,1,1,10187.875,32.718
s35932,combined_wear_leveling,0.750000,combined,16,0.650000,1123,0.869645,0.130355,6846991,0.258536,0.279778,0.000162,0.082162,0.279539,0.000157,230,-0.293458,0,0,11238.089,39.363
s35932,combined_wear_leveling,0.750000,combined,16,0.700000,1210,0.894246,0.105754,7925593,0.257776,0.279181,0.000166,0.083041,0.278960,0.000162,237,-0.272818,1,0,12334.298,43.772
s35932,combined_wear_leveling,0.750000,combined,16,0.750000,1296,0.918564,0.081436,9089617,0.257701,0.279248,0.000170,0.083610,0.279041,0.000166,245,-0.253243,1,1,13307.429,64.106
s35932,combined_wear_leveling,0.750000,combined,16,0.800000,1382,0.942881,0.057119,10390330,0.259056,0.280925,0.000169,0.084417,0.280128,0.000165,289,-0.233011,1,1,14089.422,57.577
s35932,combined_wear_leveling,0.750000,combined,16,0.850000,1469,0.963382,0.036618,12018809,0.265215,0.285747,0.000164,0.077414,0.285479,0.000161,289,-0.224826,1,1,14756.559,64.089
s35932,combined_wear_leveling,0.750000,combined,16,0.900000,1555,0.975541,0.024459,13711593,0.270027,0.290338,0.000159,0.075218,0.290086,0.000156,294,-0.222741,1,1,15301.503,72.902
s35932,combined_wear_leveling,0.750000,combined,16,0.950000,1642,0.987841,0.012159,15530157,0.274290,0.295313,0.000179,0.076646,0.295074,0.000176,303,-0.254732,1,1,15635.849,81.062
s35932,combined_wear_leveling,0.750000,combined,16,1.000000,1728,1.000000,0.000000,17333911,0.276433,0.297426,0.000175,0.075943,0.297199,0.000172,360,-0.243263,1,1,15772.185,115.371
s35932,combined_wear_leveling,1.000000,combined,16,0.050000,86,0.257599,0.742401,36604,0.235674,0.240864,0.000011,0.022019,0.237853,0.000007,7,-0.588961,0,0,96.045,0.271
s35932,combined_wear_leveling,1.000000,combined,16,0.100000,173,0.420896,0.579104,146002,0.232299,0.236994,0.000004,0.020212,0.235824,0.000003,20,-0.403456,0,0,381.369,0.903
s35932,combined_wear_leveling,1.000000,combined,16,0.150000,259,0.578962,0.421038,321961,0.228552,0.232028,0.000003,0.015210,0.231120,0.000003,58,-0.229116,1,1,849.080,2.009
s35932,combined_wear_leveling,1.000000,combined,16,0.200000,346,0.649936,0.350064,624997,0.248603,0.256813,0.000011,0.033023,0.256038,0.000009,46,-0.246450,1,0,1479.590,3.505
s35932,combined_wear_leveling,1.000000,combined,16,0.250000,432,0.674254,0.325746,972454,0.248132,0.261905,0.000037,0.055507,0.261285,0.000034,101,-0.266634,1,1,2282.413,6.476
s35932,combined_wear_leveling,1.000000,combined,16,0.300000,518,0.698572,0.301428,1414745,0.251073,0.268064,0.000070,0.067675,0.267547,0.000066,116,-0.303432,1,1,3227.126,8.447
s35932,combined_wear_leveling,1.000000,combined,16,0.350000,605,0.723173,0.276827,1930576,0.251164,0.269972,0.000096,0.074886,0.269530,0.000092,126,-0.318534,1,1,4285.405,10.797
s35932,combined_wear_leveling,1.000000,combined,16,0.400000,691,0.747490,0.252510,2526657,0.251983,0.271932,0.000119,0.079167,0.271544,0.000114,133,-0.330773,1,1,5396.136,14.978
s35932,combined_wear_leveling,1.000000,combined,16,0.450000,778,0.772091,0.227909,3203628,0.252037,0.272126,0.000122,0.079710,0.271782,0.000118,158,-0.311356,1,1,6566.161,18.803
s35932,combined_wear_leveling,1.000000,combined,16,0.500000,864,0.796409,0.203591,3986371,0.254291,0.274691,0.000132,0.080225,0.274381,0.000128,192,-0.309098,1,1,7730.129,28.416
s35932,combined_wear_leveling,1.000000,combined,16,0.550000,950,0.820727,0.179273,4837862,0.255262,0.275890,0.000140,0.080808,0.275608,0.000136,207,-0.299619,1,1,8920.791,27.195
s35932,combined_wear_leveling,1.000000,combined,16,0.600000,1037,0.845327,0.154673,5780287,0.255960,0.276898,0.000151,0.081799,0.276639,0.000147,222,-0.293337,1,1,10114.274,31.662
s35932,combined_wear_leveling,1.000000,combined,16,0.650000,1123,0.869645,0.130355,6846991,0.258536,0.279778,0.000162,0.082162,0.279539,0.000157,230,-0.293458,0,0,11214.212,39.191
s35932,combined_wear_leveling,1.000000,combined,16,0.700000,1210,0.894246,0.105754,7925593,0.257776,0.279181,0.000166,0.083041,0.278960,0.000162,237,-0.272818,1,0,12262.594,44.499
s35932,combined_wear_leveling,1.000000,combined,16,0.750000,1296,0.918564,0.081436,9089617,0.257701,0.279248,0.000170,0.083610,0.279041,0.000166,245,-0.253243,1,1,13221.527,64.249
s35932,combined_wear_leveling,1.000000,combined,16,0.800000,1382,0.942881,0.057119,10390330,0.259056,0.280925,0.000169,0.084417,0.280128,0.000165,289,-0.233011,1,1,14101.559,57.172
s35932,combined_wear_leveling,1.000000,combined,16,0.850000,1469,0.963382,0.036618,12018809,0.265215,0.285747,0.000164,0.077414,0.285479,0.000161,289,-0.224826,1,1,14823.753,63.737
s35932,combined_wear_leveling,1.000000,combined,16,0.900000,1555,0.975541,0.024459,13711593,0.270027,0.290338,0.000159,0.075218,0.290086,0.000156,294,-0.222741,1,1,15352.577,74.213
s35932,combined_wear_leveling,1.000000,combined,16,0.950000,1642,0.987841,0.012159,15530157,0.274290,0.295313,0.000179,0.076646,0.295074,0.000176,303,-0.254732,1,1,15660.159,79.878
s35932,combined_wear_leveling,1.000000,combined,16,1.000000,1728,1.000000,0.000000,17333911,0.276433,0.297426,0.000175,0.075943,0.297199,0.000172,360,-0.243263,1,1,15814.084,114.992
s35932,co_wear,0.000000,combined,16,0.050000,86,0.257599,0.742401,36604,0.235674,0.240864,0.000011,0.022019,0.237853,0.000007,7,-0.588961,0,0,0.031,0.306
s35932,co_wear,0.000000,combined,16,0.100000,173,0.420896,0.579104,148187,0.235775,0.240297,0.000004,0.019178,0.239127,0.000003,19,-0.415153,0,0,0.020,0.974
s35932,co_wear,0.000000,combined,16,0.150000,259,0.578962,0.421038,322490,0.228927,0.232028,0.000002,0.013545,0.231120,0.000002,58,-0.228314,1,1,0.020,1.929
s35932,co_wear,0.000000,combined,16,0.200000,346,0.649936,0.350064,630046,0.250611,0.262455,0.000016,0.047260,0.261320,0.000012,36,-0.266785,1,1,0.021,3.548
s35932,co_wear,0.000000,combined,16,0.250000,432,0.674254,0.325746,1002386,0.255769,0.265763,0.000014,0.039073,0.264853,0.000012,75,-0.254270,1,1,0.026,5.814
s35932,co_wear,0.000000,combined,16,0.300000,518,0.698572,0.301428,1454114,0.258059,0.271281,0.000034,0.051237,0.270523,0.000032,116,-0.272190,1,1,0.022,8.341
s35932,co_wear,0.000000,combined,16,0.350000,605,0.723173,0.276827,2007375,0.261155,0.277607,0.000073,0.062998,0.276958,0.000070,140,-0.317822,0,0,0.029,11.344
s35932,co_wear,0.000000,combined,16,0.400000,691,0.747490,0.252510,2618895,0.261182,0.279305,0.000102,0.069391,0.278737,0.000098,164,-0.336173,0,0,0.029,14.825
s35932,co_wear,0.000000,combined,16,0.450000,778,0.772091,0.227909,3281719,0.258180,0.277207,0.000120,0.073694,0.276702,0.000117,181,-0.328206,1,1,0.031,18.742
s35932,co_wear,0.000000,combined,16,0.500000,864,0.796409,0.203591,4060781,0.259038,0.278053,0.000117,0.073409,0.277599,0.000114,192,-0.302377,1,1,0.026,22.901
s35932,co_wear,0.000000,combined,16,0.550000,950,0.820727,0.179273,4927173,0.259975,0.279348,0.000125,0.074521,0.278935,0.000122,231,-0.293502,0,0,0.032,27.607
s35932,co_wear,0.000000,combined,16,0.600000,1037,0.845327,0.154673,5854050,0.259227,0.278872,0.000132,0.075785,0.278493,0.000129,240,-0.276777,1,1,0.032,32.898
s35932,co_wear,0.000000,combined,16,0.650000,1123,0.869645,0.130355,6914400,0.261081,0.281092,0.000144,0.076647,0.280742,0.000140,245,-0.275197,1,1,0.033,38.638
s35932,co_wear,0.000000,combined,16,0.700000,1210,0.894246,0.105754,8081703,0.262853,0.283156,0.000152,0.077242,0.282832,0.000149,252,-0.269492,0,0,0.036,44.812
s35932,co_wear,0.000000,combined,16,0.750000,1296,0.918564,0.081436,9209822,0.261109,0.281636,0.000158,0.078614,0.281333,0.000155,257,-0.247987,1,1,0.036,52.241
s35932,co_wear,0.000000,combined,16,0.800000,1382,0.942881,0.057119,10500967,0.261815,0.282510,0.000162,0.079045,0.282226,0.000159,264,-0.231521,1,1,0.039,60.122
s35932,co_wear,0.000000,combined,16,0.850000,1469,0.963382,0.036618,12018809,0.265215,0.285747,0.000164,0.077414,0.285479,0.000161,289,-0.224826,1,1,0.040,67.561
s35932,co_wear,0.000000,combined,16,0.900000,1555,0.975541,0.024459,13711593,0.270027,0.290338,0.000159,0.075218,0.290086,0.000156,294,-0.222741,1,1,0.032,74.556
s35932,co_wear,0.000000,combined,16,0.950000,1642,0.987841,0.012159,15530157,0.274290,0.295313,0.000179,0.076646,0.295074,0.000176,303,-0.254732,1,1,0.041,84.887
s35932,co_wear,0.000000,combined,16,1.000000,1728,1.000000,0.000000,17333911,0.276433,0.297426,0.000175,0.075943,0.297199,0.000172,360,-0.243263,1,1,0.042,95.266
s35932,co_wear,0.250000,combined,16,0.050000,86,0.254206,0.745794,38469,0.247682,0.253045,0.000009,0.021654,0.251800,0.000007,19,-0.630748,0,0,0.050,0.303
s35932,co_wear,0.250000,combined,16,0.100000,173,0.420896,0.579104,146804,0.233575,0.240848,0.000016,0.031137,0.239076,0.000012,27,-0.426612,0,0,0.033,0.954
s35932,co_wear,0.250000,combined,16,0.150000,259,0.578962,0.421038,323837,0.229883,0.233499,0.000004,0.015727,0.232591,0.000004,51,-0.235151,1,1,0.034,1.990
s35932,co_wear,0.250000,combined,16,0.200000,346,0.648805,0.351195,605548,0.240867,0.246628,0.000037,0.023919,0.245949,0.000033,0,-0.248526,1,1,0.035,3.524
s35932,co_wear,0.250000,combined,16,0.250000,432,0.671144,0.328856,978331,0.249631,0.256834,0.000053,0.028854,0.256290,0.000051,0,-0.280953,1,1,0.044,6.066
s35932,co_wear,0.250000,combined,16,0.300000,518,0.693058,0.306942,1413619,0.250873,0.259974,0.000077,0.036279,0.259520,0.000074,0,-0.297486,1,1,0.037,8.701
s35932,co_wear,0.250000,combined,16,0.350000,605,0.714266,0.285734,1987059,0.258512,0.270602,0.000119,0.046768,0.270213,0.000116,99,-0.361917,1,0,0.047,11.927
s35932,co_wear,0.250000,combined,16,0.400000,691,0.737594,0.262406,2586365,0.257937,0.272207,0.000136,0.055323,0.271867,0.000132,194,-0.361141,1,1,0.049,15.070
s35932,co_wear,0.250000,combined,16,0.450000,778,0.757811,0.242189,3361196,0.264433,0.279594,0.000141,0.057333,0.279318,0.000137,214,-0.371606,0,0,0.051,19.293
s35932,co_wear,0.250000,combined,16,0.500000,864,0.781988,0.218012,4100379,0.261564,0.278439,0.000157,0.064518,0.278167,0.000153,215,-0.360710,1,1,0.051,23.774
s35932,co_wear,0.250000,combined,16,0.550000,950,0.802064,0.197936,5059170,0.266939,0.285414,0.000184,0.069207,0.285119,0.000180,236,-0.397193,0,0,0.044,28.689
s35932,co_wear,0.250000,combined,16,0.600000,1037,0.826806,0.173194,5984434,0.265000,0.283602,0.000185,0.070195,0.283358,0.000182,272,-0.367703,1,1,0.055,33.193
s35932,co_wear,0.250000,combined,16,0.650000,1123,0.847448,0.152552,7087945,0.267634,0.286944,0.000191,0.072150,0.286671,0.000188,260,-0.365068,0,0,0.053,39.484
s35932,co_wear,0.250000,combined,16,0.700000,1210,0.871342,0.128658,8171284,0.265767,0.285872,0.000194,0.075650,0.285594,0.000191,282,-0.339941,1,1,0.060,45.531
s35932,co_wear,0.250000,combined,16,0.750000,1296,0.891135,0.108865,9423995,0.267181,0.287809,0.000191,0.077204,0.287659,0.000188,247,-0.322221,1,1,0.061,53.338
s35932,co_wear,0.250000,combined,16,0.800000,1382,0.915595,0.084405,10735544,0.267663,0.289160,0.000190,0.080313,0.288945,0.000186,296,-0.298855,1,0,0.063,58.795
s35932,co_wear,0.250000,combined,16,0.850000,1469,0.935812,0.064188,12126102,0.267583,0.290317,0.000188,0.084962,0.290135,0.000184,299,-0.278216,1,1,0.058,65.016
s35932,co_wear,0.250000,combined,16,0.900000,1555,0.958009,0.041991,13713941,0.270074,0.291839,0.000183,0.080590,0.291724,0.000179,305,-0.256051,1,1,0.061,73.007
s35932,co_wear,0.250000,combined,16,0.950000,1642,0.980206,0.019794,15366854,0.271406,0.292703,0.000178,0.078471,0.292549,0.000176,340,-0.232351,1,1,0.063,81.237
s35932,co_wear,0.250000,combined,16,1.000000,1728,1.000000,0.000000,17333911,0.276433,0.297426,0.000175,0.075943,0.297199,0.000172,360,-0.224713,1,1,0.068,90.636
s35932,co_wear,0.500000,combined,16,0.050000,86,0.242330,0.757670,36721,0.236428,0.243079,0.000010,0.028131,0.241175,0.000006,16,-0.606800,0,0,0.047,0.281
s35932,co_wear,0.500000,combined,16,0.100000,173,0.420896,0.579104,146804,0.233575,0.240848,0.000016,0.031137,0.239076,0.000012,27,-0.426026,0,0,0.033,0.915
s35932,co_wear,0.500000,combined,16,0.150000,259,0.543192,0.456808,328066,0.232885,0.237911,0.000019,0.021581,0.237004,0.000017,0,-0.302042,1,1,0.034,1.954
s35932,co_wear,0.500000,combined,16,0.200000,346,0.571752,0.428248,616925,0.245392,0.252959,0.000059,0.030835,0.252279,0.000054,0,-0.370655,1,1,0.034,3.561
s35932,co_wear,0.500000,combined,16,0.250000,432,0.629719,0.370281,993323,0.253457,0.261905,0.000069,0.033332,0.261361,0.000066,0,-0.355828,1,1,0.037,5.791
s35932,co_wear,0.500000,combined,16,0.300000,518,0.654036,0.345964,1435051,0.254676,0.264938,0.000092,0.040295,0.264485,0.000088,46,-0.366702,1,1,0.046,8.351
s35932,co_wear,0.500000,combined,16,0.350000,605,0.702248,0.297752,1988067,0.258643,0.271232,0.000118,0.048672,0.270843,0.000114,134,-0.368984,1,1,0.048,11.369
s35932,co_wear,0.500000,combined,16,0.400000,691,0.735332,0.264668,2623757,0.261667,0.275515,0.000129,0.052924,0.275175,0.000126,192,-0.362606,1,1,0.048,14.868
s35932,co_wear,0.500000,combined,16,0.450000,778,0.757670,0.242330,3358724,0.264238,0.279594,0.000142,0.058111,0.279291,0.000139,212,-0.367904,1,1,0.051,18.780
s35932,co_wear,0.500000,combined,16,0.500000,864,0.778171,0.221829,4166501,0.265781,0.283069,0.000167,0.065043,0.282797,0.000163,237,-0.386876,1,1,0.055,23.842
s35932,co_wear,0.500000,combined,16,0.550000,950,0.801923,0.198077,5056231,0.266784,0.285013,0.000182,0.068325,0.284771,0.000178,238,-0.387101,1,0,0.056,27.722
s35932,co_wear,0.500000,combined,16,0.600000,1037,0.822847,0.177153,6012447,0.266241,0.286541,0.000200,0.076247,0.286317,0.000196,254,-0.390418,1,1,0.055,33.179
s35932,co_wear,0.500000,combined,16,0.650000,1123,0.846458,0.153542,7095319,0.267913,0.287241,0.000195,0.072144,0.287010,0.000191,258,-0.364397,1,0,0.058,39.092
s35932,co_wear,0.500000,combined,16,0.700000,1210,0.867100,0.132900,8235665,0.267860,0.287839,0.000193,0.074587,0.287598,0.000190,297,-0.342353,0,0,0.061,44.984
s35932,co_wear,0.500000,combined,16,0.750000,1296,0.891135,0.108865,9423995,0.267181,0.287809,0.000191,0.077204,0.287659,0.000188,247,-0.315053,1,0,0.062,51.746
s35932,co_wear,0.500000,combined,16,0.800000,1382,0.910929,0.089071,10710984,0.267051,0.288712,0.000190,0.081112,0.288572,0.000186,296,-0.294822,1,1,0.062,59.271
s35932,co_wear,0.500000,combined,16,0.850000,1469,0.934681,0.065319,12165805,0.268459,0.290966,0.000187,0.083837,0.290763,0.000183,306,-0.273345,1,1,0.066,68.150
s35932,co_wear,0.500000,combined,16,0.900000,1555,0.955464,0.044536,13725866,0.270308,0.292023,0.000182,0.080331,0.291831,0.000179,306,-0.251966,1,1,0.068,74.285
s35932,co_wear,0.500000,combined,16,0.950000,1642,0.980206,0.019794,15366854,0.271406,0.292703,0.000178,0.078471,0.292549,0.000176,340,-0.225667,1,1,0.069,82.478
s35932,co_wear,0.500000,combined,16,1.000000,1728,1.000000,0.000000,17333911,0.276433,0.297426,0.000175,0.075943,0.297199,0.000172,360,-0.218171,1,1,0.069,91.815
s35932,co_wear,0.750000,combined,16,0.050000,86,0.237240,0.762760,36321,0.233852,0.241971,0.000016,0.034718,0.239964,0.000012,15,-0.612866,1,1,0.048,0.300
s35932,co_wear,0.750000,combined,16,0.100000,173,0.372543,0.627457,151780,0.241492,0.251032,0.000056,0.039505,0.249518,0.000050,27,-0.555653,1,1,0.033,0.935
s35932,co_wear,0.750000,combined,16,0.150000,259,0.406475,0.593525,361844,0.256864,0.269535,0.000118,0.049331,0.268707,0.000111,47,-0.659074,1,0,0.034,2.068
s35932,co_wear,0.750000,combined,16,0.200000,346,0.474198,0.525802,646325,0.257087,0.270713,0.000119,0.053003,0.269371,0.000111,74,-0.593922,1,0,0.035,3.565
s35932,co_wear,0.750000,combined,16,0.250000,432,0.528913,0.471087,1014004,0.258734,0.272817,0.000110,0.054434,0.272108,0.000104,105,-0.534931,0,0,0.037,5.846
s35932,co_wear,0.750000,combined,16,0.300000,518,0.579669,0.420331,1442625,0.256020,0.270730,0.000136,0.057454,0.270138,0.000130,156,-0.507794,1,1,0.046,8.359
s35932,co_wear,0.750000,combined,16,0.350000,605,0.638909,0.361091,1997117,0.259821,0.274223,0.000135,0.055431,0.273834,0.000131,150,-0.461108,1,1,0.047,11.348
s35932,co_wear,0.750000,combined,16,0.400000,691,0.659975,0.340025,2624309,0.261722,0.278547,0.000152,0.064289,0.278207,0.000148,158,-0.471827,1,1,0.051,14.778
s35932,co_wear,0.750000,combined,16,0.450000,778,0.719355,0.280645,3394061,0.267018,0.284613,0.000164,0.065891,0.284310,0.000160,195,-0.446359,0,0,0.052,19.167
s35932,co_wear,0.750000,combined,16,0.500000,864,0.741835,0.258165,4166207,0.265763,0.284502,0.000181,0.070510,0.284230,0.000177,216,-0.443045,1,1,0.053,23.483
s35932,co_wear,0.750000,combined,16,0.550000,950,0.801923,0.198077,5056231,0.266784,0.285013,0.000182,0.068325,0.284771,0.000178,238,-0.386931,1,0,0.055,28.462
s35932,co_wear,0.750000,combined,16,0.600000,1037,0.822141,0.177859,6020913,0.266616,0.286816,0.000200,0.075767,0.286633,0.000196,254,-0.392266,1,1,0.055,32.975
s35932,co_wear,0.750000,combined,16,0.650000,1123,0.846458,0.153542,7095319,0.267913,0.287241,0.000195,0.072144,0.287010,0.000191,258,-0.364216,1,0,0.058,38.834
s35932,co_wear,0.750000,combined,16,0.700000,1210,0.866676,0.133324,8229635,0.267664,0.287800,0.000194,0.075228,0.287581,0.000191,281,-0.344023,1,0,0.058,45.071
s35932,co_wear,0.750000,combined,16,0.750000,1296,0.889156,0.110844,9441393,0.267674,0.288176,0.000190,0.076592,0.288027,0.000187,250,-0.317323,1,0,0.060,51.401
s35932,co_wear,0.750000,combined,16,0.800000,1382,0.910929,0.089071,10710984,0.267051,0.288712,0.000190,0.081112,0.288572,0.000186,296,-0.294645,1,1,0.061,59.063
s35932,co_wear,0.750000,combined,16,0.850000,1469,0.932419,0.067581,12203321,0.269287,0.291290,0.000186,0.081708,0.291087,0.000183,309,-0.276642,1,1,0.067,66.744
s35932,co_wear,0.750000,combined,16,0.900000,1555,0.955464,0.044536,13725866,0.270308,0.292023,0.000182,0.080331,0.291831,0.000179,306,-0.251797,1,1,0.066,74.298
s35932,co_wear,0.750000,combined,16,0.950000,1642,0.978934,0.021066,15429535,0.272513,0.294153,0.000179,0.079411,0.293720,0.000176,340,-0.231475,1,1,0.067,84.564
s35932,co_wear,0.750000,combined,16,1.000000,1728,1.000000,0.000000,17333911,0.276433,0.297426,0.000175,0.075943,0.297199,0.000172,360,-0.218009,1,1,0.069,93.505
s35932,co_wear,1.000000,combined,16,0.050000,86,0.223102,0.776898,36372,0.234181,0.242525,0.000019,0.035632,0.240829,0.000015,17,-0.631274,1,1,0.048,0.290
s35932,co_wear,1.000000,combined,16,0.100000,173,0.300721,0.699279,160257,0.254980,0.269199,0.000093,0.055767,0.267083,0.000085,45,-0.726979,0,0,0.032,0.963
s35932,co_wear,1.000000,combined,16,0.150000,259,0.365050,0.634950,358993,0.254840,0.268064,0.000110,0.051892,0.267053,0.000101,46,-0.680281,1,1,0.033,2.045
s35932,co_wear,1.000000,combined,16,0.200000,346,0.395589,0.604411,670249,0.266603,0.282686,0.000144,0.060328,0.281930,0.000136,80,-0.738010,0,0,0.034,3.561
s35932,co_wear,1.000000,combined,16,0.250000,432,0.458363,0.541637,1016560,0.259386,0.275353,0.000140,0.061557,0.274864,0.000133,104,-0.645019,1,1,0.035,5.823
s35932,co_wear,1.000000,combined,16,0.300000,518,0.506433,0.493567,1477106,0.262140,0.280015,0.000164,0.068189,0.279636,0.000158,132,-0.639244,1,1,0.043,8.414
s35932,co_wear,1.000000,combined,16,0.350000,605,0.559169,0.440831,2047299,0.266349,0.282881,0.000147,0.062068,0.282492,0.000142,125,-0.578116,0,0,0.045,11.386
s35932,co_wear,1.000000,combined,16,0.400000,691,0.624205,0.375795,2647841,0.264068,0.282475,0.000162,0.069705,0.282032,0.000156,154,-0.525692,1,1,0.047,14.777
s35932,co_wear,1.000000,combined,16,0.450000,778,0.680334,0.319666,3395589,0.267139,0.287061,0.000185,0.074576,0.286759,0.000180,184,-0.511630,0,0,0.049,18.495
s35932,co_wear,1.000000,combined,16,0.500000,864,0.712286,0.287714,4152528,0.264890,0.285273,0.000194,0.076950,0.285001,0.000189,205,-0.482936,1,1,0.050,22.668
s35932,co_wear,1.000000,combined,16,0.550000,950,0.763467,0.236533,5083439,0.268220,0.287368,0.000190,0.071391,0.287187,0.000186,230,-0.437128,0,0,0.051,27.459
s35932,co_wear,1.000000,combined,16,0.600000,1037,0.803478,0.196522,6013100,0.266270,0.287092,0.000205,0.078200,0.286816,0.000201,248,-0.410766,1,1,0.053,32.653
s35932,co_wear,1.000000,combined,16,0.650000,1123,0.846458,0.153542,7095319,0.267913,0.287241,0.000195,0.072144,0.287010,0.000191,258,-0.358907,1,0,0.056,38.281
s35932,co_wear,1.000000,combined,16,0.700000,1210,0.866676,0.133324,8229635,0.267664,0.287800,0.000194,0.075228,0.287581,0.000191,281,-0.338725,1,0,0.059,44.130
s35932,co_wear,1.000000,combined,16,0.750000,1296,0.888025,0.111975,9456927,0.268115,0.288470,0.000190,0.075920,0.288321,0.000187,250,-0.314492,1,0,0.059,52.230
s35932,co_wear,1.000000,combined,16,0.800000,1382,0.910929,0.089071,10710984,0.267051,0.288712,0.000190,0.081112,0.288572,0.000186,296,-0.289468,1,1,0.061,59.480
s35932,co_wear,1.000000,combined,16,0.850000,1469,0.931571,0.068429,12229167,0.269857,0.291614,0.000185,0.080623,0.291411,0.000182,310,-0.273323,1,1,0.064,65.574
s35932,co_wear,1.000000,combined,16,0.900000,1555,0.955464,0.044536,13725866,0.270308,0.292023,0.000182,0.080331,0.291831,0.000179,306,-0.246833,1,1,0.064,74.325
s35932,co_wear,1.000000,combined,16,0.950000,1642,0.976955,0.023045,15486860,0.273525,0.295284,0.000180,0.079550,0.295049,0.000177,339,-0.233643,1,1,0.065,83.390
s35932,co_wear,1.000000,combined,16,1.000000,1728,1.000000,0.000000,17333911,0.276433,0.297426,0.000175,0.075943,0.297199,0.000172,360,-0.213251,1,1,0.068,91.840
s35932,co_wear_leveling,0.000000,combined,16,0.050000,86,0.257599,0.742401,36604,0.235674,0.240864,0.000011,0.022019,0.237853,0.000007,7,-0.588961,0,0,97.345,0.279
s35932,co_wear_leveling,0.000000,combined,16,0.100000,173,0.420896,0.579104,148187,0.235775,0.240297,0.000004,0.019178,0.239127,0.000003,19,-0.415153,0,0,387.392,0.918
s35932,co_wear_leveling,0.000000,combined,16,0.150000,259,0.578962,0.421038,322490,0.228927,0.232028,0.000002,0.013545,0.231120,0.000002,58,-0.228314,1,1,847.315,1.919
s35932,co_wear_leveling,0.000000,combined,16,0.200000,346,0.649936,0.350064,630046,0.250611,0.262455,0.000016,0.047260,0.261320,0.000012,36,-0.266785,1,1,1473.253,3.519
s35932,co_wear_leveling,0.000000,combined,16,0.250000,432,0.674254,0.325746,1002386,0.255769,0.265763,0.000014,0.039073,0.264853,0.000012,75,-0.254270,1,1,2267.601,5.598
s35932,co_wear_leveling,0.000000,combined,16,0.300000,518,0.698572,0.301428,1454114,0.258059,0.271281,0.000034,0.051237,0.270523,0.000032,116,-0.272190,1,1,3189.893,9.989
s35932,co_wear_leveling,0.000000,combined,16,0.350000,605,0.723173,0.276827,2007375,0.261155,0.277607,0.000073,0.062998,0.276958,0.000070,140,-0.317822,0,0,4221.368,11.026
s35932,co_wear_leveling,0.000000,combined,16,0.400000,691,0.747490,0.252510,2618895,0.261182,0.279305,0.000102,0.069391,0.278737,0.000098,164,-0.336173,0,0,5328.160,18.030
s35932,co_wear_leveling,0.000000,combined,16,0.450000,778,0.772091,0.227909,3281719,0.258180,0.277207,0.000120,0.073694,0.276702,0.000117,181,-0.328206,1,1,6505.553,18.474
s35932,co_wear_leveling,0.000000,combined,16,0.500000,864,0.796409,0.203591,4060781,0.259038,0.278053,0.000117,0.073409,0.277599,0.000114,192,-0.302377,1,1,7663.266,22.349
s35932,co_wear_leveling,0.000000,combined,16,0.550000,950,0.820727,0.179273,4927173,0.259975,0.279348,0.000125,0.074521,0.278935,0.000122,231,-0.293502,0,0,8823.724,34.250
s35932,co_wear_leveling,0.000000,combined,16,0.600000,1037,0.845327,0.154673,5854050,0.259227,0.278872,0.000132,0.075785,0.278493,0.000129,240,-0.276777,1,1,10026.036,31.625
s35932,co_wear_leveling,0.000000,combined,16,0.650000,1123,0.869645,0.130355,6914400,0.261081,0.281092,0.000144,0.076647,0.280742,0.000140,245,-0.275197,1,1,11087.373,48.177
s35932,co_wear_leveling,0.000000,combined,16,0.700000,1210,0.894246,0.105754,8081703,0.262853,0.283156,0.000152,0.077242,0.282832,0.000149,252,-0.269492,0,0,12237.369,43.917
s35932,co_wear_leveling,0.000000,combined,16,0.750000,1296,0.918564,0.081436,9209822,0.261109,0.281636,0.000158,0.078614,0.281333,0.000155,257,-0.247987,1,1,13266.660,49.488
s35932,co_wear_leveling,0.000000,combined,16,0.800000,1382,0.942881,0.057119,10500967,0.261815,0.282510,0.000162,0.079045,0.282226,0.000159,264,-0.231521,1,1,13930.681,72.711
s35932,co_wear_leveling,0.000000,combined,16,0.850000,1469,0.963382,0.036618,12018809,0.265215,0.285747,0.000164,0.077414,0.285479,0.000161,289,-0.224826,1,1,14637.839,63.769
s35932,co_wear_leveling,0.000000,combined,16,0.900000,1555,0.975541,0.024459,13711593,0.270027,0.290338,0.000159,0.075218,0.290086,0.000156,294,-0.222741,1,1,15152.540,92.951
s35932,co_wear_leveling,0.000000,combined,16,0.950000,1642,0.987841,0.012159,15530157,0.274290,0.295313,0.000179,0.076646,0.295074,0.000176,303,-0.254732,1,1,15574.840,82.574
s35932,co_wear_leveling,0.000000,combined,16,1.000000,1728,1.000000,0.000000,17333911,0.276433,0.297426,0.000175,0.075943,0.297199,0.000172,360,-0.243263,1,1,15663.786,88.609
s35932,co_wear_leveling,0.250000,combined,16,0.050000,86,0.257599,0.742401,36604,0.235674,0.240864,0.000011,0.022019,0.237853,0.000007,7,-0.588961,0,0,93.091,0.271
s35932,co_wear_leveling,0.250000,combined,16,0.100000,173,0.420896,0.579104,146002,0.232299,0.236994,0.000004,0.020212,0.235824,0.000003,20,-0.403456,0,0,377.419,0.904
s35932,co_wear_leveling,0.250000,combined,16,0.150000,259,0.578962,0.421038,321961,0.228552,0.232028,0.000003,0.015210,0.231120,0.000003,58,-0.229116,1,1,838.088,1.873
s35932,co_wear_leveling,0.250000,combined,16,0.200000,346,0.649936,0.350064,624997,0.248603,0.256813,0.000011,0.033023,0.256038,0.000009,46,-0.246450,1,0,1472.598,3.461
s35932,co_wear_leveling,0.250000,combined,16,0.250000,432,0.674254,0.325746,972454,0.248132,0.261905,0.000037,0.055507,0.261285,0.000034,101,-0.266634,1,1,2271.647,5.471
s35932,co_wear_leveling,0.250000,combined,16,0.300000,518,0.698572,0.301428,1414745,0.251073,0.268064,0.000070,0.067675,0.267547,0.000066,116,-0.303432,1,1,3217.111,9.872
s35932,co_wear_leveling,0.250000,combined,16,0.350000,605,0.723173,0.276827,1930576,0.251164,0.269972,0.000096,0.074886,0.269530,0.000092,126,-0.318534,1,1,4251.577,10.846
s35932,co_wear_leveling,0.250000,combined,16,0.400000,691,0.747490,0.252510,2526657,0.251983,0.271932,0.000119,0.079167,0.271544,0.000114,133,-0.330773,1,1,5414.796,18.127
s35932,co_wear_leveling,0.250000,combined,16,0.450000,778,0.772091,0.227909,3203628,0.252037,0.272126,0.000122,0.079710,0.271782,0.000118,158,-0.311356,1,1,6578.011,18.240
s35932,co_wear_leveling,0.250000,combined,16,0.500000,864,0.796409,0.203591,3986371,0.254291,0.274691,0.000132,0.080225,0.274381,0.000128,192,-0.309098,1,1,7796.325,23.290
s35932,co_wear_leveling,0.250000,combined,16,0.550000,950,0.820727,0.179273,4837862,0.255262,0.275890,0.000140,0.080808,0.275608,0.000136,207,-0.299619,1,1,9129.486,34.300
s35932,co_wear_leveling,0.250000,combined,16,0.600000,1037,0.845327,0.154673,5780287,0.255960,0.276898,0.000151,0.081799,0.276639,0.000147,222,-0.293337,1,1,10351.172,33.183
s35932,co_wear_leveling,0.250000,combined,16,0.650000,1123,0.869645,0.130355,6846991,0.258536,0.279778,0.000162,0.082162,0.279539,0.000157,230,-0.293458,0,0,11548.097,50.307
s35932,co_wear_leveling,0.250000,combined,16,0.700000,1210,0.894246,0.105754,7925593,0.257776,0.279181,0.000166,0.083041,0.278960,0.000162,237,-0.272818,1,0,12620.509,45.098
s35932,co_wear_leveling,0.250000,combined,16,0.750000,1296,0.918564,0.081436,9089617,0.257701,0.279248,0.000170,0.083610,0.279041,0.000166,245,-0.253243,1,1,13655.904,49.802
s35932,co_wear_leveling,0.250000,combined,16,0.800000,1382,0.942881,0.057119,10390330,0.259056,0.280925,0.000169,0.084417,0.280128,0.000165,289,-0.233011,1,1,14277.065,76.440
s35932,co_wear_leveling,0.250000,combined,16,0.850000,1469,0.963382,0.036618,12018809,0.265215,0.285747,0.000164,0.077414,0.285479,0.000161,289,-0.224826,1,1,15259.249,66.838
s35932,co_wear_leveling,0.250000,combined,16,0.900000,1555,0.975541,0.024459,13711593,0.270027,0.290338,0.000159,0.075218,0.290086,0.000156,294,-0.222741,1,1,15802.926,97.128
s35932,co_wear_leveling,0.250000,combined,16,0.950000,1642,0.987841,0.012159,15530157,0.274290,0.295313,0.000179,0.076646,0.295074,0.000176,303,-0.254732,1,1,15768.197,81.202
s35932,co_wear_leveling,0.250000,combined,16,1.000000,1728,1.000000,0.000000,17333911,0.276433,0.297426,0.000175,0.075943,0.297199,0.000172,360,-0.243263,1,1,15690.579,88.937
s35932,co_wear_leveling,0.500000,combined,16,0.050000,86,0.257599,0.742401,36604,0.235674,0.240864,0.000011,0.022019,0.237853,0.000007,7,-0.588961,0,0,95.693,0.276
s35932,co_wear_leveling,0.500000,combined,16,0.100000,173,0.420896,0.579104,146002,0.232299,0.236994,0.000004,0.020212,0.235824,0.000003,20,-0.403456,0,0,383.262,0.909
s35932,co_wear_leveling,0.500000,combined,16,0.150000,259,0.578962,0.421038,321961,0.228552,0.232028,0.000003,0.015210,0.231120,0.000003,58,-0.229116,1,1,837.321,1.915
s35932,co_wear_leveling,0.500000,combined,16,0.200000,346,0.649936,0.350064,624997,0.248603,0.256813,0.000011,0.033023,0.256038,0.000009,46,-0.246450,1,0,1477.529,3.636
s35932,co_wear_leveling,0.500000,combined,16,0.250000,432,0.674254,0.325746,972454,0.248132,0.261905,0.000037,0.055507,0.261285,0.000034,101,-0.266634,1,1,2295.887,5.533
s35932,co_wear_leveling,0.500000,combined,16,0.300000,518,0.698572,0.301428,1414745,0.251073,0.268064,0.000070,0.067675,0.267547,0.000066,116,-0.303432,1,1,3233.464,10.399
s35932,co_wear_leveling,0.500000,combined,16,0.350000,605,0.723173,0.276827,1930576,0.251164,0.269972,0.000096,0.074886,0.269530,0.000092,126,-0.318534,1,1,4267.459,11.143
s35932,co_wear_leveling,0.500000,combined,16,0.400000,691,0.747490,0.252510,2526657,0.251983,0.271932,0.000119,0.079167,0.271544,0.000114,133,-0.330773,1,1,5384.310,19.284
s35932,co_wear_leveling,0.500000,combined,16,0.450000,778,0.772091,0.227909,3203628,0.252037,0.272126,0.000122,0.079710,0.271782,0.000118,158,-0.311356,1,1,6501.317,18.578
s35932,co_wear_leveling,0.500000,combined,16,0.500000,864,0.796409,0.203591,3986371,0.254291,0.274691,0.000132,0.080225,0.274381,0.000128,192,-0.309098,1,1,7684.014,22.542
s35932,co_wear_leveling,0.500000,combined,16,0.550000,950,0.820727,0.179273,4837862,0.255262,0.275890,0.000140,0.080808,0.275608,0.000136,207,-0.299619,1,1,8932.998,34.642
s35932,co_wear_leveling,0.500000,combined,16,0.600000,1037,0.845327,0.154673,5780287,0.255960,0.276898,0.000151,0.081799,0.276639,0.000147,222,-0.293337,1,1,10094.187,32.320
s35932,co_wear_leveling,0.500000,combined,16,0.650000,1123,0.869645,0.130355,6846991,0.258536,0.279778,0.000162,0.082162,0.279539,0.000157,230,-0.293458,0,0,11208.611,48.815
s35932,co_wear_leveling,0.500000,combined,16,0.700000,1210,0.894246,0.105754,7925593,0.257776,0.279181,0.000166,0.083041,0.278960,0.000162,237,-0.272818,1,0,12238.747,44.738
s35932,co_wear_leveling,0.500000,combined,16,0.750000,1296,0.918564,0.081436,9089617,0.257701,0.279248,0.000170,0.083610,0.279041,0.000166,245,-0.253243,1,1,13216.843,51.111
s35932,co_wear_leveling,0.500000,combined,16,0.800000,1382,0.942881,0.057119,10390330,0.259056,0.280925,0.000169,0.084417,0.280128,0.000165,289,-0.233011,1,1,14125.353,76.562
s35932,co_wear_leveling,0.500000,combined,16,0.850000,1469,0.963382,0.036618,12018809,0.265215,0.285747,0.000164,0.077414,0.285479,0.000161,289,-0.224826,1,1,14794.270,65.344
s35932,co_wear_leveling,0.500000,combined,16,0.900000,1555,0.975541,0.024459,13711593,0.270027,0.290338,0.000159,0.075218,0.290086,0.000156,294,-0.222741,1,1,15294.509,94.328
s35932,co_wear_leveling,0.500000,combined,16,0.950000,1642,0.987841,0.012159,15530157,0.274290,0.295313,0.000179,0.076646,0.295074,0.000176,303,-0.254732,1,1,15667.799,83.891
s35932,co_wear_leveling,0.500000,combined,16,1.000000,1728,1.000000,0.000000,17333911,0.276433,0.297426,0.000175,0.075943,0.297199,0.000172,360,-0.243263,1,1,15784.571,90.678
s35932,co_wear_leveling,0.750000,combined,16,0.050000,86,0.257599,0.742401,36604,0.235674,0.240864,0.000011,0.022019,0.237853,0.000007,7,-0.588961,0,0,94.852,0.266
s35932,co_wear_leveling,0.750000,combined,16,0.100000,173,0.420896,0.579104,146002,0.232299,0.236994,0.000004,0.020212,0.235824,0.000003,20,-0.403456,0,0,381.751,0.913
s35932,co_wear_leveling,0.750000,combined,16,0.150000,259,0.578962,0.421038,321961,0.228552,0.232028,0.000003,0.015210,0.231120,0.000003,58,-0.229116,1,1,846.273,1.900
s35932,co_wear_leveling,0.750000,combined,16,0.200000,346,0.649936,0.350064,624997,0.248603,0.256813,0.000011,0.033023,0.256038,0.000009,46,-0.246450,1,0,1472.134,3.654
s35932,co_wear_leveling,0.750000,combined,16,0.250000,432,0.674254,0.325746,972454,0.248132,0.261905,0.000037,0.055507,0.261285,0.000034,101,-0.266634,1,1,2281.201,5.615
s35932,co_wear_leveling,0.750000,combined,16,0.300000,518,0.698572,0.301428,1414745,0.251073,0.268064,0.000070,0.067675,0.267547,0.000066,116,-0.303432,1,1,3209.763,10.414
s35932,co_wear_leveling,0.750000,combined,16,0.350000,605,0.723173,0.276827,1930576,0.251164,0.269972,0.000096,0.074886,0.269530,0.000092,126,-0.318534,1,1,4248.018,11.113
s35932,co_wear_leveling,0.750000,combined,16,0.400000,691,0.747490,0.252510,2526657,0.251983,0.271932,0.000119,0.079167,0.271544,0.000114,133,-0.330773,1,1,5372.797,18.277
s35932,co_wear_leveling,0.750000,combined,16,0.450000,778,0.772091,0.227909,3203628,0.252037,0.272126,0.000122,0.079710,0.271782,0.000118,158,-0.311356,1,1,6519.827,18.979
s35932,co_wear_leveling,0.750000,combined,16,0.500000,864,0.796409,0.203591,3986371,0.254291,0.274691,0.000132,0.080225,0.274381,0.000128,192,-0.309098,1,1,7695.942,22.995
s35932,co_wear_leveling,0.750000,combined,16,0.550000,950,0.820727,0.179273,4837862,0.255262,0.275890,0.000140,0.080808,0.275608,0.000136,207,-0.299619,1,1,8905.202,34.854
s35932,co_wear_leveling,0.750000,combined,16,0.600000,1037,0.845327,0.154673,5780287,0.255960,0.276898,0.000151,0.081799,0.276639,0.000147,222,-0.293337,1,1,10153.916,32.167
s35932,co_wear_leveling,0.750000,combined,16,0.650000,1123,0.869645,0.130355,6846991,0.258536,0.279778,0.000162,0.082162,0.279539,0.000157,230,-0.293458,0,0,11197.209,48.848
s35932,co_wear_leveling,0.750000,combined,16,0.700000,1210,0.894246,0.105754,7925593,0.257776,0.279181,0.000166,0.083041,0.278960,0.000162,237,-0.272818,1,0,12305.461,45.736
s35932,co_wear_leveling,0.750000,combined,16,0.750000,1296,0.918564,0.081436,9089617,0.257701,0.279248,0.000170,0.083610,0.279041,0.000166,245,-0.253243,1,1,13220.868,50.666
s35932,co_wear_leveling,0.750000,combined,16,0.800000,1382,0.942881,0.057119,10390330,0.259056,0.280925,0.000169,0.084417,0.280128,0.000165,289,-0.233011,1,1,14054.165,74.074
s35932,co_wear_leveling,0.750000,combined,16,0.850000,1469,0.963382,0.036618,12018809,0.265215,0.285747,0.000164,0.077414,0.285479,0.000161,289,-0.224826,1,1,14771.626,64.836
s35932,co_wear_leveling,0.750000,combined,16,0.900000,1555,0.975541,0.024459,13711593,0.270027,0.290338,0.000159,0.075218,0.290086,0.000156,294,-0.222741,1,1,15259.571,96.440
s35932,co_wear_leveling,0.750000,combined,16,0.950000,1642,0.987841,0.012159,15530157,0.274290,0.295313,0.000179,0.076646,0.295074,0.000176,303,-0.254732,1,1,15613.358,83.364
s35932,co_wear_leveling,0.750000,combined,16,1.000000,1728,1.000000,0.000000,17333911,0.276433,0.297426,0.000175,0.075943,0.297199,0.000172,360,-0.243263,1,1,15759.061,91.005
s35932,co_wear_leveling,1.000000,combined,16,0.050000,86,0.257599,0.742401,36604,0.235674,0.240864,0.000011,0.022019,0.237853,0.000007,7,-0.588961,0,0,93.460,0.279
s35932,co_wear_leveling,1.000000,combined,16,0.100000,173,0.420896,0.579104,146002,0.232299,0.236994,0.000004,0.020212,0.235824,0.000003,20,-0.403456,0,0,383.526,0.956
s35932,co_wear_leveling,1.000000,combined,16,0.150000,259,0.578962,0.421038,321961,0.228552,0.232028,0.000003,0.015210,0.231120,0.000003,58,-0.229116,1,1,839.758,1.907
s35932,co_wear_leveling,1.000000,combined,16,0.200000,346,0.649936,0.350064,624997,0.248603,0.256813,0.000011,0.033023,0.256038,0.000009,46,-0.246450,1,0,1479.658,3.487
s35932,co_wear_leveling,1.000000,combined,16,0.250000,432,0.674254,0.325746,972454,0.248132,0.261905,0.000037,0.055507,0.261285,0.000034,101,-0.266634,1,1,2293.819,5.610
s35932,co_wear_leveling,1.000000,combined,16,0.300000,518,0.698572,0.301428,1414745,0.251073,0.268064,0.000070,0.067675,0.267547,0.000066,116,-0.303432,1,1,3233.906,10.032
s35932,co_wear_leveling,1.000000,combined,16,0.350000,605,0.723173,0.276827,1930576,0.251164,0.269972,0.000096,0.074886,0.269530,0.000092,126,-0.318534,1,1,4274.589,11.154
s35932,co_wear_leveling,1.000000,combined,16,0.400000,691,0.747490,0.252510,2526657,0.251983,0.271932,0.000119,0.079167,0.271544,0.000114,133,-0.330773,1,1,5367.741,18.144
s35932,co_wear_leveling,1.000000,combined,16,0.450000,778,0.772091,0.227909,3203628,0.252037,0.272126,0.000122,0.079710,0.271782,0.000118,158,-0.311356,1,1,6510.323,18.663
s35932,co_wear_leveling,1.000000,combined,16,0.500000,864,0.796409,0.203591,3986371,0.254291,0.274691,0.000132,0.080225,0.274381,0.000128,192,-0.309098,1,1,7698.709,23.084
s35932,co_wear_leveling,1.000000,combined,16,0.550000,950,0.820727,0.179273,4837862,0.255262,0.275890,0.000140,0.080808,0.275608,0.000136,207,-0.299619,1,1,8884.248,34.732
s35932,co_wear_leveling,1.000000,combined,16,0.600000,1037,0.845327,0.154673,5780287,0.255960,0.276898,0.000151,0.081799,0.276639,0.000147,222,-0.293337,1,1,10068.562,32.378
s35932,co_wear_leveling,1.000000,combined,16,0.650000,1123,0.869645,0.130355,6846991,0.258536,0.279778,0.000162,0.082162,0.279539,0.000157,230,-0.293458,0,0,11213.914,48.731
s35932,co_wear_leveling,1.000000,combined,16,0.700000,1210,0.894246,0.105754,7925593,0.257776,0.279181,0.000166,0.083041,0.278960,0.000162,237,-0.272818,1,0,12210.933,44.006
s35932,co_wear_leveling,1.000000,combined,16,0.750000,1296,0.918564,0.081436,9089617,0.257701,0.279248,0.000170,0.083610,0.279041,0.000166,245,-0.253243,1,1,13147.532,49.487
s35932,co_wear_leveling,1.000000,combined,16,0.800000,1382,0.942881,0.057119,10390330,0.259056,0.280925,0.000169,0.084417,0.280128,0.000165,289,-0.233011,1,1,13927.438,73.154
s35932,co_wear_leveling,1.000000,combined,16,0.850000,1469,0.963382,0.036618,12018809,0.265215,0.285747,0.000164,0.077414,0.285479,0.000161,289,-0.224826,1,1,14696.824,64.012
s35932,co_wear_leveling,1.000000,combined,16,0.900000,1555,0.975541,0.024459,13711593,0.270027,0.290338,0.000159,0.075218,0.290086,0.000156,294,-0.222741,1,1,15183.619,95.389
s35932,co_wear_leveling,1.000000,combined,16,0.950000,1642,0.987841,0.012159,15530157,0.274290,0.295313,0.000179,0.076646,0.295074,0.000176,303,-0.254732,1,1,15542.101,81.525
s35932,co_wear_leveling,1.000000,combined,16,1.000000,1728,1.000000,0.000000,17333911,0.276433,0.297426,0.000175,0.075943,0.297199,0.000172,360,-0.243263,1,1,15724.152,90.441
s35932,random,0.500000,combined,16,0.050000,86,0.052312,0.947688,55756,0.358984,0.389258,0.000307,0.084332,0.382856,0.000213,13,-1.197688,0,0,0.009,0.331
s35932,random,0.500000,combined,16,0.100000,173,0.107451,0.892549,207480,0.330115,0.348197,0.000062,0.054776,0.345875,0.000044,24,-0.850002,0,0,0.010,1.111
s35932,random,0.500000,combined,16,0.150000,259,0.168811,0.831189,430939,0.305912,0.320463,0.000058,0.047566,0.318165,0.000050,49,-0.715732,0,0,0.012,2.289
s35932,random,0.500000,combined,16,0.200000,346,0.220840,0.779160,749316,0.298053,0.315855,0.000100,0.059726,0.314427,0.000091,74,-0.681166,0,0,0.013,3.848
s35932,random,0.500000,combined,16,0.250000,432,0.272162,0.727838,1141757,0.291331,0.311618,0.000133,0.069636,0.310337,0.000124,83,-0.642182,0,0,0.018,6.180
s35932,random,0.500000,combined,16,0.300000,518,0.325746,0.674254,1657229,0.294106,0.314212,0.000145,0.068364,0.313672,0.000136,113,-0.605180,0,0,0.021,8.876
s35932,random,0.500000,combined,16,0.350000,605,0.383289,0.616711,2220244,0.288849,0.309248,0.000130,0.070623,0.308619,0.000123,127,-0.522283,0,0,0.024,11.949
s35932,random,0.500000,combined,16,0.400000,691,0.427541,0.572459,2867066,0.285932,0.308938,0.000161,0.080461,0.308387,0.000153,156,-0.498413,0,0,0.025,15.358
s35932,random,0.500000,combined,16,0.450000,778,0.476318,0.523682,3619068,0.284720,0.307871,0.000174,0.081312,0.307351,0.000167,176,-0.457362,0,0,0.028,19.653
s35932,random,0.500000,combined,16,0.500000,864,0.514068,0.485932,4464490,0.284790,0.308477,0.000175,0.083171,0.308180,0.000169,182,-0.421402,0,0,0.030,22.938
s35932,random,0.500000,combined,16,0.550000,950,0.569490,0.430510,5374169,0.283560,0.306316,0.000154,0.080251,0.305937,0.000148,170,-0.343848,0,0,0.035,28.115
s35932,random,0.500000,combined,16,0.600000,1037,0.624205,0.375795,6381712,0.282592,0.306149,0.000171,0.083358,0.305801,0.000165,180,-0.301638,0,0,0.033,32.641
s35932,random,0.500000,combined,16,0.650000,1123,0.655874,0.344126,7506492,0.283438,0.306619,0.000167,0.081785,0.306018,0.000162,196,-0.268465,0,0,0.036,38.390
s35932,random,0.500000,combined,16,0.700000,1210,0.709317,0.290683,8637478,0.280929,0.302834,0.000158,0.077971,0.302275,0.000155,209,-0.199885,0,0,0.038,44.593
s35932,random,0.500000,combined,16,0.750000,1296,0.758801,0.241199,9855125,0.279404,0.301477,0.000167,0.079000,0.300956,0.000163,222,-0.153617,0,0,0.041,50.568
s35932,random,0.500000,combined,16,0.800000,1382,0.800933,0.199067,11153220,0.278077,0.300083,0.000176,0.079136,0.299706,0.000172,242,-0.114999,0,0,0.044,57.400
s35932,random,0.500000,combined,16,0.850000,1469,0.850558,0.149442,12693247,0.280098,0.301339,0.000181,0.075834,0.301002,0.000178,270,-0.073792,0,0,0.045,64.849
s35932,random,0.500000,combined,16,0.900000,1555,0.903718,0.096282,14242600,0.280485,0.301485,0.000182,0.074872,0.301196,0.000179,305,-0.022060,0,0,0.049,76.583
s35932,random,0.500000,combined,16,0.950000,1642,0.950375,0.049625,15795252,0.278972,0.300128,0.000185,0.075833,0.299879,0.000182,346,0.025503,0,0,0.052,84.840
s35932,random,0.500000,combined,16,1.000000,1728,1.000000,0.000000,17333911,0.276433,0.297426,0.000175,0.075943,0.297199,0.000172,360,0.090916,1,1,0.055,89.969
s38417,co,0.500000,combined,16,0.050000,82,0.346618,0.653382,338847,0.479940,0.488037,0.000045,0.016872,0.487616,0.000032,16,-0.836133,0,0,0.064,2.445
s38417,co,0.500000,combined,16,0.100000,164,0.580031,0.419969,1368518,0.484589,0.494774,0.000033,0.021017,0.493768,0.000027,20,-0.563992,0,0,0.038,5.419
s38417,co,0.500000,combined,16,0.150000,245,0.686471,0.313529,3036462,0.481777,0.491273,0.000022,0.019710,0.490600,0.000019,36,-0.402637,0,0,0.040,10.987
s38417,co,0.500000,combined,16,0.200000,327,0.762638,0.237362,5436918,0.484248,0.491044,0.000010,0.014034,0.490540,0.000009,39,-0.278714,0,0,0.041,18.408
s38417,co,0.500000,combined,16,0.250000,409,0.821111,0.178889,8509379,0.484464,0.493492,0.000016,0.018633,0.492278,0.000014,51,-0.246358,0,0,0.043,27.614
s38417,co,0.500000,combined,16,0.300000,491,0.869980,0.130020,12224149,0.482910,0.490505,0.000008,0.015728,0.488888,0.000007,51,-0.158816,0,0,0.044,39.893
s38417,co,0.500000,combined,16,0.350000,573,0.904649,0.095351,16527205,0.479403,0.490285,0.000013,0.022699,0.488899,0.000012,56,-0.143718,0,0,0.045,53.570
s38417,co,0.500000,combined,16,0.400000,654,0.929939,0.070061,21367843,0.475791,0.486792,0.000015,0.023122,0.485578,0.000013,74,-0.116669,0,0,0.047,69.633
s38417,co,0.500000,combined,16,0.450000,736,0.947816,0.052184,26919889,0.473291,0.487836,0.000018,0.030732,0.486758,0.000016,78,-0.111675,0,0,0.048,88.693
s38417,co,0.500000,combined,16,0.500000,818,0.961495,0.038505,33365865,0.474905,0.490942,0.000024,0.033769,0.489483,0.000021,95,-0.128301,0,0,0.053,109.737
s38417,co,0.500000,combined,16,0.550000,900,0.971829,0.028171,40440323,0.475489,0.490868,0.000025,0.032343,0.489542,0.000022,104,-0.121591,0,0,0.054,130.417
s38417,co,0.500000,combined,16,0.600000,982,0.980964,0.019036,48265405,0.476676,0.490728,0.000023,0.029479,0.489325,0.000022,113,-0.108985,0,0,0.058,153.665
s38417,co,0.500000,combined,16,0.650000,1063,0.987224,0.012776,56492578,0.476141,0.490534,0.000030,0.030229,0.489238,0.000029,127,-0.132075,0,0,0.059,182.460
s38417,co,0.500000,combined,16,0.700000,1145,0.992065,0.007935,65424020,0.475266,0.490272,0.000046,0.031574,0.489631,0.000043,138,-0.193411,0,0,0.058,210.353
s38417,co,0.500000,combined,16,0.750000,1227,0.995961,0.004039,74408277,0.470699,0.484690,0.000053,0.029724,0.484149,0.000050,161,-0.208216,0,0,0.060,242.129
s38417,co,0.500000,combined,16,0.800000,1309,0.997880,0.002120,84719497,0.470885,0.485605,0.000057,0.031261,0.485120,0.000055,185,-0.228715,0,0,0.069,274.134
s38417,co,0.500000,combined,16,0.850000,1391,0.998545,0.001455,95562259,0.470374,0.485016,0.000053,0.031129,0.484518,0.000050,151,-0.206359,0,1,0.054,307.224
s38417,co,0.500000,combined,16,0.900000,1472,0.999026,0.000974,107427088,0.472181,0.484077,0.000034,0.025194,0.483607,0.000032,145,-0.124048,1,1,0.065,346.000
s38417,co,0.500000,combined,16,0.950000,1554,0.999513,0.000487,120037932,0.473399,0.485365,0.000037,0.025277,0.484919,0.000036,146,-0.141689,1,1,0.071,383.458
s38417,co,0.500000,combined,16,1.000000,1636,1.000000,0.000000,133742630,0.475898,0.487769,0.000037,0.024945,0.487346,0.000036,147,-0.145876,1,1,0.070,416.892
s38417,combined,0.500000,combined,16,0.050000,82,0.346618,0.653382,338847,0.479940,0.488037,0.000045,0.016872,0.487616,0.000032,16,-0.836133,0,0,0.040,1.674
s38417,combined,0.500000,combined,16,0.100000,164,0.580031,0.419969,1368518,0.484589,0.494774,0.000033,0.021017,0.493768,0.000027,20,-0.563992,0,0,0.033,5.203
s38417,combined,0.500000,combined,16,0.150000,245,0.686471,0.313529,3036462,0.481777,0.491273,0.000022,0.019710,0.490600,0.000019,36,-0.402637,0,0,0.040,10.953
s38417,combined,0.500000,combined,16,0.200000,327,0.762638,0.237362,5436918,0.484248,0.491044,0.000010,0.014034,0.490540,0.000009,39,-0.278714,0,0,0.041,18.307
s38417,combined,0.500000,combined,16,0.250000,409,0.821111,0.178889,8509379,0.484464,0.493492,0.000016,0.018633,0.492278,0.000014,51,-0.246358,0,0,0.045,27.914
s38417,combined,0.500000,combined,16,0.300000,491,0.869980,0.130020,12224149,0.482910,0.490505,0.000008,0.015728,0.488888,0.000007,51,-0.158816,0,0,0.044,40.012
s38417,combined,0.500000,combined,16,0.350000,573,0.904649,0.095351,16527205,0.479403,0.490285,0.000013,0.022699,0.488899,0.000012,56,-0.143718,0,0,0.046,54.250
s38417,combined,0.500000,combined,16,0.400000,654,0.929939,0.070061,21367843,0.475791,0.486792,0.000015,0.023122,0.485578,0.000013,74,-0.116669,0,0,0.047,69.799
s38417,combined,0.500000,combined,16,0.450000,736,0.947816,0.052184,26919889,0.473291,0.487836,0.000018,0.030732,0.486758,0.000016,78,-0.111675,0,0,0.049,87.222
s38417,combined,0.500000,combined,16,0.500000,818,0.961495,0.038505,33365865,0.474905,0.490942,0.000024,0.033769,0.489483,0.000021,95,-0.128301,0,0,0.052,108.128
s38417,combined,0.500000,combined,16,0.550000,900,0.971829,0.028171,40440323,0.475489,0.490868,0.000025,0.032343,0.489542,0.000022,104,-0.121591,0,0,0.058,128.305
s38417,combined,0.500000,combined,16,0.600000,982,0.980964,0.019036,48265405,0.476676,0.490728,0.000023,0.029479,0.489325,0.000022,113,-0.108985,0,0,0.056,153.058
s38417,combined,0.500000,combined,16,0.650000,1063,0.987224,0.012776,56492578,0.476141,0.490534,0.000030,0.030229,0.489238,0.000029,127,-0.132075,0,0,0.061,180.438
s38417,combined,0.500000,combined,16,0.700000,1145,0.992065,0.007935,65424020,0.475266,0.490272,0.000046,0.031574,0.489631,0.000043,138,-0.193411,0,0,0.061,209.600
s38417,combined,0.500000,combined,16,0.750000,1227,0.995961,0.004039,74408277,0.470699,0.484690,0.000053,0.029724,0.484149,0.000050,161,-0.208216,0,0,0.061,241.211
s38417,combined,0.500000,combined,16,0.800000,1309,0.997880,0.002120,84719497,0.470885,0.485605,0.000057,0.031261,0.485120,0.000055,185,-0.228715,0,0,0.068,272.349
s38417,combined,0.500000,combined,16,0.850000,1391,0.998545,0.001455,95562259,0.470374,0.485016,0.000053,0.031129,0.484518,0.000050,151,-0.206359,0,1,0.064,308.067
s38417,combined,0.500000,combined,16,0.900000,1472,0.999026,0.000974,107427088,0.472181,0.484077,0.000034,0.025194,0.483607,0.000032,145,-0.124048,1,1,0.067,345.344
s38417,combined,0.500000,combined,16,0.950000,1554,0.999513,0.000487,120037932,0.473399,0.485365,0.000037,0.025277,0.484919,0.000036,146,-0.141689,1,1,0.068,384.889
s38417,combined,0.500000,combined,16,1.000000,1636,1.000000,0.000000,133742630,0.475898,0.487769,0.000037,0.024945,0.487346,0.000036,147,-0.145876,1,1,0.072,427.520
s38417,combined_wear,0.000000,combined,16,0.050000,82,0.346618,0.653382,338847,0.479940,0.488037,0.000045,0.016872,0.487616,0.000032,16,-0.836133,0,0,0.056,1.788
s38417,combined_wear,0.000000,combined,16,0.100000,164,0.580031,0.419969,1368518,0.484589,0.494774,0.000033,0.021017,0.493768,0.000027,20,-0.563992,0,0,0.037,5.419
s38417,combined_wear,0.000000,combined,16,0.150000,245,0.686471,0.313529,3036462,0.481777,0.491273,0.000022,0.019710,0.490600,0.000019,36,-0.402637,0,0,0.037,11.295
s38417,combined_wear,0.000000,combined,16,0.200000,327,0.762638,0.237362,5436918,0.484248,0.491044,0.000010,0.014034,0.490540,0.000009,39,-0.278714,0,0,0.047,19.485
s38417,combined_wear,0.000000,combined,16,0.250000,409,0.821111,0.178889,8509379,0.484464,0.493492,0.000016,0.018633,0.492278,0.000014,51,-0.246358,0,0,0.067,27.309
s38417,combined_wear,0.000000,combined,16,0.300000,491,0.869980,0.130020,12224149,0.482910,0.490505,0.000008,0.015728,0.488888,0.000007,51,-0.158816,0,0,0.046,39.537
s38417,combined_wear,0.000000,combined,16,0.350000,573,0.904649,0.095351,16527205,0.479403,0.490285,0.000013,0.022699,0.488899,0.000012,56,-0.143718,0,0,0.050,52.278
s38417,combined_wear,0.000000,combined,16,0.400000,654,0.929939,0.070061,21367843,0.475791,0.486792,0.000015,0.023122,0.485578,0.000013,74,-0.116669,0,0,0.051,67.783
s38417,combined_wear,0.000000,combined,16,0.450000,736,0.947816,0.052184,26919889,0.473291,0.487836,0.000018,0.030732,0.486758,0.000016,78,-0.111675,0,0,0.052,84.866
s38417,combined_wear,0.000000,combined,16,0.500000,818,0.961495,0.038505,33365865,0.474905,0.490942,0.000024,0.033769,0.489483,0.000021,95,-0.128301,0,0,0.053,106.089
s38417,combined_wear,0.000000,combined,16,0.550000,900,0.971829,0.028171,40440323,0.475489,0.490868,0.000025,0.032343,0.489542,0.000022,104,-0.121591,0,0,0.047,126.409
s38417,combined_wear,0.000000,combined,16,0.600000,982,0.980964,0.019036,48265405,0.476676,0.490728,0.000023,0.029479,0.489325,0.000022,113,-0.108985,0,0,0.058,149.721
s38417,combined_wear,0.000000,combined,16,0.650000,1063,0.987224,0.012776,56492578,0.476141,0.490534,0.000030,0.030229,0.489238,0.000029,127,-0.132075,0,0,0.060,175.319
s38417,combined_wear,0.000000,combined,16,0.700000,1145,0.992065,0.007935,65424020,0.475266,0.490272,0.000046,0.031574,0.489631,0.000043,138,-0.193411,0,0,0.062,204.188
s38417,combined_wear,0.000000,combined,16,0.750000,1227,0.995961,0.004039,74408277,0.470699,0.484690,0.000053,0.029724,0.484149,0.000050,161,-0.208216,0,0,0.067,233.349
s38417,combined_wear,0.000000,combined,16,0.800000,1309,0.997880,0.002120,84719497,0.470885,0.485605,0.000057,0.031261,0.485120,0.000055,185,-0.228715,0,0,0.065,263.063
s38417,combined_wear,0.000000,combined,16,0.850000,1391,0.998545,0.001455,95562259,0.470374,0.485016,0.000053,0.031129,0.484518,0.000050,151,-0.206359,0,1,0.067,296.013
s38417,combined_wear,0.000000,combined,16,0.900000,1472,0.999026,0.000974,107427088,0.472181,0.484077,0.000034,0.025194,0.483607,0.000032,145,-0.124048,1,1,0.069,331.750
s38417,combined_wear,0.000000,combined,16,0.950000,1554,0.999513,0.000487,120037932,0.473399,0.485365,0.000037,0.025277,0.484919,0.000036,146,-0.141689,1,1,0.071,373.347
s38417,combined_wear,0.000000,combined,16,1.000000,1636,1.000000,0.000000,133742630,0.475898,0.487769,0.000037,0.024945,0.487346,0.000036,147,-0.145876,1,1,0.072,409.722
s38417,combined_wear,0.250000,combined,16,0.050000,82,0.346594,0.653406,339291,0.480569,0.489431,0.000052,0.018441,0.489010,0.000038,16,-0.843237,0,0,0.059,1.593
s38417,combined_wear,0.250000,combined,16,0.100000,164,0.577946,0.422054,1367504,0.484230,0.494657,0.000036,0.021534,0.493652,0.000030,20,-0.556228,0,0,0.042,4.959
s38417,combined_wear,0.250000,combined,16,0.150000,245,0.684475,0.315525,3040705,0.482451,0.491740,0.000020,0.019254,0.491067,0.000017,36,-0.383483,0,0,0.041,10.270
s38417,combined_wear,0.250000,combined,16,0.200000,327,0.755528,0.244472,5438576,0.484396,0.492675,0.000016,0.017092,0.492171,0.000015,66,-0.301479,0,0,0.050,17.905
s38417,combined_wear,0.250000,combined,16,0.250000,409,0.802022,0.197978,8572314,0.488048,0.494726,0.000013,0.013684,0.494323,0.000011,43,-0.247574,0,0,0.052,27.668
s38417,combined_wear,0.250000,combined,16,0.300000,491,0.836161,0.163839,12317954,0.486616,0.494229,0.000031,0.015646,0.493894,0.000026,36,-0.279886,0,0,0.059,40.333
s38417,combined_wear,0.250000,combined,16,0.350000,573,0.860400,0.139600,16778259,0.486685,0.494557,0.000053,0.016173,0.494030,0.000046,7,-0.342619,0,0,0.062,54.644
s38417,combined_wear,0.250000,combined,16,0.400000,654,0.882637,0.117363,21803463,0.485490,0.493360,0.000055,0.016209,0.492620,0.000049,0,-0.326205,0,0,0.060,68.888
s38417,combined_wear,0.250000,combined,16,0.450000,736,0.904536,0.095464,27597207,0.485199,0.493465,0.000054,0.017036,0.492700,0.000049,5,-0.299334,0,0,0.065,86.989
s38417,combined_wear,0.250000,combined,16,0.500000,818,0.919949,0.080051,34123516,0.485689,0.494540,0.000050,0.018224,0.493514,0.000046,34,-0.270435,0,0,0.065,104.975
s38417,combined_wear,0.250000,combined,16,0.550000,900,0.936009,0.063991,41252798,0.485042,0.495090,0.000044,0.020716,0.494208,0.000040,46,-0.232046,0,0,0.066,126.627
s38417,combined_wear,0.250000,combined,16,0.600000,982,0.952295,0.047705,48865520,0.482603,0.494423,0.000052,0.024493,0.493615,0.000049,74,-0.243904,0,0,0.068,150.770
s38417,combined_wear,0.250000,combined,16,0.650000,1063,0.967464,0.032536,57144693,0.481637,0.493840,0.000055,0.025337,0.493093,0.000051,96,-0.237218,0,0,0.069,177.738
s38417,combined_wear,0.250000,combined,16,0.700000,1145,0.974888,0.025112,66293064,0.481579,0.494789,0.000064,0.027430,0.494095,0.000061,123,-0.267922,0,0,0.072,205.398
s38417,combined_wear,0.250000,combined,16,0.750000,1227,0.981843,0.018157,76312066,0.482742,0.495347,0.000057,0.026111,0.494700,0.000054,128,-0.233582,0,0,0.076,233.112
s38417,combined_wear,0.250000,combined,16,0.800000,1309,0.990847,0.009153,86176802,0.478985,0.493914,0.000056,0.031168,0.493307,0.000053,141,-0.215804,0,0,0.078,265.853
s38417,combined_wear,0.250000,combined,16,0.850000,1391,0.994589,0.005411,96852745,0.476725,0.491308,0.000053,0.030589,0.490737,0.000050,156,-0.195603,0,0,0.076,303.979
s38417,combined_wear,0.250000,combined,16,0.900000,1472,0.995694,0.004306,108801505,0.478222,0.489752,0.000040,0.024108,0.489212,0.000038,66,-0.144925,0,0,0.081,337.323
s38417,combined_wear,0.250000,combined,16,0.950000,1554,0.997767,0.002233,121274927,0.478277,0.488779,0.000037,0.021957,0.488485,0.000035,73,-0.128933,0,0,0.087,370.205
s38417,combined_wear,0.250000,combined,16,1.000000,1636,1.000000,0.000000,133742630,0.475898,0.487769,0.000037,0.024945,0.487346,0.000036,147,-0.124574,1,1,0.085,414.243
s38417,combined_wear,0.500000,combined,16,0.050000,82,0.346594,0.653406,339291,0.480569,0.489431,0.000052,0.018441,0.489010,0.000038,16,-0.773144,0,0,0.060,1.592
s38417,combined_wear,0.500000,combined,16,0.100000,164,0.572725,0.427275,1356486,0.480328,0.490941,0.000036,0.022094,0.489935,0.000030,22,-0.504434,0,0,0.041,5.109
s38417,combined_wear,0.500000,combined,16,0.150000,245,0.664441,0.335559,3074984,0.487889,0.496016,0.000017,0.016656,0.495343,0.000013,51,-0.375205,0,0,0.055,10.744
s38417,combined_wear,0.500000,combined,16,0.200000,327,0.710721,0.289279,5441726,0.484676,0.496228,0.000059,0.023834,0.495724,0.000050,35,-0.437835,0,0,0.051,17.700
s38417,combined_wear,0.500000,combined,16,0.250000,409,0.764425,0.235575,8534959,0.485921,0.496775,0.000090,0.022337,0.496372,0.000078,16,-0.468452,0,0,0.053,27.321
s38417,combined_wear,0.500000,combined,16,0.300000,491,0.788260,0.211740,12268451,0.484660,0.495354,0.000095,0.022065,0.495019,0.000084,14,-0.453896,0,0,0.055,39.547
s38417,combined_wear,0.500000,combined,16,0.350000,573,0.806559,0.193441,16760079,0.486158,0.497266,0.000094,0.022848,0.496978,0.000085,26,-0.436275,0,0,0.056,52.948
s38417,combined_wear,0.500000,combined,16,0.400000,654,0.829901,0.170099,21946095,0.488666,0.498791,0.000074,0.020720,0.498539,0.000067,37,-0.363717,0,0,0.059,68.115
s38417,combined_wear,0.500000,combined,16,0.450000,736,0.854942,0.145058,27811209,0.488962,0.498214,0.000061,0.018923,0.497990,0.000056,38,-0.304522,0,0,0.061,86.111
s38417,combined_wear,0.500000,combined,16,0.500000,818,0.881628,0.118372,34206906,0.486875,0.496053,0.000060,0.018850,0.495852,0.000056,77,-0.272197,0,0,0.064,106.517
s38417,combined_wear,0.500000,combined,16,0.550000,900,0.904892,0.095108,41407954,0.486866,0.496698,0.000066,0.020195,0.496423,0.000062,238,-0.264441,0,0,0.064,127.054
s38417,combined_wear,0.500000,combined,16,0.600000,982,0.926690,0.073310,49258330,0.486483,0.496635,0.000064,0.020868,0.496287,0.000061,234,-0.238196,0,0,0.067,151.106
s38417,combined_wear,0.500000,combined,16,0.650000,1063,0.945542,0.054458,57682181,0.486167,0.497039,0.000067,0.022362,0.496360,0.000064,278,-0.227273,0,0,0.074,176.661
s38417,combined_wear,0.500000,combined,16,0.700000,1145,0.963710,0.036290,66676918,0.484368,0.495612,0.000061,0.023215,0.495121,0.000058,162,-0.188239,0,0,0.072,202.657
s38417,combined_wear,0.500000,combined,16,0.750000,1227,0.979420,0.020580,76216796,0.482139,0.494834,0.000058,0.026332,0.494150,0.000055,140,-0.161988,0,0,0.074,232.608
s38417,combined_wear,0.500000,combined,16,0.800000,1309,0.988133,0.011867,86464474,0.480584,0.492808,0.000055,0.025436,0.492201,0.000053,150,-0.142193,0,0,0.077,265.235
s38417,combined_wear,0.500000,combined,16,0.850000,1391,0.991388,0.008612,97569604,0.480254,0.490815,0.000046,0.021991,0.490244,0.000044,101,-0.112014,0,0,0.078,299.448
s38417,combined_wear,0.500000,combined,16,0.900000,1472,0.993983,0.006017,109146598,0.479739,0.489972,0.000039,0.021329,0.489432,0.000038,61,-0.091020,0,0,0.081,333.034
s38417,combined_wear,0.500000,combined,16,0.950000,1554,0.997428,0.002572,121391284,0.478736,0.489244,0.000037,0.021950,0.488858,0.000035,73,-0.079213,0,0,0.088,375.821
s38417,combined_wear,0.500000,combined,16,1.000000,1636,1.000000,0.000000,133742630,0.475898,0.487769,0.000037,0.024945,0.487346,0.000036,147,-0.073504,1,1,0.084,411.637
s38417,combined_wear,0.750000,combined,16,0.050000,82,0.343399,0.656601,335407,0.475067,0.489547,0.000093,0.030479,0.488320,0.000068,16,-0.791508,0,1,0.059,1.672
s38417,combined_wear,0.750000,combined,16,0.100000,164,0.552561,0.447439,1352062,0.478762,0.488734,0.000033,0.020829,0.487475,0.000029,38,-0.483263,0,0,0.041,5.101
s38417,combined_wear,0.750000,combined,16,0.150000,245,0.617401,0.382599,3066895,0.486606,0.498348,0.000072,0.024130,0.497675,0.000060,25,-0.501896,0,0,0.042,10.481
s38417,combined_wear,0.750000,combined,16,0.200000,327,0.676213,0.323787,5461269,0.486417,0.498267,0.000146,0.024362,0.497763,0.000127,0,-0.570423,0,0,0.052,18.231
s38417,combined_wear,0.750000,combined,16,0.250000,409,0.710014,0.289986,8507662,0.484367,0.496076,0.000131,0.024175,0.495673,0.000116,3,-0.507106,0,0,0.053,27.890
s38417,combined_wear,0.750000,combined,16,0.300000,491,0.757221,0.242779,12294075,0.485673,0.497527,0.000111,0.024408,0.497191,0.000099,19,-0.428391,0,0,0.056,40.424
s38417,combined_wear,0.750000,combined,16,0.350000,573,0.782006,0.217994,16832954,0.488272,0.499227,0.000088,0.022437,0.498939,0.000079,28,-0.368451,0,0,0.059,54.464
s38417,combined_wear,0.750000,combined,16,0.400000,654,0.800097,0.199903,21946630,0.488678,0.499316,0.000078,0.021767,0.499063,0.000071,38,-0.333195,0,0,0.062,69.346
s38417,combined_wear,0.750000,combined,16,0.450000,736,0.831903,0.168097,27720351,0.487364,0.498551,0.000075,0.022953,0.498327,0.000070,133,-0.295023,0,0,0.065,87.969
s38417,combined_wear,0.750000,combined,16,0.500000,818,0.872736,0.127264,34223070,0.487106,0.497683,0.000067,0.021715,0.497482,0.000062,172,-0.238730,0,0,0.065,107.739
s38417,combined_wear,0.750000,combined,16,0.550000,900,0.893845,0.106155,41403546,0.486814,0.497481,0.000071,0.021912,0.497298,0.000067,221,-0.224132,0,0,0.067,129.387
s38417,combined_wear,0.750000,combined,16,0.600000,982,0.912103,0.087897,49338129,0.487271,0.498225,0.000075,0.022481,0.498057,0.000072,257,-0.214159,0,0,0.071,154.752
s38417,combined_wear,0.750000,combined,16,0.650000,1063,0.930527,0.069473,57705137,0.486361,0.496958,0.000068,0.021789,0.496628,0.000065,285,-0.180771,0,0,0.072,178.218
s38417,combined_wear,0.750000,combined,16,0.700000,1145,0.953453,0.046547,66835305,0.485518,0.496278,0.000061,0.022161,0.495647,0.000058,216,-0.144558,0,0,0.074,207.490
s38417,combined_wear,0.750000,combined,16,0.750000,1227,0.969709,0.030291,76363994,0.483070,0.494338,0.000058,0.023325,0.493870,0.000055,135,-0.118422,0,0,0.078,234.649
s38417,combined_wear,0.750000,combined,16,0.800000,1309,0.979925,0.020075,86608359,0.481384,0.492161,0.000052,0.022388,0.491676,0.000049,128,-0.093836,0,0,0.074,262.806
s38417,combined_wear,0.750000,combined,16,0.850000,1391,0.988590,0.011410,97441529,0.479624,0.490035,0.000046,0.021707,0.489548,0.000044,94,-0.070993,0,0,0.076,297.348
s38417,combined_wear,0.750000,combined,16,0.900000,1472,0.991513,0.008487,109423586,0.480957,0.489829,0.000040,0.018447,0.489259,0.000038,92,-0.059394,0,0,0.079,334.518
s38417,combined_wear,0.750000,combined,16,0.950000,1554,0.997203,0.002797,121351361,0.478579,0.489085,0.000037,0.021953,0.488717,0.000035,73,-0.045119,0,0,0.082,369.435
s38417,combined_wear,0.750000,combined,16,1.000000,1636,1.000000,0.000000,133742630,0.475898,0.487769,0.000037,0.024945,0.487346,0.000036,147,-0.039010,1,1,0.083,412.130
s38417,combined_wear,1.000000,combined,16,0.050000,82,0.343054,0.656946,337235,0.477656,0.491986,0.000084,0.030000,0.490244,0.000060,15,-0.747308,0,0,0.060,1.644
s38417,combined_wear,1.000000,combined,16,0.100000,164,0.491795,0.508205,1346766,0.476887,0.485366,0.000032,0.017780,0.485054,0.000030,40,-0.522529,1,0,0.040,5.183
s38417,combined_wear,1.000000,combined,16,0.150000,245,0.581949,0.418051,3037896,0.482005,0.496016,0.000164,0.029067,0.495172,0.000141,7,-0.623990,0,0,0.042,10.607
s38417,combined_wear,1.000000,combined,16,0.200000,327,0.661436,0.338564,5438077,0.484351,0.497918,0.000187,0.028009,0.497413,0.000164,0,-0.579775,0,0,0.052,17.996
s38417,combined_wear,1.000000,combined,16,0.250000,409,0.697803,0.302197,8519352,0.485032,0.496635,0.000135,0.023922,0.496232,0.000119,0,-0.473706,0,0,0.054,27.734
s38417,combined_wear,1.000000,combined,16,0.300000,491,0.711862,0.288138,12370817,0.488704,0.500824,0.000123,0.024801,0.500489,0.000110,15,-0.450778,0,0,0.055,39.074
s38417,combined_wear,1.000000,combined,16,0.350000,573,0.733024,0.266976,16885758,0.489804,0.500956,0.000096,0.022768,0.500668,0.000087,25,-0.395118,0,0,0.055,53.355
s38417,combined_wear,1.000000,combined,16,0.400000,654,0.783871,0.216129,22005663,0.489993,0.500626,0.000077,0.021701,0.500374,0.000070,40,-0.318283,0,0,0.057,68.867
s38417,combined_wear,1.000000,combined,16,0.450000,736,0.815219,0.184781,27692570,0.486876,0.498732,0.000079,0.024351,0.498508,0.000073,130,-0.285220,0,0,0.059,87.192
s38417,combined_wear,1.000000,combined,16,0.500000,818,0.856243,0.143757,34185861,0.486576,0.499220,0.000083,0.025986,0.499018,0.000078,174,-0.249344,0,0,0.062,107.361
s38417,combined_wear,1.000000,combined,16,0.550000,900,0.883956,0.116044,41431859,0.487147,0.499894,0.000084,0.026167,0.499711,0.000080,216,-0.224580,0,0,0.065,130.014
s38417,combined_wear,1.000000,combined,16,0.600000,982,0.902653,0.097347,49342735,0.487316,0.498768,0.000076,0.023500,0.498600,0.000072,243,-0.194085,0,0,0.067,153.347
s38417,combined_wear,1.000000,combined,16,0.650000,1063,0.929416,0.070584,57735989,0.486621,0.496636,0.000067,0.020580,0.496402,0.000064,288,-0.152043,0,0,0.071,178.656
s38417,combined_wear,1.000000,combined,16,0.700000,1145,0.949759,0.050241,66726258,0.484726,0.494955,0.000060,0.021103,0.494649,0.000058,219,-0.119483,0,0,0.072,206.936
s38417,combined_wear,1.000000,combined,16,0.750000,1227,0.960123,0.039877,76427470,0.483472,0.494377,0.000057,0.022555,0.493788,0.000054,125,-0.102216,0,0,0.075,237.366
s38417,combined_wear,1.000000,combined,16,0.800000,1309,0.966811,0.033189,86603652,0.481357,0.491673,0.000051,0.021430,0.490993,0.000049,133,-0.083572,0,0,0.076,269.901
s38417,combined_wear,1.000000,combined,16,0.850000,1391,0.975488,0.024512,97860161,0.481684,0.490678,0.000044,0.018672,0.490130,0.000042,89,-0.064064,0,0,0.079,304.700
s38417,combined_wear,1.000000,combined,16,0.900000,1472,0.986921,0.013079,109465527,0.481141,0.488995,0.000039,0.016323,0.488564,0.000037,58,-0.043732,0,0,0.082,339.986
s38417,combined_wear,1.000000,combined,16,0.950000,1554,0.997161,0.002839,121401385,0.478776,0.489281,0.000037,0.021942,0.488947,0.000035,73,-0.028965,0,0,0.081,404.108
s38417,combined_wear,1.000000,combined,16,1.000000,1636,1.000000,0.000000,133742630,0.475898,0.487769,0.000037,0.024945,0.487346,0.000036,147,-0.022237,1,1,0.096,448.660
s38417,combined_wear_leveling,0.000000,combined,16,0.050000,82,0.346618,0.653382,338847,0.479940,0.488037,0.000045,0.016872,0.487616,0.000032,16,-0.836133,0,0,80.920,1.685
s38417,combined_wear_leveling,0.000000,combined,16,0.100000,164,0.580031,0.419969,1368518,0.484589,0.494774,0.000033,0.021017,0.493768,0.000027,20,-0.563992,0,0,323.947,5.057
s38417,combined_wear_leveling,0.000000,combined,16,0.150000,245,0.686471,0.313529,3036462,0.481777,0.491273,0.000022,0.019710,0.490600,0.000019,36,-0.402637,0,0,714.668,10.602
s38417,combined_wear_leveling,0.000000,combined,16,0.200000,327,0.762638,0.237362,5436918,0.484248,0.491044,0.000010,0.014034,0.490540,0.000009,39,-0.278714,0,0,1260.542,18.289
s38417,combined_wear_leveling,0.000000,combined,16,0.250000,409,0.821111,0.178889,8509379,0.484464,0.493492,0.000016,0.018633,0.492278,0.000014,51,-0.246358,0,0,1963.371,28.086
s38417,combined_wear_leveling,0.000000,combined,16,0.300000,491,0.869980,0.130020,12224149,0.482910,0.490505,0.000008,0.015728,0.488888,0.000007,51,-0.158816,0,0,2807.803,39.894
s38417,combined_wear_leveling,0.000000,combined,16,0.350000,573,0.904649,0.095351,16527205,0.479403,0.490285,0.000013,0.022699,0.488899,0.000012,56,-0.143718,0,0,3739.553,53.786
s38417,combined_wear_leveling,0.000000,combined,16,0.400000,654,0.929939,0.070061,21367843,0.475791,0.486792,0.000015,0.023122,0.485578,0.000013,74,-0.116669,0,0,4742.400,69.552
s38417,combined_wear_leveling,0.000000,combined,16,0.450000,736,0.947816,0.052184,26919889,0.473291,0.487836,0.000018,0.030732,0.486758,0.000016,78,-0.111675,0,0,5810.093,86.479
s38417,combined_wear_leveling,0.000000,combined,16,0.500000,818,0.961495,0.038505,33365865,0.474905,0.490942,0.000024,0.033769,0.489483,0.000021,95,-0.128301,0,0,6891.468,104.636
s38417,combined_wear_leveling,0.000000,combined,16,0.550000,900,0.971829,0.028171,40440323,0.475489,0.490868,0.000025,0.032343,0.489542,0.000022,104,-0.121591,0,0,7997.976,125.863
s38417,combined_wear_leveling,0.000000,combined,16,0.600000,982,0.980964,0.019036,48265405,0.476676,0.490728,0.000023,0.029479,0.489325,0.000022,113,-0.108985,0,0,9126.621,150.893
s38417,combined_wear_leveling,0.000000,combined,16,0.650000,1063,0.987224,0.012776,56492578,0.476141,0.490534,0.000030,0.030229,0.489238,0.000029,127,-0.132075,0,0,10194.717,217.952
s38417,combined_wear_leveling,0.000000,combined,16,0.700000,1145,0.992065,0.007935,65424020,0.475266,0.490272,0.000046,0.031574,0.489631,0.000043,138,-0.193411,0,0,11226.989,251.054
s38417,combined_wear_leveling,0.000000,combined,16,0.750000,1227,0.995961,0.004039,74408277,0.470699,0.484690,0.000053,0.029724,0.484149,0.000050,161,-0.208216,0,0,12171.202,236.491
s38417,combined_wear_leveling,0.000000,combined,16,0.800000,1309,0.997880,0.002120,84719497,0.470885,0.485605,0.000057,0.031261,0.485120,0.000055,185,-0.228715,0,0,13017.990,267.547
s38417,combined_wear_leveling,0.000000,combined,16,0.850000,1391,0.998545,0.001455,95562259,0.470374,0.485016,0.000053,0.031129,0.484518,0.000050,151,-0.206359,0,1,13764.244,299.824
s38417,combined_wear_leveling,0.000000,combined,16,0.900000,1472,0.999026,0.000974,107427088,0.472181,0.484077,0.000034,0.025194,0.483607,0.000032,145,-0.124048,1,1,14357.261,332.965
s38417,combined_wear_leveling,0.000000,combined,16,0.950000,1554,0.999513,0.000487,120037932,0.473399,0.485365,0.000037,0.025277,0.484919,0.000036,146,-0.141689,1,1,14690.091,372.523
s38417,combined_wear_leveling,0.000000,combined,16,1.000000,1636,1.000000,0.000000,133742630,0.475898,0.487769,0.000037,0.024945,0.487346,0.000036,147,-0.145876,1,1,14847.184,412.910
s38417,combined_wear_leveling,0.250000,combined,16,0.050000,82,0.346618,0.653382,338847,0.479940,0.488037,0.000045,0.016872,0.487616,0.000032,16,-0.837566,0,0,79.258,1.566
s38417,combined_wear_leveling,0.250000,combined,16,0.100000,164,0.580031,0.419969,1368518,0.484589,0.494774,0.000033,0.021017,0.493768,0.000027,20,-0.565055,0,0,322.080,5.072
s38417,combined_wear_leveling,0.250000,combined,16,0.150000,245,0.686471,0.313529,3036462,0.481777,0.491273,0.000022,0.019710,0.490600,0.000019,36,-0.403342,0,0,711.695,10.373
s38417,combined_wear_leveling,0.250000,combined,16,0.200000,327,0.762638,0.237362,5436918,0.484248,0.491044,0.000010,0.014034,0.490540,0.000009,39,-0.279049,0,0,1262.379,18.100
s38417,combined_wear_leveling,0.250000,combined,16,0.250000,409,0.821111,0.178889,8509379,0.484464,0.493492,0.000016,0.018633,0.492278,0.000014,51,-0.246866,0,0,1982.950,28.075
s38417,combined_wear_leveling,0.250000,combined,16,0.300000,491,0.869980,0.130020,12224149,0.482910,0.490505,0.000008,0.015728,0.488888,0.000007,51,-0.159073,0,0,2834.126,39.039
s38417,combined_wear_leveling,0.250000,combined,16,0.350000,573,0.904649,0.095351,16527205,0.479403,0.490285,0.000013,0.022699,0.488899,0.000012,56,-0.144147,0,0,3774.053,53.054
s38417,combined_wear_leveling,0.250000,combined,16,0.400000,654,0.929939,0.070061,21367843,0.475791,0.486792,0.000015,0.023122,0.485578,0.000013,74,-0.117139,0,0,4797.624,69.361
s38417,combined_wear_leveling,0.250000,combined,16,0.450000,736,0.947816,0.052184,26919889,0.473291,0.487836,0.000018,0.030732,0.486758,0.000016,78,-0.112252,0,0,5873.722,86.543
s38417,combined_wear_leveling,0.250000,combined,16,0.500000,818,0.961495,0.038505,33365865,0.474905,0.490942,0.000024,0.033769,0.489483,0.000021,95,-0.129065,0,0,6973.219,104.546
s38417,combined_wear_leveling,0.250000,combined,16,0.550000,900,0.971829,0.028171,40440323,0.475489,0.490868,0.000025,0.032343,0.489542,0.000022,104,-0.122378,0,0,8097.476,128.363
s38417,combined_wear_leveling,0.250000,combined,16,0.600000,982,0.980964,0.019036,48265405,0.476676,0.490728,0.000023,0.029479,0.489325,0.000022,113,-0.109738,0,0,9212.510,149.319
s38417,combined_wear_leveling,0.250000,combined,16,0.650000,1063,0.987224,0.012776,56492578,0.476141,0.490534,0.000030,0.030229,0.489238,0.000029,127,-0.133051,0,0,10259.273,218.115
s38417,combined_wear_leveling,0.250000,combined,16,0.700000,1145,0.992065,0.007935,65424020,0.475266,0.490272,0.000046,0.031574,0.489631,0.000043,138,-0.194883,0,0,11291.896,254.226
s38417,combined_wear_leveling,0.250000,combined,16,0.750000,1227,0.995961,0.004039,74408277,0.470699,0.484690,0.000053,0.029724,0.484149,0.000050,161,-0.209903,0,0,12291.370,234.279
s38417,combined_wear_leveling,0.250000,combined,16,0.800000,1309,0.997880,0.002120,84602726,0.470236,0.484863,0.000057,0.031106,0.484377,0.000055,180,-0.227296,0,1,13142.995,270.583
s38417,combined_wear_leveling,0.250000,combined,16,0.850000,1391,0.998545,0.001455,95556410,0.470345,0.485098,0.000053,0.031367,0.484569,0.000051,151,-0.209916,0,1,13924.538,295.286
s38417,combined_wear_leveling,0.250000,combined,16,0.900000,1472,0.999026,0.000974,107482500,0.472425,0.484414,0.000034,0.025377,0.483914,0.000032,145,-0.128316,1,1,14490.813,334.500
s38417,combined_wear_leveling,0.250000,combined,16,0.950000,1554,0.999513,0.000487,120034269,0.473384,0.485353,0.000037,0.025282,0.484879,0.000035,145,-0.141993,1,1,14828.007,370.148
s38417,combined_wear_leveling,0.250000,combined,16,1.000000,1636,1.000000,0.000000,133742630,0.475898,0.487769,0.000037,0.024945,0.487346,0.000036,147,-0.147070,1,1,15009.162,410.721
s38417,combined_wear_leveling,0.500000,combined,16,0.050000,82,0.346618,0.653382,338847,0.479940,0.488037,0.000045,0.016872,0.487616,0.000032,16,-0.837566,0,0,79.823,1.581
s38417,combined_wear_leveling,0.500000,combined,16,0.100000,164,0.580031,0.419969,1368518,0.484589,0.494774,0.000033,0.021017,0.493768,0.000027,20,-0.565055,0,0,328.538,5.030
s38417,combined_wear_leveling,0.500000,combined,16,0.150000,245,0.686471,0.313529,3036462,0.481777,0.491273,0.000022,0.019710,0.490600,0.000019,36,-0.403342,0,0,726.741,10.990
s38417,combined_wear_leveling,0.500000,combined,16,0.200000,327,0.762638,0.237362,5436918,0.484248,0.491044,0.000010,0.014034,0.490540,0.000009,39,-0.279049,0,0,1279.609,18.296
s38417,combined_wear_leveling,0.500000,combined,16,0.250000,409,0.821111,0.178889,8509379,0.484464,0.493492,0.000016,0.018633,0.492278,0.000014,51,-0.246866,0,0,1992.558,27.948
s38417,combined_wear_leveling,0.500000,combined,16,0.300000,491,0.869980,0.130020,12224149,0.482910,0.490505,0.000008,0.015728,0.488888,0.000007,51,-0.159073,0,0,2821.206,40.826
s38417,combined_wear_leveling,0.500000,combined,16,0.350000,573,0.904649,0.095351,16527205,0.479403,0.490285,0.000013,0.022699,0.488899,0.000012,56,-0.144147,0,0,3758.273,54.012
s38417,combined_wear_leveling,0.500000,combined,16,0.400000,654,0.929939,0.070061,21367843,0.475791,0.486792,0.000015,0.023122,0.485578,0.000013,74,-0.117139,0,0,4772.042,69.665
s38417,combined_wear_leveling,0.500000,combined,16,0.450000,736,0.947816,0.052184,26919889,0.473291,0.487836,0.000018,0.030732,0.486758,0.000016,78,-0.112252,0,0,5810.553,87.202
s38417,combined_wear_leveling,0.500000,combined,16,0.500000,818,0.961495,0.038505,33365865,0.474905,0.490942,0.000024,0.033769,0.489483,0.000021,95,-0.129065,0,0,6914.176,107.531
s38417,combined_wear_leveling,0.500000,combined,16,0.550000,900,0.971829,0.028171,40440323,0.475489,0.490868,0.000025,0.032343,0.489542,0.000022,104,-0.122378,0,0,8009.111,128.624
s38417,combined_wear_leveling,0.500000,combined,16,0.600000,982,0.980964,0.019036,48265405,0.476676,0.490728,0.000023,0.029479,0.489325,0.000022,113,-0.109738,0,0,9162.611,154.162
s38417,combined_wear_leveling,0.500000,combined,16,0.650000,1063,0.987224,0.012776,56492578,0.476141,0.490534,0.000030,0.030229,0.489238,0.000029,127,-0.133051,0,0,10218.120,218.241
s38417,combined_wear_leveling,0.500000,combined,16,0.700000,1145,0.992065,0.007935,65424020,0.475266,0.490272,0.000046,0.031574,0.489631,0.000043,138,-0.194883,0,0,11222.974,251.260
s38417,combined_wear_leveling,0.500000,combined,16,0.750000,1227,0.995961,0.004039,74408277,0.470699,0.484690,0.000053,0.029724,0.484149,0.000050,161,-0.209903,0,0,12219.319,236.105
s38417,combined_wear_leveling,0.500000,combined,16,0.800000,1309,0.997880,0.002120,84602726,0.470236,0.484863,0.000057,0.031106,0.484377,0.000055,180,-0.227296,0,1,13091.177,266.000
s38417,combined_wear_leveling,0.500000,combined,16,0.850000,1391,0.998545,0.001455,95556410,0.470345,0.485098,0.000053,0.031367,0.484569,0.000051,151,-0.209916,0,1,13806.722,296.612
s38417,combined_wear_leveling,0.500000,combined,16,0.900000,1472,0.999026,0.000974,107482500,0.472425,0.484414,0.000034,0.025377,0.483914,0.000032,145,-0.128316,1,1,14389.281,338.691
s38417,combined_wear_leveling,0.500000,combined,16,0.950000,1554,0.999513,0.000487,120034269,0.473384,0.485353,0.000037,0.025282,0.484879,0.000035,145,-0.141993,1,1,14790.065,368.785
s38417,combined_wear_leveling,0.500000,combined,16,1.000000,1636,1.000000,0.000000,133742630,0.475898,0.487769,0.000037,0.024945,0.487346,0.000036,147,-0.147070,1,1,14924.345,411.597
s38417,combined_wear_leveling,0.750000,combined,16,0.050000,82,0.346618,0.653382,338847,0.479940,0.488037,0.000045,0.016872,0.487616,0.000032,16,-0.837566,0,0,80.906,1.597
s38417,combined_wear_leveling,0.750000,combined,16,0.100000,164,0.580031,0.419969,1368518,0.484589,0.494774,0.000033,0.021017,0.493768,0.000027,20,-0.565055,0,0,322.729,4.955
s38417,combined_wear_leveling,0.750000,combined,16,0.150000,245,0.686471,0.313529,3036462,0.481777,0.491273,0.000022,0.019710,0.490600,0.000019,36,-0.403342,0,0,721.272,10.389
s38417,combined_wear_leveling,0.750000,combined,16,0.200000,327,0.762638,0.237362,5436918,0.484248,0.491044,0.000010,0.014034,0.490540,0.000009,39,-0.279049,0,0,1266.298,18.210
s38417,combined_wear_leveling,0.750000,combined,16,0.250000,409,0.821111,0.178889,8509379,0.484464,0.493492,0.000016,0.018633,0.492278,0.000014,51,-0.246866,0,0,1984.727,28.542
s38417,combined_wear_leveling,0.750000,combined,16,0.300000,491,0.869980,0.130020,12224149,0.482910,0.490505,0.000008,0.015728,0.488888,0.000007,51,-0.159073,0,0,2827.195,38.737
s38417,combined_wear_leveling,0.750000,combined,16,0.350000,573,0.904649,0.095351,16527205,0.479403,0.490285,0.000013,0.022699,0.488899,0.000012,56,-0.144147,0,0,3751.080,52.820
s38417,combined_wear_leveling,0.750000,combined,16,0.400000,654,0.929939,0.070061,21367843,0.475791,0.486792,0.000015,0.023122,0.485578,0.000013,74,-0.117139,0,0,4749.230,68.102
s38417,combined_wear_leveling,0.750000,combined,16,0.450000,736,0.947816,0.052184,26919889,0.473291,0.487836,0.000018,0.030732,0.486758,0.000016,78,-0.112252,0,0,5794.655,84.043
s38417,combined_wear_leveling,0.750000,combined,16,0.500000,818,0.961495,0.038505,33365865,0.474905,0.490942,0.000024,0.033769,0.489483,0.000021,95,-0.129065,0,0,6867.707,104.343
s38417,combined_wear_leveling,0.750000,combined,16,0.550000,900,0.971829,0.028171,40440323,0.475489,0.490868,0.000025,0.032343,0.489542,0.000022,104,-0.122378,0,0,8003.135,126.623
s38417,combined_wear_leveling,0.750000,combined,16,0.600000,982,0.980964,0.019036,48265405,0.476676,0.490728,0.000023,0.029479,0.489325,0.000022,113,-0.109738,0,0,9098.999,149.961
s38417,combined_wear_leveling,0.750000,combined,16,0.650000,1063,0.987224,0.012776,56492578,0.476141,0.490534,0.000030,0.030229,0.489238,0.000029,127,-0.133051,0,0,10173.258,218.757
s38417,combined_wear_leveling,0.750000,combined,16,0.700000,1145,0.992065,0.007935,65424020,0.475266,0.490272,0.000046,0.031574,0.489631,0.000043,138,-0.194883,0,0,11197.662,252.710
s38417,combined_wear_leveling,0.750000,combined,16,0.750000,1227,0.995961,0.004039,74408277,0.470699,0.484690,0.000053,0.029724,0.484149,0.000050,161,-0.209903,0,0,12189.684,233.742
s38417,combined_wear_leveling,0.750000,combined,16,0.800000,1309,0.997880,0.002120,84602726,0.470236,0.484863,0.000057,0.031106,0.484377,0.000055,180,-0.227296,0,1,13049.939,272.178
s38417,combined_wear_leveling,0.750000,combined,16,0.850000,1391,0.998545,0.001455,95556410,0.470345,0.485098,0.000053,0.031367,0.484569,0.000051,151,-0.209916,0,1,13814.711,297.896
s38417,combined_wear_leveling,0.750000,combined,16,0.900000,1472,0.999026,0.000974,107482500,0.472425,0.484414,0.000034,0.025377,0.483914,0.000032,145,-0.128316,1,1,14366.566,332.029
s38417,combined_wear_leveling,0.750000,combined,16,0.950000,1554,0.999513,0.000487,120034269,0.473384,0.485353,0.000037,0.025282,0.484879,0.000035,145,-0.141993,1,1,14714.567,372.522
s38417,combined_wear_leveling,0.750000,combined,16,1.000000,1636,1.000000,0.000000,133742630,0.475898,0.487769,0.000037,0.024945,0.487346,0.000036,147,-0.147070,1,1,14871.976,409.637
s38417,combined_wear_leveling,1.000000,combined,16,0.050000,82,0.346618,0.653382,338847,0.479940,0.488037,0.000045,0.016872,0.487616,0.000032,16,-0.837566,0,0,78.480,1.562
s38417,combined_wear_leveling,1.000000,combined,16,0.100000,164,0.580031,0.419969,1368518,0.484589,0.494774,0.000033,0.021017,0.493768,0.000027,20,-0.565055,0,0,323.726,5.077
s38417,combined_wear_leveling,1.000000,combined,16,0.150000,245,0.686471,0.313529,3036462,0.481777,0.491273,0.000022,0.019710,0.490600,0.000019,36,-0.403342,0,0,713.802,10.424
s38417,combined_wear_leveling,1.000000,combined,16,0.200000,327,0.762638,0.237362,5436918,0.484248,0.491044,0.000010,0.014034,0.490540,0.000009,39,-0.279049,0,0,1267.647,17.873
s38417,combined_wear_leveling,1.000000,combined,16,0.250000,409,0.821111,0.178889,8509379,0.484464,0.493492,0.000016,0.018633,0.492278,0.000014,51,-0.246866,0,0,1957.812,27.608
s38417,combined_wear_leveling,1.000000,combined,16,0.300000,491,0.869980,0.130020,12224149,0.482910,0.490505,0.000008,0.015728,0.488888,0.000007,51,-0.159073,0,0,2790.080,39.192
s38417,combined_wear_leveling,1.000000,combined,16,0.350000,573,0.904649,0.095351,16527205,0.479403,0.490285,0.000013,0.022699,0.488899,0.000012,56,-0.144147,0,0,3711.184,52.879
s38417,combined_wear_leveling,1.000000,combined,16,0.400000,654,0.929939,0.070061,21367843,0.475791,0.486792,0.000015,0.023122,0.485578,0.000013,74,-0.117139,0,0,4687.054,68.264
s38417,combined_wear_leveling,1.000000,combined,16,0.450000,736,0.947816,0.052184,26919889,0.473291,0.487836,0.000018,0.030732,0.486758,0.000016,78,-0.112252,0,0,5745.019,87.676
s38417,combined_wear_leveling,1.000000,combined,16,0.500000,818,0.961495,0.038505,33365865,0.474905,0.490942,0.000024,0.033769,0.489483,0.000021,95,-0.129065,0,0,6835.404,107.283
s38417,combined_wear_leveling,1.000000,combined,16,0.550000,900,0.971829,0.028171,40440323,0.475489,0.490868,0.000025,0.032343,0.489542,0.000022,104,-0.122378,0,0,7975.230,127.940
s38417,combined_wear_leveling,1.000000,combined,16,0.600000,982,0.980964,0.019036,48265405,0.476676,0.490728,0.000023,0.029479,0.489325,0.000022,113,-0.109738,0,0,9036.321,151.490
s38417,combined_wear_leveling,1.000000,combined,16,0.650000,1063,0.987224,0.012776,56492578,0.476141,0.490534,0.000030,0.030229,0.489238,0.000029,127,-0.133051,0,0,10084.208,216.272
s38417,combined_wear_leveling,1.000000,combined,16,0.700000,1145,0.992065,0.007935,65424020,0.475266,0.490272,0.000046,0.031574,0.489631,0.000043,138,-0.194883,0,0,11100.412,253.235
s38417,combined_wear_leveling,1.000000,combined,16,0.750000,1227,0.995961,0.004039,74408277,0.470699,0.484690,0.000053,0.029724,0.484149,0.000050,161,-0.209903,0,0,12126.214,239.510
s38417,combined_wear_leveling,1.000000,combined,16,0.800000,1309,0.997880,0.002120,84602726,0.470236,0.484863,0.000057,0.031106,0.484377,0.000055,180,-0.227296,0,1,12961.912,266.703
s38417,combined_wear_leveling,1.000000,combined,16,0.850000,1391,0.998545,0.001455,95556410,0.470345,0.485098,0.000053,0.031367,0.484569,0.000051,151,-0.209916,0,1,13702.959,295.522
s38417,combined_wear_leveling,1.000000,combined,16,0.900000,1472,0.999026,0.000974,107482500,0.472425,0.484414,0.000034,0.025377,0.483914,0.000032,145,-0.128316,1,1,14327.727,342.286
s38417,combined_wear_leveling,1.000000,combined,16,0.950000,1554,0.999513,0.000487,120034269,0.473384,0.485353,0.000037,0.025282,0.484879,0.000035,145,-0.141993,1,1,14618.987,372.766
s38417,combined_wear_leveling,1.000000,combined,16,1.000000,1636,1.000000,0.000000,133742630,0.475898,0.487769,0.000037,0.024945,0.487346,0.000036,147,-0.147070,1,1,14799.912,416.988
s38417,co_wear,0.000000,combined,16,0.050000,82,0.346618,0.653382,338847,0.479940,0.488037,0.000045,0.016872,0.487616,0.000032,16,-0.836133,0,0,0.052,1.660
s38417,co_wear,0.000000,combined,16,0.100000,164,0.580031,0.419969,1368518,0.484589,0.494774,0.000033,0.021017,0.493768,0.000027,20,-0.563992,0,0,0.033,4.972
s38417,co_wear,0.000000,combined,16,0.150000,245,0.686471,0.313529,3036462,0.481777,0.491273,0.000022,0.019710,0.490600,0.000019,36,-0.402637,0,0,0.042,10.462
s38417,co_wear,0.000000,combined,16,0.200000,327,0.762638,0.237362,5436918,0.484248,0.491044,0.000010,0.014034,0.490540,0.000009,39,-0.278714,0,0,0.043,17.669
s38417,co_wear,0.000000,combined,16,0.250000,409,0.821111,0.178889,8509379,0.484464,0.493492,0.000016,0.018633,0.492278,0.000014,51,-0.246358,0,0,0.044,27.266
s38417,co_wear,0.000000,combined,16,0.300000,491,0.869980,0.130020,12224149,0.482910,0.490505,0.000008,0.015728,0.488888,0.000007,51,-0.158816,0,0,0.045,38.897
s38417,co_wear,0.000000,combined,16,0.350000,573,0.904649,0.095351,16527205,0.479403,0.490285,0.000013,0.022699,0.488899,0.000012,56,-0.143718,0,0,0.047,53.902
s38417,co_wear,0.000000,combined,16,0.400000,654,0.929939,0.070061,21367843,0.475791,0.486792,0.000015,0.023122,0.485578,0.000013,74,-0.116669,0,0,0.050,68.288
s38417,co_wear,0.000000,combined,16,0.450000,736,0.947816,0.052184,26919889,0.473291,0.487836,0.000018,0.030732,0.486758,0.000016,78,-0.111675,0,0,0.051,85.053
s38417,co_wear,0.000000,combined,16,0.500000,818,0.961495,0.038505,33365865,0.474905,0.490942,0.000024,0.033769,0.489483,0.000021,95,-0.128301,0,0,0.056,106.584
s38417,co_wear,0.000000,combined,16,0.550000,900,0.971829,0.028171,40440323,0.475489,0.490868,0.000025,0.032343,0.489542,0.000022,104,-0.121591,0,0,0.056,127.152
s38417,co_wear,0.000000,combined,16,0.600000,982,0.980964,0.019036,48265405,0.476676,0.490728,0.000023,0.029479,0.489325,0.000022,113,-0.108985,0,0,0.060,152.689
s38417,co_wear,0.000000,combined,16,0.650000,1063,0.987224,0.012776,56492578,0.476141,0.490534,0.000030,0.030229,0.489238,0.000029,127,-0.132075,0,0,0.059,179.416
s38417,co_wear,0.000000,combined,16,0.700000,1145,0.992065,0.007935,65424020,0.475266,0.490272,0.000046,0.031574,0.489631,0.000043,138,-0.193411,0,0,0.062,204.205
s38417,co_wear,0.000000,combined,16,0.750000,1227,0.995961,0.004039,74408277,0.470699,0.484690,0.000053,0.029724,0.484149,0.000050,161,-0.208216,0,0,0.064,233.056
s38417,co_wear,0.000000,combined,16,0.800000,1309,0.997880,0.002120,84719497,0.470885,0.485605,0.000057,0.031261,0.485120,0.000055,185,-0.228715,0,0,0.064,266.993
s38417,co_wear,0.000000,combined,16,0.850000,1391,0.998545,0.001455,95562259,0.470374,0.485016,0.000053,0.031129,0.484518,0.000050,151,-0.206359,0,1,0.065,302.901
s38417,co_wear,0.000000,combined,16,0.900000,1472,0.999026,0.000974,107427088,0.472181,0.484077,0.000034,0.025194,0.483607,0.000032,145,-0.124048,1,1,0.067,334.333
s38417,co_wear,0.000000,combined,16,0.950000,1554,0.999513,0.000487,120037932,0.473399,0.485365,0.000037,0.025277,0.484919,0.000036,146,-0.141689,1,1,0.070,372.621
s38417,co_wear,0.000000,combined,16,1.000000,1636,1.000000,0.000000,133742630,0.475898,0.487769,0.000037,0.024945,0.487346,0.000036,147,-0.145876,1,1,0.071,413.517
s38417,co_wear,0.250000,combined,16,0.050000,82,0.346594,0.653406,339291,0.480569,0.489431,0.000052,0.018441,0.489010,0.000038,16,-0.843237,0,0,0.058,1.614
s38417,co_wear,0.250000,combined,16,0.100000,164,0.577946,0.422054,1367504,0.484230,0.494657,0.000036,0.021534,0.493652,0.000030,20,-0.556228,0,0,0.041,4.964
s38417,co_wear,0.250000,combined,16,0.150000,245,0.684475,0.315525,3040705,0.482451,0.491740,0.000020,0.019254,0.491067,0.000017,36,-0.383483,0,0,0.041,10.467
s38417,co_wear,0.250000,combined,16,0.200000,327,0.755528,0.244472,5438576,0.484396,0.492675,0.000016,0.017092,0.492171,0.000015,66,-0.301479,0,0,0.050,17.794
s38417,co_wear,0.250000,combined,16,0.250000,409,0.802022,0.197978,8572314,0.488048,0.494726,0.000013,0.013684,0.494323,0.000011,43,-0.247574,0,0,0.052,27.264
s38417,co_wear,0.250000,combined,16,0.300000,491,0.836161,0.163839,12317954,0.486616,0.494229,0.000031,0.015646,0.493894,0.000026,36,-0.279886,0,0,0.053,38.667
s38417,co_wear,0.250000,combined,16,0.350000,573,0.860400,0.139600,16778259,0.486685,0.494557,0.000053,0.016173,0.494030,0.000046,7,-0.342619,0,0,0.056,52.465
s38417,co_wear,0.250000,combined,16,0.400000,654,0.882637,0.117363,21803463,0.485490,0.493360,0.000055,0.016209,0.492620,0.000049,0,-0.326205,0,0,0.059,67.981
s38417,co_wear,0.250000,combined,16,0.450000,736,0.904536,0.095464,27597207,0.485199,0.493465,0.000054,0.017036,0.492700,0.000049,5,-0.299334,0,0,0.062,86.937
s38417,co_wear,0.250000,combined,16,0.500000,818,0.919949,0.080051,34123516,0.485689,0.494540,0.000050,0.018224,0.493514,0.000046,34,-0.270435,0,0,0.063,106.160
s38417,co_wear,0.250000,combined,16,0.550000,900,0.936009,0.063991,41252798,0.485042,0.495090,0.000044,0.020716,0.494208,0.000040,46,-0.232046,0,0,0.065,127.005
s38417,co_wear,0.250000,combined,16,0.600000,982,0.952295,0.047705,48865520,0.482603,0.494423,0.000052,0.024493,0.493615,0.000049,74,-0.243904,0,0,0.067,149.630
s38417,co_wear,0.250000,combined,16,0.650000,1063,0.967464,0.032536,57144693,0.481637,0.493840,0.000055,0.025337,0.493093,0.000051,96,-0.237218,0,0,0.074,175.512
s38417,co_wear,0.250000,combined,16,0.700000,1145,0.974888,0.025112,66293064,0.481579,0.494789,0.000064,0.027430,0.494095,0.000061,123,-0.267922,0,0,0.071,202.932
s38417,co_wear,0.250000,combined,16,0.750000,1227,0.981843,0.018157,76312066,0.482742,0.495347,0.000057,0.026111,0.494700,0.000054,128,-0.233582,0,0,0.074,235.403
s38417,co_wear,0.250000,combined,16,0.800000,1309,0.990847,0.009153,86176802,0.478985,0.493914,0.000056,0.031168,0.493307,0.000053,141,-0.215804,0,0,0.080,266.723
s38417,co_wear,0.250000,combined,16,0.850000,1391,0.994589,0.005411,96852745,0.476725,0.491308,0.000053,0.030589,0.490737,0.000050,156,-0.195603,0,0,0.080,297.049
s38417,co_wear,0.250000,combined,16,0.900000,1472,0.995694,0.004306,108801505,0.478222,0.489752,0.000040,0.024108,0.489212,0.000038,66,-0.144925,0,0,0.081,331.924
s38417,co_wear,0.250000,combined,16,0.950000,1554,0.997767,0.002233,121274927,0.478277,0.488779,0.000037,0.021957,0.488485,0.000035,73,-0.128933,0,0,0.084,374.447
s38417,co_wear,0.250000,combined,16,1.000000,1636,1.000000,0.000000,133742630,0.475898,0.487769,0.000037,0.024945,0.487346,0.000036,147,-0.124574,1,1,0.085,411.614
s38417,co_wear,0.500000,combined,16,0.050000,82,0.346594,0.653406,339291,0.480569,0.489431,0.000052,0.018441,0.489010,0.000038,16,-0.773144,0,0,0.059,1.624
s38417,co_wear,0.500000,combined,16,0.100000,164,0.572725,0.427275,1356486,0.480328,0.490941,0.000036,0.022094,0.489935,0.000030,22,-0.504434,0,0,0.041,5.067
s38417,co_wear,0.500000,combined,16,0.150000,245,0.664441,0.335559,3074984,0.487889,0.496016,0.000017,0.016656,0.495343,0.000013,51,-0.375205,0,0,0.041,10.536
s38417,co_wear,0.500000,combined,16,0.200000,327,0.710721,0.289279,5441726,0.484676,0.496228,0.000059,0.023834,0.495724,0.000050,35,-0.437835,0,0,0.051,17.841
s38417,co_wear,0.500000,combined,16,0.250000,409,0.764425,0.235575,8534959,0.485921,0.496775,0.000090,0.022337,0.496372,0.000078,16,-0.468452,0,0,0.053,27.580
s38417,co_wear,0.500000,combined,16,0.300000,491,0.788260,0.211740,12268451,0.484660,0.495354,0.000095,0.022065,0.495019,0.000084,14,-0.453896,0,0,0.057,39.132
s38417,co_wear,0.500000,combined,16,0.350000,573,0.806559,0.193441,16760079,0.486158,0.497266,0.000094,0.022848,0.496978,0.000085,26,-0.436275,0,0,0.057,52.828
s38417,co_wear,0.500000,combined,16,0.400000,654,0.829901,0.170099,21946095,0.488666,0.498791,0.000074,0.020720,0.498539,0.000067,37,-0.363717,0,0,0.058,68.012
s38417,co_wear,0.500000,combined,16,0.450000,736,0.854942,0.145058,27811209,0.488962,0.498214,0.000061,0.018923,0.497990,0.000056,38,-0.304522,0,0,0.060,85.261
s38417,co_wear,0.500000,combined,16,0.500000,818,0.881628,0.118372,34206906,0.486875,0.496053,0.000060,0.018850,0.495852,0.000056,77,-0.272197,0,0,0.062,104.409
s38417,co_wear,0.500000,combined,16,0.550000,900,0.904892,0.095108,41407954,0.486866,0.496698,0.000066,0.020195,0.496423,0.000062,238,-0.264441,0,0,0.067,126.197
s38417,co_wear,0.500000,combined,16,0.600000,982,0.926690,0.073310,49258330,0.486483,0.496635,0.000064,0.020868,0.496287,0.000061,234,-0.238196,0,0,0.066,150.124
s38417,co_wear,0.500000,combined,16,0.650000,1063,0.945542,0.054458,57682181,0.486167,0.497039,0.000067,0.022362,0.496360,0.000064,278,-0.227273,0,0,0.067,178.639
s38417,co_wear,0.500000,combined,16,0.700000,1145,0.963710,0.036290,66676918,0.484368,0.495612,0.000061,0.023215,0.495121,0.000058,162,-0.188239,0,0,0.072,206.763
s38417,co_wear,0.500000,combined,16,0.750000,1227,0.979420,0.020580,76216796,0.482139,0.494834,0.000058,0.026332,0.494150,0.000055,140,-0.161988,0,0,0.075,236.793
s38417,co_wear,0.500000,combined,16,0.800000,1309,0.988133,0.011867,86464474,0.480584,0.492808,0.000055,0.025436,0.492201,0.000053,150,-0.142193,0,0,0.083,268.804
s38417,co_wear,0.500000,combined,16,0.850000,1391,0.991388,0.008612,97569604,0.480254,0.490815,0.000046,0.021991,0.490244,0.000044,101,-0.112014,0,0,0.079,303.214
s38417,co_wear,0.500000,combined,16,0.900000,1472,0.993983,0.006017,109146598,0.479739,0.489972,0.000039,0.021329,0.489432,0.000038,61,-0.091020,0,0,0.080,337.580
s38417,co_wear,0.500000,combined,16,0.950000,1554,0.997428,0.002572,121391284,0.478736,0.489244,0.000037,0.021950,0.488858,0.000035,73,-0.079213,0,0,0.083,377.035
s38417,co_wear,0.500000,combined,16,1.000000,1636,1.000000,0.000000,133742630,0.475898,0.487769,0.000037,0.024945,0.487346,0.000036,147,-0.073504,1,1,0.084,415.678
s38417,co_wear,0.750000,combined,16,0.050000,82,0.343399,0.656601,335407,0.475067,0.489547,0.000093,0.030479,0.488320,0.000068,16,-0.791508,0,1,0.056,1.611
s38417,co_wear,0.750000,combined,16,0.100000,164,0.552561,0.447439,1352062,0.478762,0.488734,0.000033,0.020829,0.487475,0.000029,38,-0.483263,0,0,0.040,4.967
s38417,co_wear,0.750000,combined,16,0.150000,245,0.617401,0.382599,3066895,0.486606,0.498348,0.000072,0.024130,0.497675,0.000060,25,-0.501896,0,0,0.041,10.330
s38417,co_wear,0.750000,combined,16,0.200000,327,0.676213,0.323787,5461269,0.486417,0.498267,0.000146,0.024362,0.497763,0.000127,0,-0.570423,0,0,0.050,17.800
s38417,co_wear,0.750000,combined,16,0.250000,409,0.710014,0.289986,8507662,0.484367,0.496076,0.000131,0.024175,0.495673,0.000116,3,-0.507106,0,0,0.052,28.332
s38417,co_wear,0.750000,combined,16,0.300000,491,0.757221,0.242779,12294075,0.485673,0.497527,0.000111,0.024408,0.497191,0.000099,19,-0.428391,0,0,0.058,40.578
s38417,co_wear,0.750000,combined,16,0.350000,573,0.782006,0.217994,16832954,0.488272,0.499227,0.000088,0.022437,0.498939,0.000079,28,-0.368451,0,0,0.059,52.835
s38417,co_wear,0.750000,combined,16,0.400000,654,0.800097,0.199903,21946630,0.488678,0.499316,0.000078,0.021767,0.499063,0.000071,38,-0.333195,0,0,0.060,68.045
s38417,co_wear,0.750000,combined,16,0.450000,736,0.831903,0.168097,27720351,0.487364,0.498551,0.000075,0.022953,0.498327,0.000070,133,-0.295023,0,0,0.064,88.918
s38417,co_wear,0.750000,combined,16,0.500000,818,0.872736,0.127264,34223070,0.487106,0.497683,0.000067,0.021715,0.497482,0.000062,172,-0.238730,0,0,0.062,107.279
s38417,co_wear,0.750000,combined,16,0.550000,900,0.893845,0.106155,41403546,0.486814,0.497481,0.000071,0.021912,0.497298,0.000067,221,-0.224132,0,0,0.065,129.831
s38417,co_wear,0.750000,combined,16,0.600000,982,0.912103,0.087897,49338129,0.487271,0.498225,0.000075,0.022481,0.498057,0.000072,257,-0.214159,0,0,0.071,150.846
s38417,co_wear,0.750000,combined,16,0.650000,1063,0.930527,0.069473,57705137,0.486361,0.496958,0.000068,0.021789,0.496628,0.000065,285,-0.180771,0,0,0.068,176.292
s38417,co_wear,0.750000,combined,16,0.700000,1145,0.953453,0.046547,66835305,0.485518,0.496278,0.000061,0.022161,0.495647,0.000058,216,-0.144558,0,0,0.070,203.639
s38417,co_wear,0.750000,combined,16,0.750000,1227,0.969709,0.030291,76363994,0.483070,0.494338,0.000058,0.023325,0.493870,0.000055,135,-0.118422,0,0,0.073,232.274
s38417,co_wear,0.750000,combined,16,0.800000,1309,0.979925,0.020075,86608359,0.481384,0.492161,0.000052,0.022388,0.491676,0.000049,128,-0.093836,0,0,0.074,266.422
s38417,co_wear,0.750000,combined,16,0.850000,1391,0.988590,0.011410,97441529,0.479624,0.490035,0.000046,0.021707,0.489548,0.000044,94,-0.070993,0,0,0.073,299.028
s38417,co_wear,0.750000,combined,16,0.900000,1472,0.991513,0.008487,109423586,0.480957,0.489829,0.000040,0.018447,0.489259,0.000038,92,-0.059394,0,0,0.079,334.904
s38417,co_wear,0.750000,combined,16,0.950000,1554,0.997203,0.002797,121351361,0.478579,0.489085,0.000037,0.021953,0.488717,0.000035,73,-0.045119,0,0,0.079,375.950
s38417,co_wear,0.750000,combined,16,1.000000,1636,1.000000,0.000000,133742630,0.475898,0.487769,0.000037,0.024945,0.487346,0.000036,147,-0.039010,1,1,0.083,411.753
s38417,co_wear,1.000000,combined,16,0.050000,82,0.343054,0.656946,337235,0.477656,0.491986,0.000084,0.030000,0.490244,0.000060,15,-0.747308,0,0,0.062,1.615
s38417,co_wear,1.000000,combined,16,0.100000,164,0.491795,0.508205,1346766,0.476887,0.485366,0.000032,0.017780,0.485054,0.000030,40,-0.522529,1,0,0.040,5.075
s38417,co_wear,1.000000,combined,16,0.150000,245,0.581949,0.418051,3037896,0.482005,0.496016,0.000164,0.029067,0.495172,0.000141,7,-0.623990,0,0,0.048,10.527
s38417,co_wear,1.000000,combined,16,0.200000,327,0.661436,0.338564,5438077,0.484351,0.497918,0.000187,0.028009,0.497413,0.000164,0,-0.579775,0,0,0.050,18.017
s38417,co_wear,1.000000,combined,16,0.250000,409,0.697803,0.302197,8519352,0.485032,0.496635,0.000135,0.023922,0.496232,0.000119,0,-0.473706,0,0,0.051,27.727
s38417,co_wear,1.000000,combined,16,0.300000,491,0.711862,0.288138,12370817,0.488704,0.500824,0.000123,0.024801,0.500489,0.000110,15,-0.450778,0,0,0.057,39.652
s38417,co_wear,1.000000,combined,16,0.350000,573,0.733024,0.266976,16885758,0.489804,0.500956,0.000096,0.022768,0.500668,0.000087,25,-0.395118,0,0,0.056,53.115
s38417,co_wear,1.000000,combined,16,0.400000,654,0.783871,0.216129,22005663,0.489993,0.500626,0.000077,0.021701,0.500374,0.000070,40,-0.318283,0,0,0.058,69.124
s38417,co_wear,1.000000,combined,16,0.450000,736,0.815219,0.184781,27692570,0.486876,0.498732,0.000079,0.024351,0.498508,0.000073,130,-0.285220,0,0,0.060,87.258
s38417,co_wear,1.000000,combined,16,0.500000,818,0.856243,0.143757,34185861,0.486576,0.499220,0.000083,0.025986,0.499018,0.000078,174,-0.249344,0,0,0.062,107.450
s38417,co_wear,1.000000,combined,16,0.550000,900,0.883956,0.116044,41431859,0.487147,0.499894,0.000084,0.026167,0.499711,0.000080,216,-0.224580,0,0,0.064,129.135
s38417,co_wear,1.000000,combined,16,0.600000,982,0.902653,0.097347,49342735,0.487316,0.498768,0.000076,0.023500,0.498600,0.000072,243,-0.194085,0,0,0.066,153.359
s38417,co_wear,1.000000,combined,16,0.650000,1063,0.929416,0.070584,57735989,0.486621,0.496636,0.000067,0.020580,0.496402,0.000064,288,-0.152043,0,0,0.070,179.208
s38417,co_wear,1.000000,combined,16,0.700000,1145,0.949759,0.050241,66726258,0.484726,0.494955,0.000060,0.021103,0.494649,0.000058,219,-0.119483,0,0,0.070,208.236
s38417,co_wear,1.000000,combined,16,0.750000,1227,0.960123,0.039877,76427470,0.483472,0.494377,0.000057,0.022555,0.493788,0.000054,125,-0.102216,0,0,0.077,236.763
s38417,co_wear,1.000000,combined,16,0.800000,1309,0.966811,0.033189,86603652,0.481357,0.491673,0.000051,0.021430,0.490993,0.000049,133,-0.083572,0,0,0.075,268.801
s38417,co_wear,1.000000,combined,16,0.850000,1391,0.975488,0.024512,97860161,0.481684,0.490678,0.000044,0.018672,0.490130,0.000042,89,-0.064064,0,0,0.081,304.988
s38417,co_wear,1.000000,combined,16,0.900000,1472,0.986921,0.013079,109465527,0.481141,0.488995,0.000039,0.016323,0.488564,0.000037,58,-0.043732,0,0,0.082,340.872
s38417,co_wear,1.000000,combined,16,0.950000,1554,0.997161,0.002839,121401385,0.478776,0.489281,0.000037,0.021942,0.488947,0.000035,73,-0.028965,0,0,0.083,380.623
s38417,co_wear,1.000000,combined,16,1.000000,1636,1.000000,0.000000,133742630,0.475898,0.487769,0.000037,0.024945,0.487346,0.000036,147,-0.022237,1,1,0.090,444.611
s38417,co_wear_leveling,0.000000,combined,16,0.050000,82,0.346618,0.653382,338847,0.479940,0.488037,0.000045,0.016872,0.487616,0.000032,16,-0.836133,0,0,80.278,1.592
s38417,co_wear_leveling,0.000000,combined,16,0.100000,164,0.580031,0.419969,1368518,0.484589,0.494774,0.000033,0.021017,0.493768,0.000027,20,-0.563992,0,0,326.043,5.139
s38417,co_wear_leveling,0.000000,combined,16,0.150000,245,0.686471,0.313529,3036462,0.481777,0.491273,0.000022,0.019710,0.490600,0.000019,36,-0.402637,0,0,714.154,10.713
s38417,co_wear_leveling,0.000000,combined,16,0.200000,327,0.762638,0.237362,5436918,0.484248,0.491044,0.000010,0.014034,0.490540,0.000009,39,-0.278714,0,0,1264.966,18.148
s38417,co_wear_leveling,0.000000,combined,16,0.250000,409,0.821111,0.178889,8509379,0.484464,0.493492,0.000016,0.018633,0.492278,0.000014,51,-0.246358,0,0,1981.270,26.870
s38417,co_wear_leveling,0.000000,combined,16,0.300000,491,0.869980,0.130020,12224149,0.482910,0.490505,0.000008,0.015728,0.488888,0.000007,51,-0.158816,0,0,2817.531,44.893
s38417,co_wear_leveling,0.000000,combined,16,0.350000,573,0.904649,0.095351,16527205,0.479403,0.490285,0.000013,0.022699,0.488899,0.000012,56,-0.143718,0,0,3773.685,63.090
s38417,co_wear_leveling,0.000000,combined,16,0.400000,654,0.929939,0.070061,21367843,0.475791,0.486792,0.000015,0.023122,0.485578,0.000013,74,-0.116669,0,0,4720.185,80.614
s38417,co_wear_leveling,0.000000,combined,16,0.450000,736,0.947816,0.052184,26919889,0.473291,0.487836,0.000018,0.030732,0.486758,0.000016,78,-0.111675,0,0,5796.942,88.063
s38417,co_wear_leveling,0.000000,combined,16,0.500000,818,0.961495,0.038505,33365865,0.474905,0.490942,0.000024,0.033769,0.489483,0.000021,95,-0.128301,0,0,6878.280,107.995
s38417,co_wear_leveling,0.000000,combined,16,0.550000,900,0.971829,0.028171,40440323,0.475489,0.490868,0.000025,0.032343,0.489542,0.000022,104,-0.121591,0,0,7993.685,129.116
s38417,co_wear_leveling,0.000000,combined,16,0.600000,982,0.980964,0.019036,48265405,0.476676,0.490728,0.000023,0.029479,0.489325,0.000022,113,-0.108985,0,0,9118.623,151.484
s38417,co_wear_leveling,0.000000,combined,16,0.650000,1063,0.987224,0.012776,56492578,0.476141,0.490534,0.000030,0.030229,0.489238,0.000029,127,-0.132075,0,0,10203.145,174.707
s38417,co_wear_leveling,0.000000,combined,16,0.700000,1145,0.992065,0.007935,65424020,0.475266,0.490272,0.000046,0.031574,0.489631,0.000043,138,-0.193411,0,0,11218.249,205.675
s38417,co_wear_leveling,0.000000,combined,16,0.750000,1227,0.995961,0.004039,74408277,0.470699,0.484690,0.000053,0.029724,0.484149,0.000050,161,-0.208216,0,0,12209.557,293.489
s38417,co_wear_leveling,0.000000,combined,16,0.800000,1309,0.997880,0.002120,84719497,0.470885,0.485605,0.000057,0.031261,0.485120,0.000055,185,-0.228715,0,0,13058.437,333.793
s38417,co_wear_leveling,0.000000,combined,16,0.850000,1391,0.998545,0.001455,95562259,0.470374,0.485016,0.000053,0.031129,0.484518,0.000050,151,-0.206359,0,1,13776.843,301.927
s38417,co_wear_leveling,0.000000,combined,16,0.900000,1472,0.999026,0.000974,107427088,0.472181,0.484077,0.000034,0.025194,0.483607,0.000032,145,-0.124048,1,1,14392.175,336.618
s38417,co_wear_leveling,0.000000,combined,16,0.950000,1554,0.999513,0.000487,120037932,0.473399,0.485365,0.000037,0.025277,0.484919,0.000036,146,-0.141689,1,1,14786.906,379.067
s38417,co_wear_leveling,0.000000,combined,16,1.000000,1636,1.000000,0.000000,133742630,0.475898,0.487769,0.000037,0.024945,0.487346,0.000036,147,-0.145876,1,1,14833.634,411.034
s38417,co_wear_leveling,0.250000,combined,16,0.050000,82,0.346618,0.653382,338847,0.479940,0.488037,0.000045,0.016872,0.487616,0.000032,16,-0.837566,0,0,80.210,1.576
s38417,co_wear_leveling,0.250000,combined,16,0.100000,164,0.580031,0.419969,1368518,0.484589,0.494774,0.000033,0.021017,0.493768,0.000027,20,-0.565055,0,0,325.147,5.047
s38417,co_wear_leveling,0.250000,combined,16,0.150000,245,0.686471,0.313529,3036462,0.481777,0.491273,0.000022,0.019710,0.490600,0.000019,36,-0.403342,0,0,718.539,10.587
s38417,co_wear_leveling,0.250000,combined,16,0.200000,327,0.762638,0.237362,5436918,0.484248,0.491044,0.000010,0.014034,0.490540,0.000009,39,-0.279049,0,0,1268.853,18.288
s38417,co_wear_leveling,0.250000,combined,16,0.250000,409,0.821111,0.178889,8509379,0.484464,0.493492,0.000016,0.018633,0.492278,0.000014,51,-0.246866,0,0,1987.723,27.936
s38417,co_wear_leveling,0.250000,combined,16,0.300000,491,0.869980,0.130020,12224149,0.482910,0.490505,0.000008,0.015728,0.488888,0.000007,51,-0.159073,0,0,2829.300,44.100
s38417,co_wear_leveling,0.250000,combined,16,0.350000,573,0.904649,0.095351,16527205,0.479403,0.490285,0.000013,0.022699,0.488899,0.000012,56,-0.144147,0,0,3781.790,62.057
s38417,co_wear_leveling,0.250000,combined,16,0.400000,654,0.929939,0.070061,21367843,0.475791,0.486792,0.000015,0.023122,0.485578,0.000013,74,-0.117139,0,0,4783.878,81.912
s38417,co_wear_leveling,0.250000,combined,16,0.450000,736,0.947816,0.052184,26919889,0.473291,0.487836,0.000018,0.030732,0.486758,0.000016,78,-0.112252,0,0,5864.790,87.682
s38417,co_wear_leveling,0.250000,combined,16,0.500000,818,0.961495,0.038505,33365865,0.474905,0.490942,0.000024,0.033769,0.489483,0.000021,95,-0.129065,0,0,6979.236,108.019
s38417,co_wear_leveling,0.250000,combined,16,0.550000,900,0.971829,0.028171,40440323,0.475489,0.490868,0.000025,0.032343,0.489542,0.000022,104,-0.122378,0,0,8092.127,129.240
s38417,co_wear_leveling,0.250000,combined,16,0.600000,982,0.980964,0.019036,48265405,0.476676,0.490728,0.000023,0.029479,0.489325,0.000022,113,-0.109738,0,0,9243.262,152.391
s38417,co_wear_leveling,0.250000,combined,16,0.650000,1063,0.987224,0.012776,56492578,0.476141,0.490534,0.000030,0.030229,0.489238,0.000029,127,-0.133051,0,0,10256.171,178.729
s38417,co_wear_leveling,0.250000,combined,16,0.700000,1145,0.992065,0.007935,65424020,0.475266,0.490272,0.000046,0.031574,0.489631,0.000043,138,-0.194883,0,0,11327.141,207.234
s38417,co_wear_leveling,0.250000,combined,16,0.750000,1227,0.995961,0.004039,74408277,0.470699,0.484690,0.000053,0.029724,0.484149,0.000050,161,-0.209903,0,0,12308.899,289.767
s38417,co_wear_leveling,0.250000,combined,16,0.800000,1309,0.997880,0.002120,84602726,0.470236,0.484863,0.000057,0.031106,0.484377,0.000055,180,-0.227296,0,1,13156.280,332.446
s38417,co_wear_leveling,0.250000,combined,16,0.850000,1391,0.998545,0.001455,95556410,0.470345,0.485098,0.000053,0.031367,0.484569,0.000051,151,-0.209916,0,1,13889.506,303.681
s38417,co_wear_leveling,0.250000,combined,16,0.900000,1472,0.999026,0.000974,107482500,0.472425,0.484414,0.000034,0.025377,0.483914,0.000032,145,-0.128316,1,1,14449.477,339.412
s38417,co_wear_leveling,0.250000,combined,16,0.950000,1554,0.999513,0.000487,120034269,0.473384,0.485353,0.000037,0.025282,0.484879,0.000035,145,-0.141993,1,1,14829.425,376.014
s38417,co_wear_leveling,0.250000,combined,16,1.000000,1636,1.000000,0.000000,133742630,0.475898,0.487769,0.000037,0.024945,0.487346,0.000036,147,-0.147070,1,1,14954.351,408.528
s38417,co_wear_leveling,0.500000,combined,16,0.050000,82,0.346618,0.653382,338847,0.479940,0.488037,0.000045,0.016872,0.487616,0.000032,16,-0.837566,0,0,79.943,1.694
s38417,co_wear_leveling,0.500000,combined,16,0.100000,164,0.580031,0.419969,1368518,0.484589,0.494774,0.000033,0.021017,0.493768,0.000027,20,-0.565055,0,0,325.506,5.032
s38417,co_wear_leveling,0.500000,combined,16,0.150000,245,0.686471,0.313529,3036462,0.481777,0.491273,0.000022,0.019710,0.490600,0.000019,36,-0.403342,0,0,720.025,10.586
s38417,co_wear_leveling,0.500000,combined,16,0.200000,327,0.762638,0.237362,5436918,0.484248,0.491044,0.000010,0.014034,0.490540,0.000009,39,-0.279049,0,0,1274.880,18.068
s38417,co_wear_leveling,0.500000,combined,16,0.250000,409,0.821111,0.178889,8509379,0.484464,0.493492,0.000016,0.018633,0.492278,0.000014,51,-0.246866,0,0,1994.377,27.898
s38417,co_wear_leveling,0.500000,combined,16,0.300000,491,0.869980,0.130020,12224149,0.482910,0.490505,0.000008,0.015728,0.488888,0.000007,51,-0.159073,0,0,2832.808,44.471
s38417,co_wear_leveling,0.500000,combined,16,0.350000,573,0.904649,0.095351,16527205,0.479403,0.490285,0.000013,0.022699,0.488899,0.000012,56,-0.144147,0,0,3766.476,62.018
s38417,co_wear_leveling,0.500000,combined,16,0.400000,654,0.929939,0.070061,21367843,0.475791,0.486792,0.000015,0.023122,0.485578,0.000013,74,-0.117139,0,0,4779.784,84.096
s38417,co_wear_leveling,0.500000,combined,16,0.450000,736,0.947816,0.052184,26919889,0.473291,0.487836,0.000018,0.030732,0.486758,0.000016,78,-0.112252,0,0,5884.468,90.152
s38417,co_wear_leveling,0.500000,combined,16,0.500000,818,0.961495,0.038505,33365865,0.474905,0.490942,0.000024,0.033769,0.489483,0.000021,95,-0.129065,0,0,7019.723,108.447
s38417,co_wear_leveling,0.500000,combined,16,0.550000,900,0.971829,0.028171,40440323,0.475489,0.490868,0.000025,0.032343,0.489542,0.000022,104,-0.122378,0,0,8135.091,129.673
s38417,co_wear_leveling,0.500000,combined,16,0.600000,982,0.980964,0.019036,48265405,0.476676,0.490728,0.000023,0.029479,0.489325,0.000022,113,-0.109738,0,0,9290.052,149.240
s38417,co_wear_leveling,0.500000,combined,16,0.650000,1063,0.987224,0.012776,56492578,0.476141,0.490534,0.000030,0.030229,0.489238,0.000029,127,-0.133051,0,0,10336.417,177.822
s38417,co_wear_leveling,0.500000,combined,16,0.700000,1145,0.992065,0.007935,65424020,0.475266,0.490272,0.000046,0.031574,0.489631,0.000043,138,-0.194883,0,0,11397.706,204.436
s38417,co_wear_leveling,0.500000,combined,16,0.750000,1227,0.995961,0.004039,74408277,0.470699,0.484690,0.000053,0.029724,0.484149,0.000050,161,-0.209903,0,0,12282.015,291.993
s38417,co_wear_leveling,0.500000,combined,16,0.800000,1309,0.997880,0.002120,84602726,0.470236,0.484863,0.000057,0.031106,0.484377,0.000055,180,-0.227296,0,1,13234.309,333.436
s38417,co_wear_leveling,0.500000,combined,16,0.850000,1391,0.998545,0.001455,95556410,0.470345,0.485098,0.000053,0.031367,0.484569,0.000051,151,-0.209916,0,1,13990.909,304.527
s38417,co_wear_leveling,0.500000,combined,16,0.900000,1472,0.999026,0.000974,107482500,0.472425,0.484414,0.000034,0.025377,0.483914,0.000032,145,-0.128316,1,1,14538.758,337.790
s38417,co_wear_leveling,0.500000,combined,16,0.950000,1554,0.999513,0.000487,120034269,0.473384,0.485353,0.000037,0.025282,0.484879,0.000035,145,-0.141993,1,1,14872.390,375.106
s38417,co_wear_leveling,0.500000,combined,16,1.000000,1636,1.000000,0.000000,133742630,0.475898,0.487769,0.000037,0.024945,0.487346,0.000036,147,-0.147070,1,1,15023.498,413.725
s38417,co_wear_leveling,0.750000,combined,16,0.050000,82,0.346618,0.653382,338847,0.479940,0.488037,0.000045,0.016872,0.487616,0.000032,16,-0.837566,0,0,79.440,1.587
s38417,co_wear_leveling,0.750000,combined,16,0.100000,164,0.580031,0.419969,1368518,0.484589,0.494774,0.000033,0.021017,0.493768,0.000027,20,-0.565055,0,0,329.519,5.182
s38417,co_wear_leveling,0.750000,combined,16,0.150000,245,0.686471,0.313529,3036462,0.481777,0.491273,0.000022,0.019710,0.490600,0.000019,36,-0.403342,0,0,717.641,10.594
s38417,co_wear_leveling,0.750000,combined,16,0.200000,327,0.762638,0.237362,5436918,0.484248,0.491044,0.000010,0.014034,0.490540,0.000009,39,-0.279049,0,0,1268.306,18.591
s38417,co_wear_leveling,0.750000,combined,16,0.250000,409,0.821111,0.178889,8509379,0.484464,0.493492,0.000016,0.018633,0.492278,0.000014,51,-0.246866,0,0,1964.623,27.621
s38417,co_wear_leveling,0.750000,combined,16,0.300000,491,0.869980,0.130020,12224149,0.482910,0.490505,0.000008,0.015728,0.488888,0.000007,51,-0.159073,0,0,2802.201,45.173
s38417,co_wear_leveling,0.750000,combined,16,0.350000,573,0.904649,0.095351,16527205,0.479403,0.490285,0.000013,0.022699,0.488899,0.000012,56,-0.144147,0,0,3726.590,62.145
s38417,co_wear_leveling,0.750000,combined,16,0.400000,654,0.929939,0.070061,21367843,0.475791,0.486792,0.000015,0.023122,0.485578,0.000013,74,-0.117139,0,0,4683.308,82.601
s38417,co_wear_leveling,0.750000,combined,16,0.450000,736,0.947816,0.052184,26919889,0.473291,0.487836,0.000018,0.030732,0.486758,0.000016,78,-0.112252,0,0,5788.765,87.491
s38417,co_wear_leveling,0.750000,combined,16,0.500000,818,0.961495,0.038505,33365865,0.474905,0.490942,0.000024,0.033769,0.489483,0.000021,95,-0.129065,0,0,6870.308,107.579
s38417,co_wear_leveling,0.750000,combined,16,0.550000,900,0.971829,0.028171,40440323,0.475489,0.490868,0.000025,0.032343,0.489542,0.000022,104,-0.122378,0,0,8005.656,128.679
s38417,co_wear_leveling,0.750000,combined,16,0.600000,982,0.980964,0.019036,48265405,0.476676,0.490728,0.000023,0.029479,0.489325,0.000022,113,-0.109738,0,0,9122.520,152.525
s38417,co_wear_leveling,0.750000,combined,16,0.650000,1063,0.987224,0.012776,56492578,0.476141,0.490534,0.000030,0.030229,0.489238,0.000029,127,-0.133051,0,0,10168.260,179.077
s38417,co_wear_leveling,0.750000,combined,16,0.700000,1145,0.992065,0.007935,65424020,0.475266,0.490272,0.000046,0.031574,0.489631,0.000043,138,-0.194883,0,0,11207.380,207.524
s38417,co_wear_leveling,0.750000,combined,16,0.750000,1227,0.995961,0.004039,74408277,0.470699,0.484690,0.000053,0.029724,0.484149,0.000050,161,-0.209903,0,0,12191.339,295.321
s38417,co_wear_leveling,0.750000,combined,16,0.800000,1309,0.997880,0.002120,84602726,0.470236,0.484863,0.000057,0.031106,0.484377,0.000055,180,-0.227296,0,1,13029.559,337.072
s38417,co_wear_leveling,0.750000,combined,16,0.850000,1391,0.998545,0.001455,95556410,0.470345,0.485098,0.000053,0.031367,0.484569,0.000051,151,-0.209916,0,1,13800.502,306.067
s38417,co_wear_leveling,0.750000,combined,16,0.900000,1472,0.999026,0.000974,107482500,0.472425,0.484414,0.000034,0.025377,0.483914,0.000032,145,-0.128316,1,1,14323.311,345.628
s38417,co_wear_leveling,0.750000,combined,16,0.950000,1554,0.999513,0.000487,120034269,0.473384,0.485353,0.000037,0.025282,0.484879,0.000035,145,-0.141993,1,1,14669.494,384.470
s38417,co_wear_leveling,0.750000,combined,16,1.000000,1636,1.000000,0.000000,133742630,0.475898,0.487769,0.000037,0.024945,0.487346,0.000036,147,-0.147070,1,1,14793.944,420.694
s38417,co_wear_leveling,1.000000,combined,16,0.050000,82,0.346618,0.653382,338847,0.479940,0.488037,0.000045,0.016872,0.487616,0.000032,16,-0.837566,0,0,78.122,1.548
s38417,co_wear_leveling,1.000000,combined,16,0.100000,164,0.580031,0.419969,1368518,0.484589,0.494774,0.000033,0.021017,0.493768,0.000027,20,-0.565055,0,0,322.105,4.979
s38417,co_wear_leveling,1.000000,combined,16,0.150000,245,0.686471,0.313529,3036462,0.481777,0.491273,0.000022,0.019710,0.490600,0.000019,36,-0.403342,0,0,715.364,10.574
s38417,co_wear_leveling,1.000000,combined,16,0.200000,327,0.762638,0.237362,5436918,0.484248,0.491044,0.000010,0.014034,0.490540,0.000009,39,-0.279049,0,0,1256.216,17.914
s38417,co_wear_leveling,1.000000,combined,16,0.250000,409,0.821111,0.178889,8509379,0.484464,0.493492,0.000016,0.018633,0.492278,0.000014,51,-0.246866,0,0,1958.885,27.043
s38417,co_wear_leveling,1.000000,combined,16,0.300000,491,0.869980,0.130020,12224149,0.482910,0.490505,0.000008,0.015728,0.488888,0.000007,51,-0.159073,0,0,2783.320,43.271
s38417,co_wear_leveling,1.000000,combined,16,0.350000,573,0.904649,0.095351,16527205,0.479403,0.490285,0.000013,0.022699,0.488899,0.000012,56,-0.144147,0,0,3715.680,60.983
s38417,co_wear_leveling,1.000000,combined,16,0.400000,654,0.929939,0.070061,21367843,0.475791,0.486792,0.000015,0.023122,0.485578,0.000013,74,-0.117139,0,0,4721.508,80.783
s38417,co_wear_leveling,1.000000,combined,16,0.450000,736,0.947816,0.052184,26919889,0.473291,0.487836,0.000018,0.030732,0.486758,0.000016,78,-0.112252,0,0,5776.800,86.067
s38417,co_wear_leveling,1.000000,combined,16,0.500000,818,0.961495,0.038505,33365865,0.474905,0.490942,0.000024,0.033769,0.489483,0.000021,95,-0.129065,0,0,6843.665,105.624
s38417,co_wear_leveling,1.000000,combined,16,0.550000,900,0.971829,0.028171,40440323,0.475489,0.490868,0.000025,0.032343,0.489542,0.000022,104,-0.122378,0,0,7984.444,127.233
s38417,co_wear_leveling,1.000000,combined,16,0.600000,982,0.980964,0.019036,48265405,0.476676,0.490728,0.000023,0.029479,0.489325,0.000022,113,-0.109738,0,0,9078.979,150.922
s38417,co_wear_leveling,1.000000,combined,16,0.650000,1063,0.987224,0.012776,56492578,0.476141,0.490534,0.000030,0.030229,0.489238,0.000029,127,-0.133051,0,0,10126.263,173.846
s38417,co_wear_leveling,1.000000,combined,16,0.700000,1145,0.992065,0.007935,65424020,0.475266,0.490272,0.000046,0.031574,0.489631,0.000043,138,-0.194883,0,0,11155.748,202.527
s38417,co_wear_leveling,1.000000,combined,16,0.750000,1227,0.995961,0.004039,74408277,0.470699,0.484690,0.000053,0.029724,0.484149,0.000050,161,-0.209903,0,0,12114.049,289.742
s38417,co_wear_leveling,1.000000,combined,16,0.800000,1309,0.997880,0.002120,84602726,0.470236,0.484863,0.000057,0.031106,0.484377,0.000055,180,-0.227296,0,1,12969.864,334.592
s38417,co_wear_leveling,1.000000,combined,16,0.850000,1391,0.998545,0.001455,95556410,0.470345,0.485098,0.000053,0.031367,0.484569,0.000051,151,-0.209916,0,1,13718.844,303.236
s38417,co_wear_leveling,1.000000,combined,16,0.900000,1472,0.999026,0.000974,107482500,0.472425,0.484414,0.000034,0.025377,0.483914,0.000032,145,-0.128316,1,1,14292.272,335.618
s38417,co_wear_leveling,1.000000,combined,16,0.950000,1554,0.999513,0.000487,120034269,0.473384,0.485353,0.000037,0.025282,0.484879,0.000035,145,-0.141993,1,1,14647.342,374.847
s38417,co_wear_leveling,1.000000,combined,16,1.000000,1636,1.000000,0.000000,133742630,0.475898,0.487769,0.000037,0.024945,0.487346,0.000036,147,-0.147070,1,1,14793.753,411.605
s38417,random,0.500000,combined,16,0.050000,82,0.054559,0.945441,347295,0.491905,0.501161,0.000012,0.018817,0.494650,0.000004,12,-1.017346,0,0,0.027,3.998
s38417,random,0.500000,combined,16,0.100000,164,0.121823,0.878177,1356909,0.480478,0.486005,0.000006,0.011502,0.483032,0.000003,21,-0.886092,0,0,0.022,6.365
s38417,random,0.500000,combined,16,0.150000,245,0.168109,0.831891,3018368,0.478906,0.488163,0.000013,0.019329,0.486890,0.000009,18,-0.884234,0,0,0.012,11.132
s38417,random,0.500000,combined,16,0.200000,327,0.228085,0.771915,5357829,0.477204,0.485015,0.000013,0.016369,0.484555,0.000011,25,-0.821150,0,0,0.016,18.834
s38417,random,0.500000,combined,16,0.250000,409,0.272138,0.727862,8282893,0.471570,0.482338,0.000024,0.022834,0.481830,0.000021,57,-0.839524,0,0,0.019,29.171
s38417,random,0.500000,combined,16,0.300000,491,0.325206,0.674794,11885927,0.469549,0.480361,0.000027,0.023026,0.479872,0.000024,66,-0.799459,1,0,0.020,39.467
s38417,random,0.500000,combined,16,0.350000,573,0.367905,0.632095,16129445,0.467865,0.480894,0.000032,0.027847,0.480365,0.000029,61,-0.785767,1,1,0.021,53.191
s38417,random,0.500000,combined,16,0.400000,654,0.441102,0.558898,21185906,0.471740,0.483661,0.000030,0.025271,0.482882,0.000027,73,-0.706979,0,1,0.023,69.072
s38417,random,0.500000,combined,16,0.450000,736,0.479084,0.520916,26848692,0.472039,0.483463,0.000031,0.024200,0.483100,0.000028,85,-0.673968,0,0,0.025,86.470
s38417,random,0.500000,combined,16,0.500000,818,0.518777,0.481223,33151499,0.471854,0.482839,0.000027,0.023280,0.482529,0.000025,143,-0.609792,1,1,0.027,106.840
s38417,random,0.500000,combined,16,0.550000,900,0.565954,0.434046,40201408,0.472680,0.483365,0.000027,0.022606,0.482985,0.000026,131,-0.566551,1,1,0.030,129.072
s38417,random,0.500000,combined,16,0.600000,982,0.624356,0.375644,48005451,0.474109,0.483930,0.000022,0.020714,0.483470,0.000021,122,-0.478271,1,1,0.035,151.896
s38417,random,0.500000,combined,16,0.650000,1063,0.682770,0.317230,56497146,0.476179,0.485669,0.000028,0.019929,0.485264,0.000027,127,-0.460650,0,0,0.036,177.103
s38417,random,0.500000,combined,16,0.700000,1145,0.719933,0.280067,65561104,0.476262,0.484891,0.000026,0.018118,0.484502,0.000025,148,-0.411434,1,0,0.038,206.183
s38417,random,0.500000,combined,16,0.750000,1227,0.771030,0.228970,75273412,0.476171,0.485877,0.000034,0.020383,0.485511,0.000032,151,-0.408736,1,0,0.040,235.934
s38417,random,0.500000,combined,16,0.800000,1309,0.829272,0.170728,85632659,0.475960,0.487526,0.000040,0.024299,0.487168,0.000039,161,-0.390917,1,0,0.042,271.940
s38417,random,0.500000,combined,16,0.850000,1391,0.872885,0.127115,96759378,0.476266,0.487529,0.000039,0.023648,0.487139,0.000037,140,-0.340487,1,0,0.045,302.366
s38417,random,0.500000,combined,16,0.900000,1472,0.902677,0.097323,108617777,0.477415,0.487998,0.000037,0.022168,0.487713,0.000035,139,-0.300913,0,0,0.046,338.804
s38417,random,0.500000,combined,16,0.950000,1554,0.947977,0.052023,120558276,0.475451,0.487559,0.000036,0.025466,0.487089,0.000035,146,-0.247994,1,1,0.051,380.911
s38417,random,0.500000,combined,16,1.000000,1636,1.000000,0.000000,133742630,0.475898,0.487769,0.000037,0.024945,0.487346,0.000036,147,-0.201411,1,1,0.050,416.604
s38584,co,0.500000,combined,16,0.050000,71,0.169824,0.830176,318373,0.474863,0.494970,0.000170,0.042343,0.491991,0.000123,12,-1.048784,0,1,0.081,3.496
s38584,co,0.500000,combined,16,0.100000,143,0.251620,0.748380,1299369,0.477759,0.490509,0.000053,0.026688,0.488978,0.000044,27,-0.792803,1,1,0.047,5.328
s38584,co,0.500000,combined,16,0.150000,214,0.320328,0.679672,2942036,0.483024,0.492692,0.000040,0.020015,0.490966,0.000036,37,-0.713411,0,0,0.038,10.827
s38584,co,0.500000,combined,16,0.200000,285,0.384143,0.615857,5225363,0.483699,0.491940,0.000037,0.017038,0.490879,0.000034,68,-0.644969,1,0,0.047,18.320
s38584,co,0.500000,combined,16,0.250000,357,0.443775,0.556225,8173875,0.482214,0.493987,0.000039,0.024414,0.492814,0.000035,87,-0.588157,1,1,0.049,27.147
s38584,co,0.500000,combined,16,0.300000,428,0.496968,0.503032,11850234,0.486393,0.496645,0.000027,0.021076,0.495689,0.000025,101,-0.524436,1,1,0.053,39.405
s38584,co,0.500000,combined,16,0.350000,499,0.547443,0.452557,16217032,0.489687,0.496678,0.000009,0.014275,0.495858,0.000009,103,-0.451726,1,1,0.054,51.487
s38584,co,0.500000,combined,16,0.400000,570,0.597917,0.402083,21294544,0.492796,0.499420,0.000009,0.013441,0.498702,0.000008,117,-0.405695,0,0,0.053,67.044
s38584,co,0.500000,combined,16,0.450000,642,0.646594,0.353406,26987300,0.492309,0.497096,0.000004,0.009723,0.496687,0.000003,67,-0.346968,0,1,0.055,88.947
s38584,co,0.500000,combined,16,0.500000,713,0.693472,0.306528,33396819,0.493940,0.499056,0.000003,0.010357,0.498596,0.000002,59,-0.302367,0,0,0.060,110.440
s38584,co,0.500000,combined,16,0.550000,784,0.738009,0.261991,40379233,0.493940,0.498820,0.000003,0.009880,0.498402,0.000002,79,-0.257292,0,0,0.063,133.065
s38584,co,0.500000,combined,16,0.600000,856,0.783172,0.216828,48088018,0.493444,0.498199,0.000003,0.009637,0.497816,0.000003,70,-0.212340,0,0,0.065,158.012
s38584,co,0.500000,combined,16,0.650000,927,0.827332,0.172668,56512690,0.494464,0.500126,0.000005,0.011450,0.499818,0.000004,65,-0.173053,0,0,0.055,184.107
s38584,co,0.500000,combined,16,0.700000,998,0.868900,0.131100,65335757,0.493217,0.496730,0.000002,0.007123,0.496444,0.000002,122,-0.123362,1,1,0.066,214.066
s38584,co,0.500000,combined,16,0.750000,1070,0.911053,0.088947,75479316,0.495688,0.499016,0.000003,0.006714,0.498750,0.000003,96,-0.086447,1,1,0.075,240.213
s38584,co,0.500000,combined,16,0.800000,1141,0.949902,0.050098,85902679,0.496117,0.499753,0.000003,0.007329,0.499495,0.000003,43,-0.048830,1,1,0.065,261.854
s38584,co,0.500000,combined,16,0.850000,1212,0.984862,0.015138,96996250,0.496476,0.501098,0.000004,0.009310,0.500855,0.000004,39,-0.017832,0,0,0.066,291.553
s38584,co,0.500000,combined,16,0.900000,1283,0.994020,0.005980,108778367,0.496864,0.503349,0.000006,0.013052,0.503120,0.000006,61,-0.014306,0,0,0.066,327.927
s38584,co,0.500000,combined,16,0.950000,1355,0.997031,0.002969,121227192,0.496443,0.500641,0.000004,0.008455,0.500423,0.000004,274,-0.004578,1,1,0.059,367.238
s38584,co,0.500000,combined,16,1.000000,1426,1.000000,0.000000,134639443,0.497831,0.502151,0.000005,0.008679,0.501945,0.000005,257,-0.006596,1,1,0.076,404.684
s38584,combined,0.500000,combined,16,0.050000,71,0.169824,0.830176,318373,0.474863,0.494970,0.000170,0.042343,0.491991,0.000123,12,-1.048784,0,1,0.105,2.089
s38584,combined,0.500000,combined,16,0.100000,143,0.251620,0.748380,1299369,0.477759,0.490509,0.000053,0.026688,0.488978,0.000044,27,-0.792803,1,1,0.040,5.268
s38584,combined,0.500000,combined,16,0.150000,214,0.320328,0.679672,2942036,0.483024,0.492692,0.000040,0.020015,0.490966,0.000036,37,-0.713411,0,0,0.048,10.914
s38584,combined,0.500000,combined,16,0.200000,285,0.384143,0.615857,5225363,0.483699,0.491940,0.000037,0.017038,0.490879,0.000034,68,-0.644969,1,0,0.049,18.243
s38584,combined,0.500000,combined,16,0.250000,357,0.443775,0.556225,8173875,0.482214,0.493987,0.000039,0.024414,0.492814,0.000035,87,-0.588157,1,1,0.051,27.837
s38584,combined,0.500000,combined,16,0.300000,428,0.496968,0.503032,11850234,0.486393,0.496645,0.000027,0.021076,0.495689,0.000025,101,-0.524436,1,1,0.052,37.147
s38584,combined,0.500000,combined,16,0.350000,499,0.547443,0.452557,16217032,0.489687,0.496678,0.000009,0.014275,0.495858,0.000009,103,-0.451726,1,1,0.051,50.857
s38584,combined,0.500000,combined,16,0.400000,570,0.597917,0.402083,21294544,0.492796,0.499420,0.000009,0.013441,0.498702,0.000008,117,-0.405695,0,0,0.052,67.731
s38584,combined,0.500000,combined,16,0.450000,642,0.646594,0.353406,26987300,0.492309,0.497096,0.000004,0.009723,0.496687,0.000003,67,-0.346968,0,1,0.053,83.315
s38584,combined,0.500000,combined,16,0.500000,713,0.693472,0.306528,33396819,0.493940,0.499056,0.000003,0.010357,0.498596,0.000002,59,-0.302367,0,0,0.055,101.751
s38584,combined,0.500000,combined,16,0.550000,784,0.738009,0.261991,40379233,0.493940,0.498820,0.000003,0.009880,0.498402,0.000002,79,-0.257292,0,0,0.058,124.409
s38584,combined,0.500000,combined,16,0.600000,856,0.783172,0.216828,48088018,0.493444,0.498199,0.000003,0.009637,0.497816,0.000003,70,-0.212340,0,0,0.059,147.866
s38584,combined,0.500000,combined,16,0.650000,927,0.827332,0.172668,56512690,0.494464,0.500126,0.000005,0.011450,0.499818,0.000004,65,-0.173053,0,0,0.060,170.123
s38584,combined,0.500000,combined,16,0.700000,998,0.868900,0.131100,65335757,0.493217,0.496730,0.000002,0.007123,0.496444,0.000002,122,-0.123362,1,1,0.060,196.183
s38584,combined,0.500000,combined,16,0.750000,1070,0.911053,0.088947,75479316,0.495688,0.499016,0.000003,0.006714,0.498750,0.000003,96,-0.086447,1,1,0.067,229.709
s38584,combined,0.500000,combined,16,0.800000,1141,0.949902,0.050098,85902679,0.496117,0.499753,0.000003,0.007329,0.499495,0.000003,43,-0.048830,1,1,0.065,261.784
s38584,combined,0.500000,combined,16,0.850000,1212,0.984862,0.015138,96996250,0.496476,0.501098,0.000004,0.009310,0.500855,0.000004,39,-0.017832,0,0,0.067,294.622
s38584,combined,0.500000,combined,16,0.900000,1283,0.994020,0.005980,108778367,0.496864,0.503349,0.000006,0.013052,0.503120,0.000006,61,-0.014306,0,0,0.069,328.209
s38584,combined,0.500000,combined,16,0.950000,1355,0.997031,0.002969,121227192,0.496443,0.500641,0.000004,0.008455,0.500423,0.000004,274,-0.004578,1,1,0.069,368.028
s38584,combined,0.500000,combined,16,1.000000,1426,1.000000,0.000000,134639443,0.497831,0.502151,0.000005,0.008679,0.501945,0.000005,257,-0.006596,1,1,0.072,402.387
s38584,combined_wear,0.000000,combined,16,0.050000,71,0.169824,0.830176,318373,0.474863,0.494970,0.000170,0.042343,0.491991,0.000123,12,-1.048784,0,1,0.054,2.005
s38584,combined_wear,0.000000,combined,16,0.100000,143,0.251620,0.748380,1299369,0.477759,0.490509,0.000053,0.026688,0.488978,0.000044,27,-0.792803,1,1,0.040,5.037
s38584,combined_wear,0.000000,combined,16,0.150000,214,0.320328,0.679672,2942036,0.483024,0.492692,0.000040,0.020015,0.490966,0.000036,37,-0.713411,0,0,0.040,10.253
s38584,combined_wear,0.000000,combined,16,0.200000,285,0.384143,0.615857,5225363,0.483699,0.491940,0.000037,0.017038,0.490879,0.000034,68,-0.644969,1,0,0.049,17.445
s38584,combined_wear,0.000000,combined,16,0.250000,357,0.443775,0.556225,8173875,0.482214,0.493987,0.000039,0.024414,0.492814,0.000035,87,-0.588157,1,1,0.050,26.577
s38584,combined_wear,0.000000,combined,16,0.300000,428,0.496968,0.503032,11850234,0.486393,0.496645,0.000027,0.021076,0.495689,0.000025,101,-0.524436,1,1,0.052,37.513
s38584,combined_wear,0.000000,combined,16,0.350000,499,0.547443,0.452557,16217032,0.489687,0.496678,0.000009,0.014275,0.495858,0.000009,103,-0.451726,1,1,0.053,50.640
s38584,combined_wear,0.000000,combined,16,0.400000,570,0.597917,0.402083,21294544,0.492796,0.499420,0.000009,0.013441,0.498702,0.000008,117,-0.405695,0,0,0.055,65.705
s38584,combined_wear,0.000000,combined,16,0.450000,642,0.646594,0.353406,26987300,0.492309,0.497096,0.000004,0.009723,0.496687,0.000003,67,-0.346968,0,1,0.055,83.034
s38584,combined_wear,0.000000,combined,16,0.500000,713,0.693472,0.306528,33396819,0.493940,0.499056,0.000003,0.010357,0.498596,0.000002,59,-0.302367,0,0,0.059,102.426
s38584,combined_wear,0.000000,combined,16,0.550000,784,0.738009,0.261991,40379233,0.493940,0.498820,0.000003,0.009880,0.498402,0.000002,79,-0.257292,0,0,0.059,122.467
s38584,combined_wear,0.000000,combined,16,0.600000,856,0.783172,0.216828,48088018,0.493444,0.498199,0.000003,0.009637,0.497816,0.000003,70,-0.212340,0,0,0.061,145.264
s38584,combined_wear,0.000000,combined,16,0.650000,927,0.827332,0.172668,56512690,0.494464,0.500126,0.000005,0.011450,0.499818,0.000004,65,-0.173053,0,0,0.063,171.402
s38584,combined_wear,0.000000,combined,16,0.700000,998,0.868900,0.131100,65335757,0.493217,0.496730,0.000002,0.007123,0.496444,0.000002,122,-0.123362,1,1,0.064,195.156
s38584,combined_wear,0.000000,combined,16,0.750000,1070,0.911053,0.088947,75479316,0.495688,0.499016,0.000003,0.006714,0.498750,0.000003,96,-0.086447,1,1,0.064,225.282
s38584,combined_wear,0.000000,combined,16,0.800000,1141,0.949902,0.050098,85902679,0.496117,0.499753,0.000003,0.007329,0.499495,0.000003,43,-0.048830,1,1,0.067,259.316
s38584,combined_wear,0.000000,combined,16,0.850000,1212,0.984862,0.015138,96996250,0.496476,0.501098,0.000004,0.009310,0.500855,0.000004,39,-0.017832,0,0,0.068,286.214
s38584,combined_wear,0.000000,combined,16,0.900000,1283,0.994020,0.005980,108778367,0.496864,0.503349,0.000006,0.013052,0.503120,0.000006,61,-0.014306,0,0,0.070,322.425
s38584,combined_wear,0.000000,combined,16,0.950000,1355,0.997031,0.002969,121227192,0.496443,0.500641,0.000004,0.008455,0.500423,0.000004,274,-0.004578,1,1,0.073,358.744
s38584,combined_wear,0.000000,combined,16,1.000000,1426,1.000000,0.000000,134639443,0.497831,0.502151,0.000005,0.008679,0.501945,0.000005,257,-0.006596,1,1,0.075,397.463
s38584,combined_wear,0.250000,combined,16,0.050000,71,0.129720,0.870280,327080,0.487849,0.503865,0.000033,0.032830,0.494526,0.000013,6,-1.063844,0,1,0.065,1.998
s38584,combined_wear,0.250000,combined,16,0.100000,143,0.181533,0.818467,1342193,0.493505,0.507493,0.000025,0.028344,0.502734,0.000015,16,-0.969290,0,1,0.047,5.327
s38584,combined_wear,0.250000,combined,16,0.150000,214,0.232551,0.767449,3038872,0.498923,0.508081,0.000019,0.018356,0.504818,0.000014,41,-0.879199,0,0,0.057,10.972
s38584,combined_wear,0.250000,combined,16,0.200000,285,0.274662,0.725338,5454859,0.504943,0.513679,0.000012,0.017301,0.510685,0.000010,35,-0.806826,0,0,0.059,18.084
s38584,combined_wear,0.250000,combined,16,0.250000,357,0.331284,0.668716,8575467,0.505906,0.516396,0.000025,0.020735,0.514469,0.000023,87,-0.842203,0,0,0.058,28.521
s38584,combined_wear,0.250000,combined,16,0.300000,428,0.395852,0.604148,12309451,0.505242,0.512438,0.000022,0.014242,0.512173,0.000020,95,-0.747284,0,0,0.062,39.622
s38584,combined_wear,0.250000,combined,16,0.350000,499,0.453352,0.546648,16607623,0.501481,0.512197,0.000035,0.021369,0.511739,0.000033,109,-0.778462,0,0,0.061,52.541
s38584,combined_wear,0.250000,combined,16,0.400000,570,0.503952,0.496048,21526056,0.498153,0.508680,0.000037,0.021130,0.507905,0.000035,144,-0.730915,0,0,0.063,66.762
s38584,combined_wear,0.250000,combined,16,0.450000,642,0.553590,0.446410,27315930,0.498304,0.505715,0.000026,0.014873,0.504928,0.000025,192,-0.604164,0,0,0.064,83.871
s38584,combined_wear,0.250000,combined,16,0.500000,713,0.603019,0.396981,33680804,0.498140,0.505752,0.000030,0.015281,0.505448,0.000030,224,-0.585766,0,0,0.066,102.234
s38584,combined_wear,0.250000,combined,16,0.550000,784,0.655919,0.344081,40718268,0.498087,0.504076,0.000023,0.012023,0.503891,0.000023,171,-0.483163,0,0,0.068,122.586
s38584,combined_wear,0.250000,combined,16,0.600000,856,0.702379,0.297621,48558796,0.498275,0.503961,0.000019,0.011413,0.503611,0.000018,123,-0.406384,0,0,0.069,147.926
s38584,combined_wear,0.250000,combined,16,0.650000,927,0.745954,0.254046,56891240,0.497776,0.503054,0.000018,0.010602,0.502802,0.000017,99,-0.353724,0,0,0.073,170.469
s38584,combined_wear,0.250000,combined,16,0.700000,998,0.786267,0.213733,65960029,0.497930,0.501725,0.000012,0.007622,0.501616,0.000011,59,-0.270995,0,0,0.074,198.989
s38584,combined_wear,0.250000,combined,16,0.750000,1070,0.832936,0.167064,75704976,0.497170,0.501686,0.000013,0.009084,0.501170,0.000013,34,-0.233780,1,1,0.076,225.578
s38584,combined_wear,0.250000,combined,16,0.800000,1141,0.869611,0.130389,86330183,0.498586,0.502672,0.000010,0.008196,0.502183,0.000009,38,-0.174566,0,0,0.076,258.393
s38584,combined_wear,0.250000,combined,16,0.850000,1212,0.905658,0.094342,97527862,0.499197,0.502537,0.000006,0.006692,0.502386,0.000006,74,-0.118225,0,0,0.080,287.409
s38584,combined_wear,0.250000,combined,16,0.900000,1283,0.945260,0.054740,109222180,0.498891,0.502833,0.000008,0.007902,0.502432,0.000008,64,-0.091391,0,0,0.081,326.066
s38584,combined_wear,0.250000,combined,16,0.950000,1355,0.983482,0.016518,121711859,0.498428,0.502067,0.000006,0.007300,0.501473,0.000006,219,-0.035346,1,0,0.085,358.464
s38584,combined_wear,0.250000,combined,16,1.000000,1426,1.000000,0.000000,134639443,0.497831,0.502151,0.000005,0.008679,0.501945,0.000005,257,-0.014210,1,1,0.085,399.819
s38584,combined_wear,0.500000,combined,16,0.050000,71,0.115502,0.884498,333236,0.497031,0.510007,0.000043,0.026108,0.502290,0.000016,5,-1.114896,0,1,0.058,1.896
s38584,combined_wear,0.500000,combined,16,0.100000,143,0.173755,0.826245,1354721,0.498111,0.507387,0.000021,0.018623,0.502770,0.000013,20,-0.930041,0,0,0.041,5.029
s38584,combined_wear,0.500000,combined,16,0.150000,214,0.214319,0.785681,3077266,0.505226,0.513175,0.000014,0.015734,0.509921,0.000010,26,-0.860750,0,0,0.042,10.518
s38584,combined_wear,0.500000,combined,16,0.200000,285,0.258771,0.741229,5472917,0.506614,0.517188,0.000023,0.020871,0.515145,0.000019,54,-0.869894,0,0,0.052,17.449
s38584,combined_wear,0.500000,combined,16,0.250000,357,0.312591,0.687409,8615447,0.508264,0.518881,0.000025,0.020888,0.517244,0.000022,83,-0.832184,0,0,0.053,26.892
s38584,combined_wear,0.500000,combined,16,0.300000,428,0.370844,0.629156,12346200,0.506750,0.516461,0.000025,0.019162,0.514918,0.000023,96,-0.772112,0,0,0.055,38.169
s38584,combined_wear,0.500000,combined,16,0.350000,499,0.421988,0.578012,16692478,0.504044,0.513177,0.000025,0.018120,0.512296,0.000023,113,-0.715812,0,0,0.055,51.441
s38584,combined_wear,0.500000,combined,16,0.400000,570,0.475306,0.524694,21598035,0.499819,0.509524,0.000032,0.019416,0.508969,0.000030,146,-0.692639,0,0,0.061,68.192
s38584,combined_wear,0.500000,combined,16,0.450000,642,0.526910,0.473090,27434998,0.500476,0.506945,0.000024,0.012926,0.506676,0.000023,180,-0.591477,0,0,0.059,82.694
s38584,combined_wear,0.500000,combined,16,0.500000,713,0.576130,0.423870,33755985,0.499252,0.504614,0.000017,0.010739,0.504360,0.000016,122,-0.499963,0,0,0.060,101.986
s38584,combined_wear,0.500000,combined,16,0.550000,784,0.625392,0.374608,40765086,0.498660,0.504258,0.000020,0.011226,0.504085,0.000019,131,-0.466191,0,0,0.062,122.692
s38584,combined_wear,0.500000,combined,16,0.600000,856,0.673734,0.326266,48569734,0.498387,0.503109,0.000016,0.009476,0.502983,0.000016,94,-0.395341,0,0,0.066,146.489
s38584,combined_wear,0.500000,combined,16,0.650000,927,0.715678,0.284322,56874803,0.497633,0.501724,0.000013,0.008221,0.501493,0.000012,76,-0.331971,0,0,0.072,172.008
s38584,combined_wear,0.500000,combined,16,0.700000,998,0.760381,0.239619,65909965,0.497552,0.501288,0.000012,0.007510,0.501134,0.000011,13,-0.280591,1,1,0.069,197.259
s38584,combined_wear,0.500000,combined,16,0.750000,1070,0.793752,0.206248,75974125,0.498938,0.502663,0.000007,0.007466,0.502149,0.000007,56,-0.224874,0,0,0.071,226.902
s38584,combined_wear,0.500000,combined,16,0.800000,1141,0.840672,0.159328,86225145,0.497979,0.502119,0.000009,0.008313,0.501612,0.000008,35,-0.184377,0,0,0.071,257.625
s38584,combined_wear,0.500000,combined,16,0.850000,1212,0.889809,0.110191,97449874,0.498798,0.502432,0.000008,0.007286,0.502279,0.000007,49,-0.129554,0,0,0.077,290.584
s38584,combined_wear,0.500000,combined,16,0.900000,1283,0.935433,0.064567,109093636,0.498304,0.502019,0.000008,0.007455,0.501946,0.000007,63,-0.083878,0,0,0.078,322.090
s38584,combined_wear,0.500000,combined,16,0.950000,1355,0.974282,0.025718,121658465,0.498210,0.501695,0.000006,0.006996,0.501205,0.000005,242,-0.032042,1,0,0.082,361.969
s38584,combined_wear,0.500000,combined,16,1.000000,1426,1.000000,0.000000,134639443,0.497831,0.502151,0.000005,0.008679,0.501945,0.000005,257,-0.004481,1,1,0.087,402.163
s38584,combined_wear,0.750000,combined,16,0.050000,71,0.089909,0.910091,338649,0.505105,0.516467,0.000061,0.022495,0.513482,0.000027,12,-1.155889,0,0,0.056,1.975
s38584,combined_wear,0.750000,combined,16,0.100000,143,0.146740,0.853260,1372381,0.504604,0.509964,0.000021,0.010621,0.509606,0.000014,30,-0.926396,0,0,0.041,5.150
s38584,combined_wear,0.750000,combined,16,0.150000,214,0.204282,0.795718,3089427,0.507223,0.514721,0.000017,0.014784,0.512433,0.000013,33,-0.863218,0,0,0.041,10.465
s38584,combined_wear,0.750000,combined,16,0.200000,285,0.258228,0.741772,5477453,0.507034,0.517504,0.000023,0.020650,0.515506,0.000019,54,-0.832565,0,0,0.051,17.875
s38584,combined_wear,0.750000,combined,16,0.250000,357,0.305901,0.694099,8605659,0.507687,0.518186,0.000025,0.020680,0.516312,0.000022,82,-0.795760,0,0,0.051,27.414
s38584,combined_wear,0.750000,combined,16,0.300000,428,0.360306,0.639694,12359329,0.507289,0.516215,0.000026,0.017594,0.515700,0.000024,94,-0.742980,0,0,0.054,38.647
s38584,combined_wear,0.750000,combined,16,0.350000,499,0.413039,0.586961,16701663,0.504321,0.513222,0.000026,0.017649,0.512447,0.000025,115,-0.686996,0,0,0.056,51.566
s38584,combined_wear,0.750000,combined,16,0.400000,570,0.465103,0.534897,21657062,0.501185,0.508469,0.000026,0.014532,0.508300,0.000025,153,-0.627023,0,0,0.056,68.159
s38584,combined_wear,0.750000,combined,16,0.450000,642,0.512399,0.487601,27444708,0.500653,0.506594,0.000021,0.011865,0.506446,0.000020,201,-0.556056,0,0,0.061,85.664
s38584,combined_wear,0.750000,combined,16,0.500000,713,0.565592,0.434408,33771654,0.499484,0.505605,0.000021,0.012254,0.505410,0.000021,170,-0.501443,0,0,0.062,103.354
s38584,combined_wear,0.750000,combined,16,0.550000,784,0.613181,0.386819,40736065,0.498305,0.503817,0.000019,0.011061,0.503631,0.000019,117,-0.442327,0,0,0.065,125.056
s38584,combined_wear,0.750000,combined,16,0.600000,856,0.664534,0.335466,48574583,0.498437,0.502530,0.000013,0.008212,0.502403,0.000012,76,-0.363183,0,0,0.065,147.944
s38584,combined_wear,0.750000,combined,16,0.650000,927,0.705139,0.294861,56876873,0.497651,0.501732,0.000012,0.008201,0.501437,0.000011,16,-0.317165,0,0,0.067,174.348
s38584,combined_wear,0.750000,combined,16,0.700000,998,0.741689,0.258311,65987566,0.498138,0.501439,0.000009,0.006627,0.501285,0.000009,13,-0.268840,0,0,0.069,199.681
s38584,combined_wear,0.750000,combined,16,0.750000,1070,0.776231,0.223769,75994169,0.499070,0.502277,0.000007,0.006426,0.502129,0.000007,48,-0.227964,0,0,0.072,230.511
s38584,combined_wear,0.750000,combined,16,0.800000,1141,0.834065,0.165935,86253059,0.498140,0.502277,0.000009,0.008304,0.501922,0.000008,38,-0.176527,0,0,0.074,263.326
s38584,combined_wear,0.750000,combined,16,0.850000,1212,0.884122,0.115878,97404503,0.498565,0.502395,0.000008,0.007680,0.502307,0.000008,57,-0.125590,0,0,0.076,293.275
s38584,combined_wear,0.750000,combined,16,0.900000,1283,0.929871,0.070129,109165942,0.498634,0.502212,0.000007,0.007175,0.502066,0.000007,125,-0.074321,0,0,0.077,338.345
s38584,combined_wear,0.750000,combined,16,0.950000,1355,0.967800,0.032200,121453795,0.497371,0.501129,0.000006,0.007555,0.500902,0.000006,98,-0.031704,1,1,0.089,391.425
s38584,combined_wear,0.750000,combined,16,1.000000,1426,1.000000,0.000000,134639443,0.497831,0.502151,0.000005,0.008679,0.501945,0.000005,257,0.003595,1,1,0.084,432.919
s38584,combined_wear,1.000000,combined,16,0.050000,71,0.078995,0.921005,339900,0.506971,0.516891,0.000054,0.019568,0.514045,0.000024,13,-1.163305,0,0,0.056,1.872
s38584,combined_wear,1.000000,combined,16,0.100000,143,0.127128,0.872872,1372268,0.504563,0.511068,0.000028,0.012893,0.510716,0.000020,30,-0.987478,0,0,0.040,5.129
s38584,combined_wear,1.000000,combined,16,0.150000,214,0.179526,0.820474,3123037,0.512741,0.519043,0.000017,0.012291,0.518364,0.000013,33,-0.900935,0,0,0.040,10.641
s38584,combined_wear,1.000000,combined,16,0.200000,285,0.251411,0.748589,5489128,0.508115,0.517557,0.000021,0.018583,0.516151,0.000018,55,-0.840963,0,0,0.051,18.249
s38584,combined_wear,1.000000,combined,16,0.250000,357,0.298122,0.701878,8626646,0.508925,0.518270,0.000024,0.018363,0.516853,0.000021,84,-0.807091,0,0,0.052,27.711
s38584,combined_wear,1.000000,combined,16,0.300000,428,0.357421,0.642579,12353062,0.507032,0.516847,0.000028,0.019358,0.516357,0.000026,88,-0.763859,0,0,0.051,38.572
s38584,combined_wear,1.000000,combined,16,0.350000,499,0.406390,0.593610,16703964,0.504390,0.512921,0.000026,0.016912,0.511791,0.000024,116,-0.698021,0,0,0.053,51.896
s38584,combined_wear,1.000000,combined,16,0.400000,570,0.457115,0.542885,21701267,0.502208,0.509273,0.000024,0.014068,0.509086,0.000023,154,-0.634109,0,0,0.055,67.404
s38584,combined_wear,1.000000,combined,16,0.450000,642,0.506419,0.493581,27469373,0.501103,0.507214,0.000021,0.012196,0.506930,0.000021,195,-0.569824,0,0,0.057,84.683
s38584,combined_wear,1.000000,combined,16,0.500000,713,0.558357,0.441643,33797413,0.499865,0.506006,0.000022,0.012284,0.505779,0.000021,166,-0.517681,0,0,0.058,103.523
s38584,combined_wear,1.000000,combined,16,0.550000,784,0.609794,0.390206,40721357,0.498125,0.503433,0.000019,0.010656,0.503295,0.000018,114,-0.446324,0,0,0.061,124.736
s38584,combined_wear,1.000000,combined,16,0.600000,856,0.657383,0.342617,48603510,0.498733,0.502899,0.000012,0.008352,0.502395,0.000012,45,-0.368600,0,0,0.062,149.016
s38584,combined_wear,1.000000,combined,16,0.650000,927,0.701292,0.298708,56866036,0.497556,0.501148,0.000011,0.007219,0.500903,0.000011,17,-0.317082,0,1,0.069,174.229
s38584,combined_wear,1.000000,combined,16,0.700000,998,0.736294,0.263706,66029413,0.498454,0.501409,0.000007,0.005929,0.501305,0.000007,34,-0.265547,0,0,0.072,201.192
s38584,combined_wear,1.000000,combined,16,0.750000,1070,0.773345,0.226655,75946550,0.498757,0.502052,0.000007,0.006606,0.501855,0.000006,51,-0.227168,0,0,0.070,229.680
s38584,combined_wear,1.000000,combined,16,0.800000,1141,0.830176,0.169824,86202199,0.497846,0.501855,0.000008,0.008052,0.501605,0.000008,40,-0.177874,0,0,0.070,262.930
s38584,combined_wear,1.000000,combined,16,0.850000,1212,0.882240,0.117760,97370395,0.498391,0.502190,0.000008,0.007623,0.502156,0.000008,65,-0.125411,0,0,0.073,294.610
s38584,combined_wear,1.000000,combined,16,0.900000,1283,0.926107,0.073893,108993957,0.497849,0.501726,0.000007,0.007788,0.501525,0.000007,116,-0.074914,0,0,0.073,331.485
s38584,combined_wear,1.000000,combined,16,0.950000,1355,0.964789,0.035211,121503007,0.497573,0.501129,0.000006,0.007147,0.501024,0.000006,186,-0.030323,1,1,0.077,366.093
s38584,combined_wear,1.000000,combined,16,1.000000,1426,1.000000,0.000000,134639443,0.497831,0.502151,0.000005,0.008679,0.501945,0.000005,257,0.006468,1,1,0.083,406.978
s38584,combined_wear_leveling,0.000000,combined,16,0.050000,71,0.169824,0.830176,318373,0.474863,0.494970,0.000170,0.042343,0.491991,0.000123,12,-1.048784,0,1,51.655,1.835
s38584,combined_wear_leveling,0.000000,combined,16,0.100000,143,0.251620,0.748380,1299369,0.477759,0.490509,0.000053,0.026688,0.488978,0.000044,27,-0.792803,1,1,222.952,5.046
s38584,combined_wear_leveling,0.000000,combined,16,0.150000,214,0.320328,0.679672,2942036,0.483024,0.492692,0.000040,0.020015,0.490966,0.000036,37,-0.713411,0,0,499.969,10.723
s38584,combined_wear_leveling,0.000000,combined,16,0.200000,285,0.384143,0.615857,5225363,0.483699,0.491940,0.000037,0.017038,0.490879,0.000034,68,-0.644969,1,0,890.108,17.385
s38584,combined_wear_leveling,0.000000,combined,16,0.250000,357,0.443775,0.556225,8173875,0.482214,0.493987,0.000039,0.024414,0.492814,0.000035,87,-0.588157,1,1,1394.530,26.677
s38584,combined_wear_leveling,0.000000,combined,16,0.300000,428,0.496968,0.503032,11850234,0.486393,0.496645,0.000027,0.021076,0.495689,0.000025,101,-0.524436,1,1,2003.725,37.387
s38584,combined_wear_leveling,0.000000,combined,16,0.350000,499,0.547443,0.452557,16217032,0.489687,0.496678,0.000009,0.014275,0.495858,0.000009,103,-0.451726,1,1,2686.286,57.078
s38584,combined_wear_leveling,0.000000,combined,16,0.400000,570,0.597917,0.402083,21294544,0.492796,0.499420,0.000009,0.013441,0.498702,0.000008,117,-0.405695,0,0,3429.201,66.187
s38584,combined_wear_leveling,0.000000,combined,16,0.450000,642,0.646594,0.353406,26987300,0.492309,0.497096,0.000004,0.009723,0.496687,0.000003,67,-0.346968,0,1,4235.364,82.512
s38584,combined_wear_leveling,0.000000,combined,16,0.500000,713,0.693472,0.306528,33396819,0.493940,0.499056,0.000003,0.010357,0.498596,0.000002,59,-0.302367,0,0,5053.200,106.758
s38584,combined_wear_leveling,0.000000,combined,16,0.550000,784,0.738009,0.261991,40379233,0.493940,0.498820,0.000003,0.009880,0.498402,0.000002,79,-0.257292,0,0,5894.305,122.435
s38584,combined_wear_leveling,0.000000,combined,16,0.600000,856,0.783172,0.216828,48088018,0.493444,0.498199,0.000003,0.009637,0.497816,0.000003,70,-0.212340,0,0,6759.740,147.769
s38584,combined_wear_leveling,0.000000,combined,16,0.650000,927,0.827332,0.172668,56512690,0.494464,0.500126,0.000005,0.011450,0.499818,0.000004,65,-0.173053,0,0,7642.516,169.755
s38584,combined_wear_leveling,0.000000,combined,16,0.700000,998,0.868900,0.131100,65335757,0.493217,0.496730,0.000002,0.007123,0.496444,0.000002,122,-0.123362,1,1,8448.739,243.919
s38584,combined_wear_leveling,0.000000,combined,16,0.750000,1070,0.911053,0.088947,75479316,0.495688,0.499016,0.000003,0.006714,0.498750,0.000003,96,-0.086447,1,1,9172.342,226.499
s38584,combined_wear_leveling,0.000000,combined,16,0.800000,1141,0.949902,0.050098,85902679,0.496117,0.499753,0.000003,0.007329,0.499495,0.000003,43,-0.048830,1,1,9757.761,317.671
s38584,combined_wear_leveling,0.000000,combined,16,0.850000,1212,0.984862,0.015138,96996250,0.496476,0.501098,0.000004,0.009310,0.500855,0.000004,39,-0.017832,0,0,10343.275,291.686
s38584,combined_wear_leveling,0.000000,combined,16,0.900000,1283,0.994020,0.005980,108778367,0.496864,0.503349,0.000006,0.013052,0.503120,0.000006,61,-0.014306,0,0,10769.599,400.737
s38584,combined_wear_leveling,0.000000,combined,16,0.950000,1355,0.997031,0.002969,121227192,0.496443,0.500641,0.000004,0.008455,0.500423,0.000004,274,-0.004578,1,1,11011.492,360.582
s38584,combined_wear_leveling,0.000000,combined,16,1.000000,1426,1.000000,0.000000,134639443,0.497831,0.502151,0.000005,0.008679,0.501945,0.000005,257,-0.006596,1,1,11143.399,397.542
s38584,combined_wear_leveling,0.250000,combined,16,0.050000,71,0.169824,0.830176,318373,0.474863,0.494970,0.000170,0.042343,0.491991,0.000123,12,-1.048784,0,1,52.491,2.076
s38584,combined_wear_leveling,0.250000,combined,16,0.100000,143,0.251620,0.748380,1296848,0.476832,0.490667,0.000071,0.029015,0.489182,0.000061,26,-0.818720,1,1,224.245,5.101
s38584,combined_wear_leveling,0.250000,combined,16,0.150000,214,0.320328,0.679672,2942036,0.483024,0.492692,0.000040,0.020015,0.490966,0.000036,37,-0.713411,0,0,500.628,10.430
s38584,combined_wear_leveling,0.250000,combined,16,0.200000,285,0.384143,0.615857,5227890,0.483933,0.492521,0.000041,0.017746,0.491459,0.000037,69,-0.651363,1,0,887.726,17.723
s38584,combined_wear_leveling,0.250000,combined,16,0.250000,357,0.443775,0.556225,8173875,0.482214,0.493987,0.000039,0.024414,0.492814,0.000035,87,-0.588157,1,1,1387.926,27.135
s38584,combined_wear_leveling,0.250000,combined,16,0.300000,428,0.496968,0.503032,11872221,0.487296,0.497558,0.000027,0.021059,0.496981,0.000025,101,-0.526051,0,1,1998.227,38.089
s38584,combined_wear_leveling,0.250000,combined,16,0.350000,499,0.547443,0.452557,16221867,0.489833,0.496889,0.000009,0.014404,0.496393,0.000008,110,-0.451788,0,1,2667.921,57.633
s38584,combined_wear_leveling,0.250000,combined,16,0.400000,570,0.597917,0.402083,21279761,0.492454,0.499499,0.000011,0.014306,0.499065,0.000010,115,-0.408422,0,0,3428.190,67.083
s38584,combined_wear_leveling,0.250000,combined,16,0.450000,642,0.646594,0.353406,26974224,0.492070,0.496932,0.000004,0.009879,0.496295,0.000003,66,-0.346722,0,1,4250.145,83.947
s38584,combined_wear_leveling,0.250000,combined,16,0.500000,713,0.693472,0.306528,33412134,0.494167,0.498508,0.000003,0.008785,0.498140,0.000002,77,-0.302031,0,0,5085.867,104.748
s38584,combined_wear_leveling,0.250000,combined,16,0.550000,784,0.738009,0.261991,40355256,0.493647,0.497286,0.000002,0.007372,0.496951,0.000002,72,-0.254503,0,0,5944.659,124.822
s38584,combined_wear_leveling,0.250000,combined,16,0.600000,856,0.783172,0.216828,48098054,0.493547,0.497497,0.000004,0.008003,0.497190,0.000004,65,-0.212365,0,1,6798.185,149.737
s38584,combined_wear_leveling,0.250000,combined,16,0.650000,927,0.827332,0.172668,56533232,0.494644,0.499818,0.000004,0.010459,0.499464,0.000004,65,-0.172488,0,0,7672.350,172.219
s38584,combined_wear_leveling,0.250000,combined,16,0.700000,998,0.868900,0.131100,65393863,0.493656,0.496851,0.000002,0.006472,0.496522,0.000002,174,-0.123118,1,1,8484.019,243.222
s38584,combined_wear_leveling,0.250000,combined,16,0.750000,1070,0.911053,0.088947,75507078,0.495871,0.499157,0.000003,0.006627,0.498850,0.000003,103,-0.086820,1,0,9206.569,230.389
s38584,combined_wear_leveling,0.250000,combined,16,0.800000,1141,0.949902,0.050098,85859162,0.495865,0.499358,0.000003,0.007043,0.499108,0.000003,45,-0.048216,1,1,9817.584,322.874
s38584,combined_wear_leveling,0.250000,combined,16,0.850000,1212,0.984862,0.015138,96996250,0.496476,0.501098,0.000004,0.009310,0.500855,0.000004,39,-0.017832,0,0,10371.583,293.930
s38584,combined_wear_leveling,0.250000,combined,16,0.900000,1283,0.994020,0.005980,108778367,0.496864,0.503349,0.000006,0.013052,0.503120,0.000006,61,-0.014306,0,0,10813.493,409.654
s38584,combined_wear_leveling,0.250000,combined,16,0.950000,1355,0.997031,0.002969,121227192,0.496443,0.500641,0.000004,0.008455,0.500423,0.000004,274,-0.004578,1,1,11122.630,366.741
s38584,combined_wear_leveling,0.250000,combined,16,1.000000,1426,1.000000,0.000000,134639443,0.497831,0.502151,0.000005,0.008679,0.501945,0.000005,257,-0.006596,1,1,11194.721,404.220
s38584,combined_wear_leveling,0.500000,combined,16,0.050000,71,0.169824,0.830176,318373,0.474863,0.494970,0.000170,0.042343,0.491991,0.000123,12,-1.048784,0,1,52.810,1.991
s38584,combined_wear_leveling,0.500000,combined,16,0.100000,143,0.251620,0.748380,1296848,0.476832,0.490667,0.000071,0.029015,0.489182,0.000061,26,-0.818720,1,1,223.828,5.330
s38584,combined_wear_leveling,0.500000,combined,16,0.150000,214,0.320328,0.679672,2942036,0.483024,0.492692,0.000040,0.020015,0.490966,0.000036,37,-0.713411,0,0,506.028,10.303
s38584,combined_wear_leveling,0.500000,combined,16,0.200000,285,0.384143,0.615857,5227890,0.483933,0.492521,0.000041,0.017746,0.491459,0.000037,69,-0.651363,1,0,886.425,17.879
s38584,combined_wear_leveling,0.500000,combined,16,0.250000,357,0.443775,0.556225,8173875,0.482214,0.493987,0.000039,0.024414,0.492814,0.000035,87,-0.588157,1,1,1404.573,26.960
s38584,combined_wear_leveling,0.500000,combined,16,0.300000,428,0.496968,0.503032,11872221,0.487296,0.497558,0.000027,0.021059,0.496981,0.000025,101,-0.526051,0,1,2015.807,38.331
s38584,combined_wear_leveling,0.500000,combined,16,0.350000,499,0.547443,0.452557,16221867,0.489833,0.496889,0.000009,0.014404,0.496393,0.000008,110,-0.451788,0,1,2694.371,58.237
s38584,combined_wear_leveling,0.500000,combined,16,0.400000,570,0.597917,0.402083,21279761,0.492454,0.499499,0.000011,0.014306,0.499065,0.000010,115,-0.408422,0,0,3443.652,67.093
s38584,combined_wear_leveling,0.500000,combined,16,0.450000,642,0.646594,0.353406,26974224,0.492070,0.496932,0.000004,0.009879,0.496295,0.000003,66,-0.346722,0,1,4252.866,84.395
s38584,combined_wear_leveling,0.500000,combined,16,0.500000,713,0.693472,0.306528,33412134,0.494167,0.498508,0.000003,0.008785,0.498140,0.000002,77,-0.302031,0,0,5094.684,105.133
s38584,combined_wear_leveling,0.500000,combined,16,0.550000,784,0.738009,0.261991,40355256,0.493647,0.497286,0.000002,0.007372,0.496951,0.000002,72,-0.254503,0,0,5961.998,124.217
s38584,combined_wear_leveling,0.500000,combined,16,0.600000,856,0.783172,0.216828,48098054,0.493547,0.497497,0.000004,0.008003,0.497190,0.000004,65,-0.212365,0,1,6835.533,148.552
s38584,combined_wear_leveling,0.500000,combined,16,0.650000,927,0.827332,0.172668,56533232,0.494644,0.499818,0.000004,0.010459,0.499464,0.000004,65,-0.172488,0,0,7685.939,169.852
s38584,combined_wear_leveling,0.500000,combined,16,0.700000,998,0.868900,0.131100,65393863,0.493656,0.496851,0.000002,0.006472,0.496522,0.000002,174,-0.123118,1,1,8485.473,247.845
s38584,combined_wear_leveling,0.500000,combined,16,0.750000,1070,0.911053,0.088947,75507078,0.495871,0.499157,0.000003,0.006627,0.498850,0.000003,103,-0.086820,1,0,9194.118,226.671
s38584,combined_wear_leveling,0.500000,combined,16,0.800000,1141,0.949902,0.050098,85859162,0.495865,0.499358,0.000003,0.007043,0.499108,0.000003,45,-0.048216,1,1,9819.610,318.867
s38584,combined_wear_leveling,0.500000,combined,16,0.850000,1212,0.984862,0.015138,96996250,0.496476,0.501098,0.000004,0.009310,0.500855,0.000004,39,-0.017832,0,0,10443.356,289.241
s38584,combined_wear_leveling,0.500000,combined,16,0.900000,1283,0.994020,0.005980,108778367,0.496864,0.503349,0.000006,0.013052,0.503120,0.000006,61,-0.014306,0,0,10841.079,403.275
s38584,combined_wear_leveling,0.500000,combined,16,0.950000,1355,0.997031,0.002969,121227192,0.496443,0.500641,0.000004,0.008455,0.500423,0.000004,274,-0.004578,1,1,11109.715,357.762
s38584,combined_wear_leveling,0.500000,combined,16,1.000000,1426,1.000000,0.000000,134639443,0.497831,0.502151,0.000005,0.008679,0.501945,0.000005,257,-0.006596,1,1,11186.798,399.794
s38584,combined_wear_leveling,0.750000,combined,16,0.050000,71,0.169824,0.830176,318373,0.474863,0.494970,0.000170,0.042343,0.491991,0.000123,12,-1.048784,0,1,51.660,1.901
s38584,combined_wear_leveling,0.750000,combined,16,0.100000,143,0.251620,0.748380,1296848,0.476832,0.490667,0.000071,0.029015,0.489182,0.000061,26,-0.818720,1,1,221.688,5.290
s38584,combined_wear_leveling,0.750000,combined,16,0.150000,214,0.320328,0.679672,2942036,0.483024,0.492692,0.000040,0.020015,0.490966,0.000036,37,-0.713411,0,0,497.752,10.344
s38584,combined_wear_leveling,0.750000,combined,16,0.200000,285,0.384143,0.615857,5227890,0.483933,0.492521,0.000041,0.017746,0.491459,0.000037,69,-0.651363,1,0,886.914,17.512
s38584,combined_wear_leveling,0.750000,combined,16,0.250000,357,0.443775,0.556225,8173875,0.482214,0.493987,0.000039,0.024414,0.492814,0.000035,87,-0.588157,1,1,1391.499,26.625
s38584,combined_wear_leveling,0.750000,combined,16,0.300000,428,0.496968,0.503032,11872221,0.487296,0.497558,0.000027,0.021059,0.496981,0.000025,101,-0.526051,0,1,2002.437,37.832
s38584,combined_wear_leveling,0.750000,combined,16,0.350000,499,0.547443,0.452557,16221867,0.489833,0.496889,0.000009,0.014404,0.496393,0.000008,110,-0.451788,0,1,2685.447,56.428
s38584,combined_wear_leveling,0.750000,combined,16,0.400000,570,0.597917,0.402083,21279761,0.492454,0.499499,0.000011,0.014306,0.499065,0.000010,115,-0.408422,0,0,3452.011,65.780
s38584,combined_wear_leveling,0.750000,combined,16,0.450000,642,0.646594,0.353406,26974224,0.492070,0.496932,0.000004,0.009879,0.496295,0.000003,66,-0.346722,0,1,4272.374,83.092
s38584,combined_wear_leveling,0.750000,combined,16,0.500000,713,0.693472,0.306528,33412134,0.494167,0.498508,0.000003,0.008785,0.498140,0.000002,77,-0.302031,0,0,5074.358,103.521
s38584,combined_wear_leveling,0.750000,combined,16,0.550000,784,0.738009,0.261991,40355256,0.493647,0.497286,0.000002,0.007372,0.496951,0.000002,72,-0.254503,0,0,5949.595,123.466
s38584,combined_wear_leveling,0.750000,combined,16,0.600000,856,0.783172,0.216828,48098054,0.493547,0.497497,0.000004,0.008003,0.497190,0.000004,65,-0.212365,0,1,6816.014,147.901
s38584,combined_wear_leveling,0.750000,combined,16,0.650000,927,0.827332,0.172668,56533232,0.494644,0.499818,0.000004,0.010459,0.499464,0.000004,65,-0.172488,0,0,7703.751,169.377
s38584,combined_wear_leveling,0.750000,combined,16,0.700000,998,0.868900,0.131100,65393863,0.493656,0.496851,0.000002,0.006472,0.496522,0.000002,174,-0.123118,1,1,8552.625,247.930
s38584,combined_wear_leveling,0.750000,combined,16,0.750000,1070,0.911053,0.088947,75507078,0.495871,0.499157,0.000003,0.006627,0.498850,0.000003,103,-0.086820,1,0,9298.993,232.714
s38584,combined_wear_leveling,0.750000,combined,16,0.800000,1141,0.949902,0.050098,85859162,0.495865,0.499358,0.000003,0.007043,0.499108,0.000003,45,-0.048216,1,1,9840.659,323.613
s38584,combined_wear_leveling,0.750000,combined,16,0.850000,1212,0.984862,0.015138,96996250,0.496476,0.501098,0.000004,0.009310,0.500855,0.000004,39,-0.017832,0,0,10435.294,294.348
s38584,combined_wear_leveling,0.750000,combined,16,0.900000,1283,0.994020,0.005980,108778367,0.496864,0.503349,0.000006,0.013052,0.503120,0.000006,61,-0.014306,0,0,10848.115,407.651
s38584,combined_wear_leveling,0.750000,combined,16,0.950000,1355,0.997031,0.002969,121227192,0.496443,0.500641,0.000004,0.008455,0.500423,0.000004,274,-0.004578,1,1,11109.106,357.736
s38584,combined_wear_leveling,0.750000,combined,16,1.000000,1426,1.000000,0.000000,134639443,0.497831,0.502151,0.000005,0.008679,0.501945,0.000005,257,-0.006596,1,1,11218.886,396.233
s38584,combined_wear_leveling,1.000000,combined,16,0.050000,71,0.169824,0.830176,318373,0.474863,0.494970,0.000170,0.042343,0.491991,0.000123,12,-1.048784,0,1,52.668,1.993
s38584,combined_wear_leveling,1.000000,combined,16,0.100000,143,0.251620,0.748380,1296848,0.476832,0.490667,0.000071,0.029015,0.489182,0.000061,26,-0.818720,1,1,227.104,5.109
s38584,combined_wear_leveling,1.000000,combined,16,0.150000,214,0.320328,0.679672,2942036,0.483024,0.492692,0.000040,0.020015,0.490966,0.000036,37,-0.713411,0,0,506.448,10.559
s38584,combined_wear_leveling,1.000000,combined,16,0.200000,285,0.384143,0.615857,5227890,0.483933,0.492521,0.000041,0.017746,0.491459,0.000037,69,-0.651363,1,0,891.146,17.677
s38584,combined_wear_leveling,1.000000,combined,16,0.250000,357,0.443775,0.556225,8173875,0.482214,0.493987,0.000039,0.024414,0.492814,0.000035,87,-0.588157,1,1,1400.659,27.132
s38584,combined_wear_leveling,1.000000,combined,16,0.300000,428,0.496968,0.503032,11872221,0.487296,0.497558,0.000027,0.021059,0.496981,0.000025,101,-0.526051,0,1,2033.065,38.243
s38584,combined_wear_leveling,1.000000,combined,16,0.350000,499,0.547443,0.452557,16221867,0.489833,0.496889,0.000009,0.014404,0.496393,0.000008,110,-0.451788,0,1,2701.193,58.135
s38584,combined_wear_leveling,1.000000,combined,16,0.400000,570,0.597917,0.402083,21279761,0.492454,0.499499,0.000011,0.014306,0.499065,0.000010,115,-0.408422,0,0,3479.453,68.412
s38584,combined_wear_leveling,1.000000,combined,16,0.450000,642,0.646594,0.353406,26974224,0.492070,0.496932,0.000004,0.009879,0.496295,0.000003,66,-0.346722,0,1,4307.004,85.577
s38584,combined_wear_leveling,1.000000,combined,16,0.500000,713,0.693472,0.306528,33412134,0.494167,0.498508,0.000003,0.008785,0.498140,0.000002,77,-0.302031,0,0,5137.255,105.665
s38584,combined_wear_leveling,1.000000,combined,16,0.550000,784,0.738009,0.261991,40355256,0.493647,0.497286,0.000002,0.007372,0.496951,0.000002,72,-0.254503,0,0,5982.910,125.334
s38584,combined_wear_leveling,1.000000,combined,16,0.600000,856,0.783172,0.216828,48098054,0.493547,0.497497,0.000004,0.008003,0.497190,0.000004,65,-0.212365,0,1,6840.201,152.094
s38584,combined_wear_leveling,1.000000,combined,16,0.650000,927,0.827332,0.172668,56533232,0.494644,0.499818,0.000004,0.010459,0.499464,0.000004,65,-0.172488,0,0,7730.143,173.041
s38584,combined_wear_leveling,1.000000,combined,16,0.700000,998,0.868900,0.131100,65393863,0.493656,0.496851,0.000002,0.006472,0.496522,0.000002,174,-0.123118,1,1,8530.861,247.862
s38584,combined_wear_leveling,1.000000,combined,16,0.750000,1070,0.911053,0.088947,75507078,0.495871,0.499157,0.000003,0.006627,0.498850,0.000003,103,-0.086820,1,0,9269.782,230.059
s38584,combined_wear_leveling,1.000000,combined,16,0.800000,1141,0.949902,0.050098,85859162,0.495865,0.499358,0.000003,0.007043,0.499108,0.000003,45,-0.048216,1,1,9867.353,333.534
s38584,combined_wear_leveling,1.000000,combined,16,0.850000,1212,0.984862,0.015138,96996250,0.496476,0.501098,0.000004,0.009310,0.500855,0.000004,39,-0.017832,0,0,10486.800,296.783
s38584,combined_wear_leveling,1.000000,combined,16,0.900000,1283,0.994020,0.005980,108778367,0.496864,0.503349,0.000006,0.013052,0.503120,0.000006,61,-0.014306,0,0,10907.033,411.436
s38584,combined_wear_leveling,1.000000,combined,16,0.950000,1355,0.997031,0.002969,121227192,0.496443,0.500641,0.000004,0.008455,0.500423,0.000004,274,-0.004578,1,1,11125.309,367.423
s38584,combined_wear_leveling,1.000000,combined,16,1.000000,1426,1.000000,0.000000,134639443,0.497831,0.502151,0.000005,0.008679,0.501945,0.000005,257,-0.006596,1,1,11277.410,407.943
s38584,co_wear,0.000000,combined,16,0.050000,71,0.169824,0.830176,318373,0.474863,0.494970,0.000170,0.042343,0.491991,0.000123,12,-1.048784,0,1,0.057,2.242
s38584,co_wear,0.000000,combined,16,0.100000,143,0.251620,0.748380,1299369,0.477759,0.490509,0.000053,0.026688,0.488978,0.000044,27,-0.792803,1,1,0.040,5.111
s38584,co_wear,0.000000,combined,16,0.150000,214,0.320328,0.679672,2942036,0.483024,0.492692,0.000040,0.020015,0.490966,0.000036,37,-0.713411,0,0,0.041,10.392
s38584,co_wear,0.000000,combined,16,0.200000,285,0.384143,0.615857,5225363,0.483699,0.491940,0.000037,0.017038,0.490879,0.000034,68,-0.644969,1,0,0.051,17.752
s38584,co_wear,0.000000,combined,16,0.250000,357,0.443775,0.556225,8173875,0.482214,0.493987,0.000039,0.024414,0.492814,0.000035,87,-0.588157,1,1,0.051,27.561
s38584,co_wear,0.000000,combined,16,0.300000,428,0.496968,0.503032,11850234,0.486393,0.496645,0.000027,0.021076,0.495689,0.000025,101,-0.524436,1,1,0.056,38.661
s38584,co_wear,0.000000,combined,16,0.350000,499,0.547443,0.452557,16217032,0.489687,0.496678,0.000009,0.014275,0.495858,0.000009,103,-0.451726,1,1,0.055,52.552
s38584,co_wear,0.000000,combined,16,0.400000,570,0.597917,0.402083,21294544,0.492796,0.499420,0.000009,0.013441,0.498702,0.000008,117,-0.405695,0,0,0.058,67.944
s38584,co_wear,0.000000,combined,16,0.450000,642,0.646594,0.353406,26987300,0.492309,0.497096,0.000004,0.009723,0.496687,0.000003,67,-0.346968,0,1,0.061,85.180
s38584,co_wear,0.000000,combined,16,0.500000,713,0.693472,0.306528,33396819,0.493940,0.499056,0.000003,0.010357,0.498596,0.000002,59,-0.302367,0,0,0.061,104.742
s38584,co_wear,0.000000,combined,16,0.550000,784,0.738009,0.261991,40379233,0.493940,0.498820,0.000003,0.009880,0.498402,0.000002,79,-0.257292,0,0,0.062,124.573
s38584,co_wear,0.000000,combined,16,0.600000,856,0.783172,0.216828,48088018,0.493444,0.498199,0.000003,0.009637,0.497816,0.000003,70,-0.212340,0,0,0.063,148.125
s38584,co_wear,0.000000,combined,16,0.650000,927,0.827332,0.172668,56512690,0.494464,0.500126,0.000005,0.011450,0.499818,0.000004,65,-0.173053,0,0,0.067,174.416
s38584,co_wear,0.000000,combined,16,0.700000,998,0.868900,0.131100,65335757,0.493217,0.496730,0.000002,0.007123,0.496444,0.000002,122,-0.123362,1,1,0.067,200.351
s38584,co_wear,0.000000,combined,16,0.750000,1070,0.911053,0.088947,75479316,0.495688,0.499016,0.000003,0.006714,0.498750,0.000003,96,-0.086447,1,1,0.067,230.116
s38584,co_wear,0.000000,combined,16,0.800000,1141,0.949902,0.050098,85902679,0.496117,0.499753,0.000003,0.007329,0.499495,0.000003,43,-0.048830,1,1,0.070,261.381
s38584,co_wear,0.000000,combined,16,0.850000,1212,0.984862,0.015138,96996250,0.496476,0.501098,0.000004,0.009310,0.500855,0.000004,39,-0.017832,0,0,0.074,295.327
s38584,co_wear,0.000000,combined,16,0.900000,1283,0.994020,0.005980,108778367,0.496864,0.503349,0.000006,0.013052,0.503120,0.000006,61,-0.014306,0,0,0.073,329.916
s38584,co_wear,0.000000,combined,16,0.950000,1355,0.997031,0.002969,121227192,0.496443,0.500641,0.000004,0.008455,0.500423,0.000004,274,-0.004578,1,1,0.077,366.739
s38584,co_wear,0.000000,combined,16,1.000000,1426,1.000000,0.000000,134639443,0.497831,0.502151,0.000005,0.008679,0.501945,0.000005,257,-0.006596,1,1,0.078,411.773
s38584,co_wear,0.250000,combined,16,0.050000,71,0.129720,0.870280,327080,0.487849,0.503865,0.000033,0.032830,0.494526,0.000013,6,-1.063844,0,1,0.066,2.239
s38584,co_wear,0.250000,combined,16,0.100000,143,0.181533,0.818467,1342193,0.493505,0.507493,0.000025,0.028344,0.502734,0.000015,16,-0.969290,0,1,0.048,5.525
s38584,co_wear,0.250000,combined,16,0.150000,214,0.232551,0.767449,3038872,0.498923,0.508081,0.000019,0.018356,0.504818,0.000014,41,-0.879199,0,0,0.048,11.271
s38584,co_wear,0.250000,combined,16,0.200000,285,0.274662,0.725338,5454859,0.504943,0.513679,0.000012,0.017301,0.510685,0.000010,35,-0.806826,0,0,0.061,19.141
s38584,co_wear,0.250000,combined,16,0.250000,357,0.331284,0.668716,8575467,0.505906,0.516396,0.000025,0.020735,0.514469,0.000023,87,-0.842203,0,0,0.061,29.138
s38584,co_wear,0.250000,combined,16,0.300000,428,0.395852,0.604148,12309451,0.505242,0.512438,0.000022,0.014242,0.512173,0.000020,95,-0.747284,0,0,0.063,41.184
s38584,co_wear,0.250000,combined,16,0.350000,499,0.453352,0.546648,16607623,0.501481,0.512197,0.000035,0.021369,0.511739,0.000033,109,-0.778462,0,0,0.066,55.745
s38584,co_wear,0.250000,combined,16,0.400000,570,0.503952,0.496048,21526056,0.498153,0.508680,0.000037,0.021130,0.507905,0.000035,144,-0.730915,0,0,0.067,71.750
s38584,co_wear,0.250000,combined,16,0.450000,642,0.553590,0.446410,27315930,0.498304,0.505715,0.000026,0.014873,0.504928,0.000025,192,-0.604164,0,0,0.069,90.519
s38584,co_wear,0.250000,combined,16,0.500000,713,0.603019,0.396981,33680804,0.498140,0.505752,0.000030,0.015281,0.505448,0.000030,224,-0.585766,0,0,0.073,111.094
s38584,co_wear,0.250000,combined,16,0.550000,784,0.655919,0.344081,40718268,0.498087,0.504076,0.000023,0.012023,0.503891,0.000023,171,-0.483163,0,0,0.074,125.978
s38584,co_wear,0.250000,combined,16,0.600000,856,0.702379,0.297621,48558796,0.498275,0.503961,0.000019,0.011413,0.503611,0.000018,123,-0.406384,0,0,0.070,149.191
s38584,co_wear,0.250000,combined,16,0.650000,927,0.745954,0.254046,56891240,0.497776,0.503054,0.000018,0.010602,0.502802,0.000017,99,-0.353724,0,0,0.076,174.421
s38584,co_wear,0.250000,combined,16,0.700000,998,0.786267,0.213733,65960029,0.497930,0.501725,0.000012,0.007622,0.501616,0.000011,59,-0.270995,0,0,0.071,201.234
s38584,co_wear,0.250000,combined,16,0.750000,1070,0.832936,0.167064,75704976,0.497170,0.501686,0.000013,0.009084,0.501170,0.000013,34,-0.233780,1,1,0.076,230.873
s38584,co_wear,0.250000,combined,16,0.800000,1141,0.869611,0.130389,86330183,0.498586,0.502672,0.000010,0.008196,0.502183,0.000009,38,-0.174566,0,0,0.079,262.017
s38584,co_wear,0.250000,combined,16,0.850000,1212,0.905658,0.094342,97527862,0.499197,0.502537,0.000006,0.006692,0.502386,0.000006,74,-0.118225,0,0,0.081,295.433
s38584,co_wear,0.250000,combined,16,0.900000,1283,0.945260,0.054740,109222180,0.498891,0.502833,0.000008,0.007902,0.502432,0.000008,64,-0.091391,0,0,0.084,329.429
s38584,co_wear,0.250000,combined,16,0.950000,1355,0.983482,0.016518,121711859,0.498428,0.502067,0.000006,0.007300,0.501473,0.000006,219,-0.035346,1,0,0.087,367.082
s38584,co_wear,0.250000,combined,16,1.000000,1426,1.000000,0.000000,134639443,0.497831,0.502151,0.000005,0.008679,0.501945,0.000005,257,-0.014210,1,1,0.088,407.169
s38584,co_wear,0.500000,combined,16,0.050000,71,0.115502,0.884498,333236,0.497031,0.510007,0.000043,0.026108,0.502290,0.000016,5,-1.114896,0,1,0.059,2.045
s38584,co_wear,0.500000,combined,16,0.100000,143,0.173755,0.826245,1354721,0.498111,0.507387,0.000021,0.018623,0.502770,0.000013,20,-0.930041,0,0,0.042,5.156
s38584,co_wear,0.500000,combined,16,0.150000,214,0.214319,0.785681,3077266,0.505226,0.513175,0.000014,0.015734,0.509921,0.000010,26,-0.860750,0,0,0.042,10.572
s38584,co_wear,0.500000,combined,16,0.200000,285,0.258771,0.741229,5472917,0.506614,0.517188,0.000023,0.020871,0.515145,0.000019,54,-0.869894,0,0,0.054,18.490
s38584,co_wear,0.500000,combined,16,0.250000,357,0.312591,0.687409,8615447,0.508264,0.518881,0.000025,0.020888,0.517244,0.000022,83,-0.832184,0,0,0.054,28.083
s38584,co_wear,0.500000,combined,16,0.300000,428,0.370844,0.629156,12346200,0.506750,0.516461,0.000025,0.019162,0.514918,0.000023,96,-0.772112,0,0,0.055,39.207
s38584,co_wear,0.500000,combined,16,0.350000,499,0.421988,0.578012,16692478,0.504044,0.513177,0.000025,0.018120,0.512296,0.000023,113,-0.715812,0,0,0.059,51.642
s38584,co_wear,0.500000,combined,16,0.400000,570,0.475306,0.524694,21598035,0.499819,0.509524,0.000032,0.019416,0.508969,0.000030,146,-0.692639,0,0,0.060,66.921
s38584,co_wear,0.500000,combined,16,0.450000,642,0.526910,0.473090,27434998,0.500476,0.506945,0.000024,0.012926,0.506676,0.000023,180,-0.591477,0,0,0.060,84.627
s38584,co_wear,0.500000,combined,16,0.500000,713,0.576130,0.423870,33755985,0.499252,0.504614,0.000017,0.010739,0.504360,0.000016,122,-0.499963,0,0,0.064,104.209
s38584,co_wear,0.500000,combined,16,0.550000,784,0.625392,0.374608,40765086,0.498660,0.504258,0.000020,0.011226,0.504085,0.000019,131,-0.466191,0,0,0.065,124.718
s38584,co_wear,0.500000,combined,16,0.600000,856,0.673734,0.326266,48569734,0.498387,0.503109,0.000016,0.009476,0.502983,0.000016,94,-0.395341,0,0,0.069,147.469
s38584,co_wear,0.500000,combined,16,0.650000,927,0.715678,0.284322,56874803,0.497633,0.501724,0.000013,0.008221,0.501493,0.000012,76,-0.331971,0,0,0.069,173.113
s38584,co_wear,0.500000,combined,16,0.700000,998,0.760381,0.239619,65909965,0.497552,0.501288,0.000012,0.007510,0.501134,0.000011,13,-0.280591,1,1,0.072,200.644
s38584,co_wear,0.500000,combined,16,0.750000,1070,0.793752,0.206248,75974125,0.498938,0.502663,0.000007,0.007466,0.502149,0.000007,56,-0.224874,0,0,0.073,229.781
s38584,co_wear,0.500000,combined,16,0.800000,1141,0.840672,0.159328,86225145,0.497979,0.502119,0.000009,0.008313,0.501612,0.000008,35,-0.184377,0,0,0.076,262.797
s38584,co_wear,0.500000,combined,16,0.850000,1212,0.889809,0.110191,97449874,0.498798,0.502432,0.000008,0.007286,0.502279,0.000007,49,-0.129554,0,0,0.077,292.949
s38584,co_wear,0.500000,combined,16,0.900000,1283,0.935433,0.064567,109093636,0.498304,0.502019,0.000008,0.007455,0.501946,0.000007,63,-0.083878,0,0,0.079,330.622
s38584,co_wear,0.500000,combined,16,0.950000,1355,0.974282,0.025718,121658465,0.498210,0.501695,0.000006,0.006996,0.501205,0.000005,242,-0.032042,1,0,0.079,365.190
s38584,co_wear,0.500000,combined,16,1.000000,1426,1.000000,0.000000,134639443,0.497831,0.502151,0.000005,0.008679,0.501945,0.000005,257,-0.004481,1,1,0.083,404.832
s38584,co_wear,0.750000,combined,16,0.050000,71,0.089909,0.910091,338649,0.505105,0.516467,0.000061,0.022495,0.513482,0.000027,12,-1.155889,0,0,0.056,2.014
s38584,co_wear,0.750000,combined,16,0.100000,143,0.146740,0.853260,1372381,0.504604,0.509964,0.000021,0.010621,0.509606,0.000014,30,-0.926396,0,0,0.040,5.083
s38584,co_wear,0.750000,combined,16,0.150000,214,0.204282,0.795718,3089427,0.507223,0.514721,0.000017,0.014784,0.512433,0.000013,33,-0.863218,0,0,0.040,10.323
s38584,co_wear,0.750000,combined,16,0.200000,285,0.258228,0.741772,5477453,0.507034,0.517504,0.000023,0.020650,0.515506,0.000019,54,-0.832565,0,0,0.049,17.781
s38584,co_wear,0.750000,combined,16,0.250000,357,0.305901,0.694099,8605659,0.507687,0.518186,0.000025,0.020680,0.516312,0.000022,82,-0.795760,0,0,0.054,27.984
s38584,co_wear,0.750000,combined,16,0.300000,428,0.360306,0.639694,12359329,0.507289,0.516215,0.000026,0.017594,0.515700,0.000024,94,-0.742980,0,0,0.055,39.773
s38584,co_wear,0.750000,combined,16,0.350000,499,0.413039,0.586961,16701663,0.504321,0.513222,0.000026,0.017649,0.512447,0.000025,115,-0.686996,0,0,0.058,51.374
s38584,co_wear,0.750000,combined,16,0.400000,570,0.465103,0.534897,21657062,0.501185,0.508469,0.000026,0.014532,0.508300,0.000025,153,-0.627023,0,0,0.057,66.383
s38584,co_wear,0.750000,combined,16,0.450000,642,0.512399,0.487601,27444708,0.500653,0.506594,0.000021,0.011865,0.506446,0.000020,201,-0.556056,0,0,0.057,82.794
s38584,co_wear,0.750000,combined,16,0.500000,713,0.565592,0.434408,33771654,0.499484,0.505605,0.000021,0.012254,0.505410,0.000021,170,-0.501443,0,0,0.060,101.363
s38584,co_wear,0.750000,combined,16,0.550000,784,0.613181,0.386819,40736065,0.498305,0.503817,0.000019,0.011061,0.503631,0.000019,117,-0.442327,0,0,0.060,122.513
s38584,co_wear,0.750000,combined,16,0.600000,856,0.664534,0.335466,48574583,0.498437,0.502530,0.000013,0.008212,0.502403,0.000012,76,-0.363183,0,0,0.063,146.164
s38584,co_wear,0.750000,combined,16,0.650000,927,0.705139,0.294861,56876873,0.497651,0.501732,0.000012,0.008201,0.501437,0.000011,16,-0.317165,0,0,0.065,169.763
s38584,co_wear,0.750000,combined,16,0.700000,998,0.741689,0.258311,65987566,0.498138,0.501439,0.000009,0.006627,0.501285,0.000009,13,-0.268840,0,0,0.066,197.063
s38584,co_wear,0.750000,combined,16,0.750000,1070,0.776231,0.223769,75994169,0.499070,0.502277,0.000007,0.006426,0.502129,0.000007,48,-0.227964,0,0,0.070,224.788
s38584,co_wear,0.750000,combined,16,0.800000,1141,0.834065,0.165935,86253059,0.498140,0.502277,0.000009,0.008304,0.501922,0.000008,38,-0.176527,0,0,0.071,255.649
s38584,co_wear,0.750000,combined,16,0.850000,1212,0.884122,0.115878,97404503,0.498565,0.502395,0.000008,0.007680,0.502307,0.000008,57,-0.125590,0,0,0.077,289.089
s38584,co_wear,0.750000,combined,16,0.900000,1283,0.929871,0.070129,109165942,0.498634,0.502212,0.000007,0.007175,0.502066,0.000007,125,-0.074321,0,0,0.072,323.696
s38584,co_wear,0.750000,combined,16,0.950000,1355,0.967800,0.032200,121453795,0.497371,0.501129,0.000006,0.007555,0.500902,0.000006,98,-0.031704,1,1,0.076,358.248
s38584,co_wear,0.750000,combined,16,1.000000,1426,1.000000,0.000000,134639443,0.497831,0.502151,0.000005,0.008679,0.501945,0.000005,257,0.003595,1,1,0.078,397.417
s38584,co_wear,1.000000,combined,16,0.050000,71,0.078995,0.921005,339900,0.506971,0.516891,0.000054,0.019568,0.514045,0.000024,13,-1.163305,0,0,0.054,1.889
s38584,co_wear,1.000000,combined,16,0.100000,143,0.127128,0.872872,1372268,0.504563,0.511068,0.000028,0.012893,0.510716,0.000020,30,-0.987478,0,0,0.039,5.105
s38584,co_wear,1.000000,combined,16,0.150000,214,0.179526,0.820474,3123037,0.512741,0.519043,0.000017,0.012291,0.518364,0.000013,33,-0.900935,0,0,0.040,10.481
s38584,co_wear,1.000000,combined,16,0.200000,285,0.251411,0.748589,5489128,0.508115,0.517557,0.000021,0.018583,0.516151,0.000018,55,-0.840963,0,0,0.048,17.804
s38584,co_wear,1.000000,combined,16,0.250000,357,0.298122,0.701878,8626646,0.508925,0.518270,0.000024,0.018363,0.516853,0.000021,84,-0.807091,0,0,0.049,27.163
s38584,co_wear,1.000000,combined,16,0.300000,428,0.357421,0.642579,12353062,0.507032,0.516847,0.000028,0.019358,0.516357,0.000026,88,-0.763859,0,0,0.051,38.803
s38584,co_wear,1.000000,combined,16,0.350000,499,0.406390,0.593610,16703964,0.504390,0.512921,0.000026,0.016912,0.511791,0.000024,116,-0.698021,0,0,0.054,51.585
s38584,co_wear,1.000000,combined,16,0.400000,570,0.457115,0.542885,21701267,0.502208,0.509273,0.000024,0.014068,0.509086,0.000023,154,-0.634109,0,0,0.055,67.920
s38584,co_wear,1.000000,combined,16,0.450000,642,0.506419,0.493581,27469373,0.501103,0.507214,0.000021,0.012196,0.506930,0.000021,195,-0.569824,0,0,0.057,84.435
s38584,co_wear,1.000000,combined,16,0.500000,713,0.558357,0.441643,33797413,0.499865,0.506006,0.000022,0.012284,0.505779,0.000021,166,-0.517681,0,0,0.060,103.415
s38584,co_wear,1.000000,combined,16,0.550000,784,0.609794,0.390206,40721357,0.498125,0.503433,0.000019,0.010656,0.503295,0.000018,114,-0.446324,0,0,0.062,123.884
s38584,co_wear,1.000000,combined,16,0.600000,856,0.657383,0.342617,48603510,0.498733,0.502899,0.000012,0.008352,0.502395,0.000012,45,-0.368600,0,0,0.063,148.952
s38584,co_wear,1.000000,combined,16,0.650000,927,0.701292,0.298708,56866036,0.497556,0.501148,0.000011,0.007219,0.500903,0.000011,17,-0.317082,0,1,0.066,174.219
s38584,co_wear,1.000000,combined,16,0.700000,998,0.736294,0.263706,66029413,0.498454,0.501409,0.000007,0.005929,0.501305,0.000007,34,-0.265547,0,0,0.069,200.578
s38584,co_wear,1.000000,combined,16,0.750000,1070,0.773345,0.226655,75946550,0.498757,0.502052,0.000007,0.006606,0.501855,0.000006,51,-0.227168,0,0,0.068,229.097
s38584,co_wear,1.000000,combined,16,0.800000,1141,0.830176,0.169824,86202199,0.497846,0.501855,0.000008,0.008052,0.501605,0.000008,40,-0.177874,0,0,0.070,271.358
s38584,co_wear,1.000000,combined,16,0.850000,1212,0.882240,0.117760,97370395,0.498391,0.502190,0.000008,0.007623,0.502156,0.000008,65,-0.125411,0,0,0.079,312.180
s38584,co_wear,1.000000,combined,16,0.900000,1283,0.926107,0.073893,108993957,0.497849,0.501726,0.000007,0.007788,0.501525,0.000007,116,-0.074914,0,0,0.081,348.924
s38584,co_wear,1.000000,combined,16,0.950000,1355,0.964789,0.035211,121503007,0.497573,0.501129,0.000006,0.007147,0.501024,0.000006,186,-0.030323,1,1,0.078,374.041
s38584,co_wear,1.000000,combined,16,1.000000,1426,1.000000,0.000000,134639443,0.497831,0.502151,0.000005,0.008679,0.501945,0.000005,257,0.006468,1,1,0.079,404.910
s38584,co_wear_leveling,0.000000,combined,16,0.050000,71,0.169824,0.830176,318373,0.474863,0.494970,0.000170,0.042343,0.491991,0.000123,12,-1.048784,0,1,55.098,1.989
s38584,co_wear_leveling,0.000000,combined,16,0.100000,143,0.251620,0.748380,1299369,0.477759,0.490509,0.000053,0.026688,0.488978,0.000044,27,-0.792803,1,1,221.219,4.968
s38584,co_wear_leveling,0.000000,combined,16,0.150000,214,0.320328,0.679672,2942036,0.483024,0.492692,0.000040,0.020015,0.490966,0.000036,37,-0.713411,0,0,501.874,10.205
s38584,co_wear_leveling,0.000000,combined,16,0.200000,285,0.384143,0.615857,5225363,0.483699,0.491940,0.000037,0.017038,0.490879,0.000034,68,-0.644969,1,0,885.378,17.485
s38584,co_wear_leveling,0.000000,combined,16,0.250000,357,0.443775,0.556225,8173875,0.482214,0.493987,0.000039,0.024414,0.492814,0.000035,87,-0.588157,1,1,1394.638,26.555
s38584,co_wear_leveling,0.000000,combined,16,0.300000,428,0.496968,0.503032,11850234,0.486393,0.496645,0.000027,0.021076,0.495689,0.000025,101,-0.524436,1,1,2006.539,39.365
s38584,co_wear_leveling,0.000000,combined,16,0.350000,499,0.547443,0.452557,16217032,0.489687,0.496678,0.000009,0.014275,0.495858,0.000009,103,-0.451726,1,1,2677.185,50.661
s38584,co_wear_leveling,0.000000,combined,16,0.400000,570,0.597917,0.402083,21294544,0.492796,0.499420,0.000009,0.013441,0.498702,0.000008,117,-0.405695,0,0,3426.449,76.481
s38584,co_wear_leveling,0.000000,combined,16,0.450000,642,0.646594,0.353406,26987300,0.492309,0.497096,0.000004,0.009723,0.496687,0.000003,67,-0.346968,0,1,4253.347,82.941
s38584,co_wear_leveling,0.000000,combined,16,0.500000,713,0.693472,0.306528,33396819,0.493940,0.499056,0.000003,0.010357,0.498596,0.000002,59,-0.302367,0,0,5056.055,122.282
s38584,co_wear_leveling,0.000000,combined,16,0.550000,784,0.738009,0.261991,40379233,0.493940,0.498820,0.000003,0.009880,0.498402,0.000002,79,-0.257292,0,0,5924.190,122.874
s38584,co_wear_leveling,0.000000,combined,16,0.600000,856,0.783172,0.216828,48088018,0.493444,0.498199,0.000003,0.009637,0.497816,0.000003,70,-0.212340,0,0,6778.666,176.773
s38584,co_wear_leveling,0.000000,combined,16,0.650000,927,0.827332,0.172668,56512690,0.494464,0.500126,0.000005,0.011450,0.499818,0.000004,65,-0.173053,0,0,7662.599,171.617
s38584,co_wear_leveling,0.000000,combined,16,0.700000,998,0.868900,0.131100,65335757,0.493217,0.496730,0.000002,0.007123,0.496444,0.000002,122,-0.123362,1,1,8448.177,196.732
s38584,co_wear_leveling,0.000000,combined,16,0.750000,1070,0.911053,0.088947,75479316,0.495688,0.499016,0.000003,0.006714,0.498750,0.000003,96,-0.086447,1,1,9172.399,228.613
s38584,co_wear_leveling,0.000000,combined,16,0.800000,1141,0.949902,0.050098,85902679,0.496117,0.499753,0.000003,0.007329,0.499495,0.000003,43,-0.048830,1,1,9774.318,255.344
s38584,co_wear_leveling,0.000000,combined,16,0.850000,1212,0.984862,0.015138,96996250,0.496476,0.501098,0.000004,0.009310,0.500855,0.000004,39,-0.017832,0,0,10381.304,291.296
s38584,co_wear_leveling,0.000000,combined,16,0.900000,1283,0.994020,0.005980,108778367,0.496864,0.503349,0.000006,0.013052,0.503120,0.000006,61,-0.014306,0,0,10806.877,323.936
s38584,co_wear_leveling,0.000000,combined,16,0.950000,1355,0.997031,0.002969,121227192,0.496443,0.500641,0.000004,0.008455,0.500423,0.000004,274,-0.004578,1,1,11103.376,362.914
s38584,co_wear_leveling,0.000000,combined,16,1.000000,1426,1.000000,0.000000,134639443,0.497831,0.502151,0.000005,0.008679,0.501945,0.000005,257,-0.006596,1,1,11176.329,408.132
s38584,co_wear_leveling,0.250000,combined,16,0.050000,71,0.169824,0.830176,318373,0.474863,0.494970,0.000170,0.042343,0.491991,0.000123,12,-1.048784,0,1,52.551,2.038
s38584,co_wear_leveling,0.250000,combined,16,0.100000,143,0.251620,0.748380,1296848,0.476832,0.490667,0.000071,0.029015,0.489182,0.000061,26,-0.818720,1,1,225.708,5.140
s38584,co_wear_leveling,0.250000,combined,16,0.150000,214,0.320328,0.679672,2942036,0.483024,0.492692,0.000040,0.020015,0.490966,0.000036,37,-0.713411,0,0,502.792,10.541
s38584,co_wear_leveling,0.250000,combined,16,0.200000,285,0.384143,0.615857,5227890,0.483933,0.492521,0.000041,0.017746,0.491459,0.000037,69,-0.651363,1,0,895.061,17.740
s38584,co_wear_leveling,0.250000,combined,16,0.250000,357,0.443775,0.556225,8173875,0.482214,0.493987,0.000039,0.024414,0.492814,0.000035,87,-0.588157,1,1,1390.853,27.235
s38584,co_wear_leveling,0.250000,combined,16,0.300000,428,0.496968,0.503032,11872221,0.487296,0.497558,0.000027,0.021059,0.496981,0.000025,101,-0.526051,0,1,1997.041,38.402
s38584,co_wear_leveling,0.250000,combined,16,0.350000,499,0.547443,0.452557,16221867,0.489833,0.496889,0.000009,0.014404,0.496393,0.000008,110,-0.451788,0,1,2664.007,50.541
s38584,co_wear_leveling,0.250000,combined,16,0.400000,570,0.597917,0.402083,21279761,0.492454,0.499499,0.000011,0.014306,0.499065,0.000010,115,-0.408422,0,0,3403.982,79.805
s38584,co_wear_leveling,0.250000,combined,16,0.450000,642,0.646594,0.353406,26974224,0.492070,0.496932,0.000004,0.009879,0.496295,0.000003,66,-0.346722,0,1,4266.150,83.618
s38584,co_wear_leveling,0.250000,combined,16,0.500000,713,0.693472,0.306528,33412134,0.494167,0.498508,0.000003,0.008785,0.498140,0.000002,77,-0.302031,0,0,5081.878,122.008
s38584,co_wear_leveling,0.250000,combined,16,0.550000,784,0.738009,0.261991,40355256,0.493647,0.497286,0.000002,0.007372,0.496951,0.000002,72,-0.254503,0,0,5928.671,123.586
s38584,co_wear_leveling,0.250000,combined,16,0.600000,856,0.783172,0.216828,48098054,0.493547,0.497497,0.000004,0.008003,0.497190,0.000004,65,-0.212365,0,1,6795.959,178.323
s38584,co_wear_leveling,0.250000,combined,16,0.650000,927,0.827332,0.172668,56533232,0.494644,0.499818,0.000004,0.010459,0.499464,0.000004,65,-0.172488,0,0,7621.825,170.304
s38584,co_wear_leveling,0.250000,combined,16,0.700000,998,0.868900,0.131100,65393863,0.493656,0.496851,0.000002,0.006472,0.496522,0.000002,174,-0.123118,1,1,8423.880,196.668
s38584,co_wear_leveling,0.250000,combined,16,0.750000,1070,0.911053,0.088947,75507078,0.495871,0.499157,0.000003,0.006627,0.498850,0.000003,103,-0.086820,1,0,9148.616,230.054
s38584,co_wear_leveling,0.250000,combined,16,0.800000,1141,0.949902,0.050098,85859162,0.495865,0.499358,0.000003,0.007043,0.499108,0.000003,45,-0.048216,1,1,9769.873,256.672
s38584,co_wear_leveling,0.250000,combined,16,0.850000,1212,0.984862,0.015138,96996250,0.496476,0.501098,0.000004,0.009310,0.500855,0.000004,39,-0.017832,0,0,10372.347,291.958
s38584,co_wear_leveling,0.250000,combined,16,0.900000,1283,0.994020,0.005980,108778367,0.496864,0.503349,0.000006,0.013052,0.503120,0.000006,61,-0.014306,0,0,10819.823,330.313
s38584,co_wear_leveling,0.250000,combined,16,0.950000,1355,0.997031,0.002969,121227192,0.496443,0.500641,0.000004,0.008455,0.500423,0.000004,274,-0.004578,1,1,11075.883,362.514
s38584,co_wear_leveling,0.250000,combined,16,1.000000,1426,1.000000,0.000000,134639443,0.497831,0.502151,0.000005,0.008679,0.501945,0.000005,257,-0.006596,1,1,11192.374,402.571
s38584,co_wear_leveling,0.500000,combined,16,0.050000,71,0.169824,0.830176,318373,0.474863,0.494970,0.000170,0.042343,0.491991,0.000123,12,-1.048784,0,1,52.561,1.903
s38584,co_wear_leveling,0.500000,combined,16,0.100000,143,0.251620,0.748380,1296848,0.476832,0.490667,0.000071,0.029015,0.489182,0.000061,26,-0.818720,1,1,224.553,5.182
s38584,co_wear_leveling,0.500000,combined,16,0.150000,214,0.320328,0.679672,2942036,0.483024,0.492692,0.000040,0.020015,0.490966,0.000036,37,-0.713411,0,0,504.938,10.424
s38584,co_wear_leveling,0.500000,combined,16,0.200000,285,0.384143,0.615857,5227890,0.483933,0.492521,0.000041,0.017746,0.491459,0.000037,69,-0.651363,1,0,888.840,17.812
s38584,co_wear_leveling,0.500000,combined,16,0.250000,357,0.443775,0.556225,8173875,0.482214,0.493987,0.000039,0.024414,0.492814,0.000035,87,-0.588157,1,1,1400.249,27.668
s38584,co_wear_leveling,0.500000,combined,16,0.300000,428,0.496968,0.503032,11872221,0.487296,0.497558,0.000027,0.021059,0.496981,0.000025,101,-0.526051,0,1,2012.959,38.585
s38584,co_wear_leveling,0.500000,combined,16,0.350000,499,0.547443,0.452557,16221867,0.489833,0.496889,0.000009,0.014404,0.496393,0.000008,110,-0.451788,0,1,2689.331,51.882
s38584,co_wear_leveling,0.500000,combined,16,0.400000,570,0.597917,0.402083,21279761,0.492454,0.499499,0.000011,0.014306,0.499065,0.000010,115,-0.408422,0,0,3443.429,76.969
s38584,co_wear_leveling,0.500000,combined,16,0.450000,642,0.646594,0.353406,26974224,0.492070,0.496932,0.000004,0.009879,0.496295,0.000003,66,-0.346722,0,1,4285.379,83.292
s38584,co_wear_leveling,0.500000,combined,16,0.500000,713,0.693472,0.306528,33412134,0.494167,0.498508,0.000003,0.008785,0.498140,0.000002,77,-0.302031,0,0,5102.862,123.904
s38584,co_wear_leveling,0.500000,combined,16,0.550000,784,0.738009,0.261991,40355256,0.493647,0.497286,0.000002,0.007372,0.496951,0.000002,72,-0.254503,0,0,5963.891,124.363
s38584,co_wear_leveling,0.500000,combined,16,0.600000,856,0.783172,0.216828,48098054,0.493547,0.497497,0.000004,0.008003,0.497190,0.000004,65,-0.212365,0,1,6787.834,176.658
s38584,co_wear_leveling,0.500000,combined,16,0.650000,927,0.827332,0.172668,56533232,0.494644,0.499818,0.000004,0.010459,0.499464,0.000004,65,-0.172488,0,0,7676.054,171.238
s38584,co_wear_leveling,0.500000,combined,16,0.700000,998,0.868900,0.131100,65393863,0.493656,0.496851,0.000002,0.006472,0.496522,0.000002,174,-0.123118,1,1,8455.795,197.752
s38584,co_wear_leveling,0.500000,combined,16,0.750000,1070,0.911053,0.088947,75507078,0.495871,0.499157,0.000003,0.006627,0.498850,0.000003,103,-0.086820,1,0,9170.868,228.847
s38584,co_wear_leveling,0.500000,combined,16,0.800000,1141,0.949902,0.050098,85859162,0.495865,0.499358,0.000003,0.007043,0.499108,0.000003,45,-0.048216,1,1,9778.842,255.161
s38584,co_wear_leveling,0.500000,combined,16,0.850000,1212,0.984862,0.015138,96996250,0.496476,0.501098,0.000004,0.009310,0.500855,0.000004,39,-0.017832,0,0,10390.964,295.149
s38584,co_wear_leveling,0.500000,combined,16,0.900000,1283,0.994020,0.005980,108778367,0.496864,0.503349,0.000006,0.013052,0.503120,0.000006,61,-0.014306,0,0,10821.735,321.553
s38584,co_wear_leveling,0.500000,combined,16,0.950000,1355,0.997031,0.002969,121227192,0.496443,0.500641,0.000004,0.008455,0.500423,0.000004,274,-0.004578,1,1,11137.216,364.079
s38584,co_wear_leveling,0.500000,combined,16,1.000000,1426,1.000000,0.000000,134639443,0.497831,0.502151,0.000005,0.008679,0.501945,0.000005,257,-0.006596,1,1,11221.353,399.012
s38584,co_wear_leveling,0.750000,combined,16,0.050000,71,0.169824,0.830176,318373,0.474863,0.494970,0.000170,0.042343,0.491991,0.000123,12,-1.048784,0,1,51.818,1.984
s38584,co_wear_leveling,0.750000,combined,16,0.100000,143,0.251620,0.748380,1296848,0.476832,0.490667,0.000071,0.029015,0.489182,0.000061,26,-0.818720,1,1,225.881,4.977
s38584,co_wear_leveling,0.750000,combined,16,0.150000,214,0.320328,0.679672,2942036,0.483024,0.492692,0.000040,0.020015,0.490966,0.000036,37,-0.713411,0,0,499.100,10.356
s38584,co_wear_leveling,0.750000,combined,16,0.200000,285,0.384143,0.615857,5227890,0.483933,0.492521,0.000041,0.017746,0.491459,0.000037,69,-0.651363,1,0,889.219,17.524
s38584,co_wear_leveling,0.750000,combined,16,0.250000,357,0.443775,0.556225,8173875,0.482214,0.493987,0.000039,0.024414,0.492814,0.000035,87,-0.588157,1,1,1396.015,26.631
s38584,co_wear_leveling,0.750000,combined,16,0.300000,428,0.496968,0.503032,11872221,0.487296,0.497558,0.000027,0.021059,0.496981,0.000025,101,-0.526051,0,1,2005.100,38.000
s38584,co_wear_leveling,0.750000,combined,16,0.350000,499,0.547443,0.452557,16221867,0.489833,0.496889,0.000009,0.014404,0.496393,0.000008,110,-0.451788,0,1,2684.226,50.205
s38584,co_wear_leveling,0.750000,combined,16,0.400000,570,0.597917,0.402083,21279761,0.492454,0.499499,0.000011,0.014306,0.499065,0.000010,115,-0.408422,0,0,3435.194,76.343
s38584,co_wear_leveling,0.750000,combined,16,0.450000,642,0.646594,0.353406,26974224,0.492070,0.496932,0.000004,0.009879,0.496295,0.000003,66,-0.346722,0,1,4255.130,84.044
s38584,co_wear_leveling,0.750000,combined,16,0.500000,713,0.693472,0.306528,33412134,0.494167,0.498508,0.000003,0.008785,0.498140,0.000002,77,-0.302031,0,0,5078.751,123.673
s38584,co_wear_leveling,0.750000,combined,16,0.550000,784,0.738009,0.261991,40355256,0.493647,0.497286,0.000002,0.007372,0.496951,0.000002,72,-0.254503,0,0,5939.944,124.699
s38584,co_wear_leveling,0.750000,combined,16,0.600000,856,0.783172,0.216828,48098054,0.493547,0.497497,0.000004,0.008003,0.497190,0.000004,65,-0.212365,0,1,6794.970,176.810
s38584,co_wear_leveling,0.750000,combined,16,0.650000,927,0.827332,0.172668,56533232,0.494644,0.499818,0.000004,0.010459,0.499464,0.000004,65,-0.172488,0,0,7652.945,171.730
s38584,co_wear_leveling,0.750000,combined,16,0.700000,998,0.868900,0.131100,65393863,0.493656,0.496851,0.000002,0.006472,0.496522,0.000002,174,-0.123118,1,1,8506.657,201.590
s38584,co_wear_leveling,0.750000,combined,16,0.750000,1070,0.911053,0.088947,75507078,0.495871,0.499157,0.000003,0.006627,0.498850,0.000003,103,-0.086820,1,0,9271.550,230.192
s38584,co_wear_leveling,0.750000,combined,16,0.800000,1141,0.949902,0.050098,85859162,0.495865,0.499358,0.000003,0.007043,0.499108,0.000003,45,-0.048216,1,1,9802.094,255.902
s38584,co_wear_leveling,0.750000,combined,16,0.850000,1212,0.984862,0.015138,96996250,0.496476,0.501098,0.000004,0.009310,0.500855,0.000004,39,-0.017832,0,0,10360.401,295.879
s38584,co_wear_leveling,0.750000,combined,16,0.900000,1283,0.994020,0.005980,108778367,0.496864,0.503349,0.000006,0.013052,0.503120,0.000006,61,-0.014306,0,0,10786.001,324.605
s38584,co_wear_leveling,0.750000,combined,16,0.950000,1355,0.997031,0.002969,121227192,0.496443,0.500641,0.000004,0.008455,0.500423,0.000004,274,-0.004578,1,1,11081.693,364.936
s38584,co_wear_leveling,0.750000,combined,16,1.000000,1426,1.000000,0.000000,134639443,0.497831,0.502151,0.000005,0.008679,0.501945,0.000005,257,-0.006596,1,1,11136.310,395.668
s38584,co_wear_leveling,1.000000,combined,16,0.050000,71,0.169824,0.830176,318373,0.474863,0.494970,0.000170,0.042343,0.491991,0.000123,12,-1.048784,0,1,52.633,2.026
s38584,co_wear_leveling,1.000000,combined,16,0.100000,143,0.251620,0.748380,1296848,0.476832,0.490667,0.000071,0.029015,0.489182,0.000061,26,-0.818720,1,1,225.639,5.021
s38584,co_wear_leveling,1.000000,combined,16,0.150000,214,0.320328,0.679672,2942036,0.483024,0.492692,0.000040,0.020015,0.490966,0.000036,37,-0.713411,0,0,495.307,10.282
s38584,co_wear_leveling,1.000000,combined,16,0.200000,285,0.384143,0.615857,5227890,0.483933,0.492521,0.000041,0.017746,0.491459,0.000037,69,-0.651363,1,0,877.834,17.477
s38584,co_wear_leveling,1.000000,combined,16,0.250000,357,0.443775,0.556225,8173875,0.482214,0.493987,0.000039,0.024414,0.492814,0.000035,87,-0.588157,1,1,1386.779,26.662
s38584,co_wear_leveling,1.000000,combined,16,0.300000,428,0.496968,0.503032,11872221,0.487296,0.497558,0.000027,0.021059,0.496981,0.000025,101,-0.526051,0,1,1996.777,37.656
s38584,co_wear_leveling,1.000000,combined,16,0.350000,499,0.547443,0.452557,16221867,0.489833,0.496889,0.000009,0.014404,0.496393,0.000008,110,-0.451788,0,1,2677.872,50.763
s38584,co_wear_leveling,1.000000,combined,16,0.400000,570,0.597917,0.402083,21279761,0.492454,0.499499,0.000011,0.014306,0.499065,0.000010,115,-0.408422,0,0,3423.241,78.672
s38584,co_wear_leveling,1.000000,combined,16,0.450000,642,0.646594,0.353406,26974224,0.492070,0.496932,0.000004,0.009879,0.496295,0.000003,66,-0.346722,0,1,4232.993,84.288
s38584,co_wear_leveling,1.000000,combined,16,0.500000,713,0.693472,0.306528,33412134,0.494167,0.498508,0.000003,0.008785,0.498140,0.000002,77,-0.302031,0,0,5055.647,121.978
s38584,co_wear_leveling,1.000000,combined,16,0.550000,784,0.738009,0.261991,40355256,0.493647,0.497286,0.000002,0.007372,0.496951,0.000002,72,-0.254503,0,0,5892.504,122.366
s38584,co_wear_leveling,1.000000,combined,16,0.600000,856,0.783172,0.216828,48098054,0.493547,0.497497,0.000004,0.008003,0.497190,0.000004,65,-0.212365,0,1,6758.045,178.979
s38584,co_wear_leveling,1.000000,combined,16,0.650000,927,0.827332,0.172668,56533232,0.494644,0.499818,0.000004,0.010459,0.499464,0.000004,65,-0.172488,0,0,7660.603,169.480
s38584,co_wear_leveling,1.000000,combined,16,0.700000,998,0.868900,0.131100,65393863,0.493656,0.496851,0.000002,0.006472,0.496522,0.000002,174,-0.123118,1,1,8460.020,198.345
s38584,co_wear_leveling,1.000000,combined,16,0.750000,1070,0.911053,0.088947,75507078,0.495871,0.499157,0.000003,0.006627,0.498850,0.000003,103,-0.086820,1,0,9178.868,228.387
s38584,co_wear_leveling,1.000000,combined,16,0.800000,1141,0.949902,0.050098,85859162,0.495865,0.499358,0.000003,0.007043,0.499108,0.000003,45,-0.048216,1,1,9773.814,255.088
s38584,co_wear_leveling,1.000000,combined,16,0.850000,1212,0.984862,0.015138,96996250,0.496476,0.501098,0.000004,0.009310,0.500855,0.000004,39,-0.017832,0,0,10366.732,294.306
s38584,co_wear_leveling,1.000000,combined,16,0.900000,1283,0.994020,0.005980,108778367,0.496864,0.503349,0.000006,0.013052,0.503120,0.000006,61,-0.014306,0,0,10810.690,324.140
s38584,co_wear_leveling,1.000000,combined,16,0.950000,1355,0.997031,0.002969,121227192,0.496443,0.500641,0.000004,0.008455,0.500423,0.000004,274,-0.004578,1,1,11057.118,366.237
s38584,co_wear_leveling,1.000000,combined,16,1.000000,1426,1.000000,0.000000,134639443,0.497831,0.502151,0.000005,0.008679,0.501945,0.000005,257,-0.006596,1,1,11162.554,396.364
s38584,random,0.500000,combined,16,0.050000,71,0.050976,0.949024,325422,0.485376,0.495499,0.000030,0.020856,0.492144,0.000018,8,-1.179471,0,1,0.009,2.318
s38584,random,0.500000,combined,16,0.100000,143,0.102037,0.897963,1339602,0.492552,0.495084,0.000001,0.005140,0.494371,0.000001,24,-0.892674,0,0,0.011,5.440
s38584,random,0.500000,combined,16,0.150000,214,0.155146,0.844854,2993609,0.491491,0.496662,0.000007,0.010521,0.495755,0.000007,32,-0.892049,0,0,0.011,10.971
s38584,random,0.500000,combined,16,0.200000,285,0.206917,0.793083,5305816,0.491146,0.493840,0.000005,0.005484,0.493471,0.000005,0,-0.823174,1,1,0.015,18.635
s38584,random,0.500000,combined,16,0.250000,357,0.258060,0.741940,8354755,0.492885,0.494956,0.000001,0.004201,0.494610,0.000001,47,-0.739538,1,0,0.017,27.439
s38584,random,0.500000,combined,16,0.300000,428,0.301384,0.698616,11999691,0.492528,0.495345,0.000003,0.005719,0.494839,0.000003,38,-0.710169,1,1,0.018,38.531
s38584,random,0.500000,combined,16,0.350000,499,0.353950,0.646050,16366776,0.494209,0.496662,0.000001,0.004965,0.496209,0.000001,81,-0.644850,1,1,0.020,51.891
s38584,random,0.500000,combined,16,0.400000,570,0.397775,0.602225,21445288,0.496284,0.498905,0.000002,0.005281,0.498672,0.000002,137,-0.613354,1,0,0.022,67.195
s38584,random,0.500000,combined,16,0.450000,642,0.447330,0.552670,27223703,0.496621,0.499309,0.000002,0.005412,0.499116,0.000002,148,-0.565016,1,0,0.020,86.323
s38584,random,0.500000,combined,16,0.500000,713,0.499895,0.500105,33688923,0.498260,0.500163,0.000002,0.003819,0.499989,0.000001,78,-0.510852,0,0,0.027,104.110
s38584,random,0.500000,combined,16,0.550000,784,0.550370,0.449630,40663416,0.497416,0.500863,0.000005,0.006929,0.500668,0.000005,85,-0.487628,0,0,0.028,125.505
s38584,random,0.500000,combined,16,0.600000,856,0.594907,0.405093,48398046,0.496625,0.499974,0.000003,0.006743,0.499669,0.000003,48,-0.426461,1,0,0.031,148.832
s38584,random,0.500000,combined,16,0.650000,927,0.642412,0.357588,56782166,0.496822,0.500661,0.000005,0.007727,0.500364,0.000004,47,-0.392775,0,0,0.033,173.817
s38584,random,0.500000,combined,16,0.700000,998,0.686656,0.313344,65781658,0.496583,0.500558,0.000004,0.008003,0.500282,0.000003,73,-0.339217,0,0,0.033,202.835
s38584,random,0.500000,combined,16,0.750000,1070,0.735416,0.264584,75688942,0.497065,0.501588,0.000005,0.009099,0.501331,0.000005,83,-0.306248,0,0,0.035,234.836
s38584,random,0.500000,combined,16,0.800000,1141,0.776021,0.223979,85953035,0.496407,0.500306,0.000004,0.007854,0.500028,0.000004,115,-0.256264,0,0,0.038,266.321
s38584,random,0.500000,combined,16,0.850000,1212,0.835278,0.164722,96937885,0.496177,0.500192,0.000005,0.008092,0.499930,0.000005,131,-0.202113,1,1,0.041,300.189
s38584,random,0.500000,combined,16,0.900000,1283,0.879689,0.120311,108733006,0.496657,0.500536,0.000006,0.007811,0.500314,0.000005,189,-0.163952,1,1,0.041,332.974
s38584,random,0.500000,combined,16,0.950000,1355,0.935098,0.064902,121394031,0.497127,0.500974,0.000005,0.007739,0.500763,0.000005,219,-0.102945,1,1,0.044,373.726
s38584,random,0.500000,combined,16,1.000000,1426,1.000000,0.000000,134639443,0.497831,0.502151,0.000005,0.008679,0.501945,0.000005,257,-0.043428,1,1,0.046,428.696
s510,co,0.500000,combined,16,0.050000,1,0.230769,0.769231,22,0.372881,0.372881,0.000000,0.000000,0.372881,0.000000,0,-0.482073,1,1,0.007,0.004
s510,co,0.500000,combined,16,0.100000,1,0.230769,0.769231,22,0.372881,0.372881,0.000000,0.000000,0.372881,0.000000,0,-0.482073,1,1,0.001,0.002
s510,co,0.500000,combined,16,0.150000,1,0.230769,0.769231,22,0.372881,0.372881,0.000000,0.000000,0.372881,0.000000,0,-0.482073,1,1,0.000,0.002
s510,co,0.500000,combined,16,0.200000,1,0.230769,0.769231,22,0.372881,0.372881,0.000000,0.000000,0.372881,0.000000,0,-0.482073,1,1,0.000,0.002
s510,co,0.500000,combined,16,0.250000,2,0.430769,0.569231,120,0.508475,0.508475,0.000000,0.000000,0.508475,0.000000,0,-0.541289,0,0,0.001,0.010
s510,co,0.500000,combined,16,0.300000,2,0.430769,0.569231,120,0.508475,0.508475,0.000000,0.000000,0.508475,0.000000,0,-0.541289,0,0,0.000,0.005
s510,co,0.500000,combined,16,0.350000,2,0.430769,0.569231,120,0.508475,0.508475,0.000000,0.000000,0.508475,0.000000,0,-0.541289,0,0,0.000,0.003
s510,co,0.500000,combined,16,0.400000,2,0.430769,0.569231,120,0.508475,0.508475,0.000000,0.000000,0.508475,0.000000,0,-0.541289,0,0,0.000,0.003
s510,co,0.500000,combined,16,0.450000,3,0.600000,0.400000,261,0.491525,0.508475,0.000192,0.034483,0.491525,0.000000,0,-0.514806,0,0,0.000,0.023
s510,co,0.500000,combined,16,0.500000,3,0.600000,0.400000,261,0.491525,0.508475,0.000192,0.034483,0.491525,0.000000,0,-0.514806,0,0,0.000,0.013
s510,co,0.500000,combined,16,0.550000,3,0.600000,0.400000,261,0.491525,0.508475,0.000192,0.034483,0.491525,0.000000,0,-0.514806,0,0,0.000,0.009
s510,co,0.500000,combined,16,0.600000,4,0.769231,0.230769,484,0.512712,0.533898,0.000296,0.041322,0.512712,0.000000,0,-0.477150,0,0,0.000,0.042
s510,co,0.500000,combined,16,0.650000,4,0.769231,0.230769,484,0.512712,0.533898,0.000296,0.041322,0.512712,0.000000,0,-0.477150,0,0,0.000,0.022
s510,co,0.500000,combined,16,0.700000,4,0.769231,0.230769,484,0.512712,0.533898,0.000296,0.041322,0.512712,0.000000,0,-0.477150,0,0,0.000,0.015
s510,co,0.500000,combined,16,0.750000,5,0.938462,0.061538,696,0.471864,0.494915,0.000301,0.048851,0.471864,0.000000,0,-0.235196,0,0,0.000,0.049
s510,co,0.500000,combined,16,0.800000,5,0.938462,0.061538,696,0.471864,0.494915,0.000301,0.048851,0.471864,0.000000,0,-0.235196,0,0,0.001,0.026
s510,co,0.500000,combined,16,0.850000,5,0.938462,0.061538,696,0.471864,0.494915,0.000301,0.048851,0.471864,0.000000,0,-0.235196,0,0,0.000,0.018
s510,co,0.500000,combined,16,0.900000,5,0.938462,0.061538,696,0.471864,0.494915,0.000301,0.048851,0.471864,0.000000,0,-0.235196,0,0,0.000,0.016
s510,co,0.500000,combined,16,0.950000,6,1.000000,0.000000,990,0.466102,0.480226,0.000144,0.030303,0.466102,0.000000,0,-0.023738,1,1,0.001,0.065
s510,co,0.500000,combined,16,1.000000,6,1.000000,0.000000,990,0.466102,0.480226,0.000144,0.030303,0.466102,0.000000,0,-0.023738,1,1,0.001,0.040
s510,combined,0.500000,combined,16,0.050000,1,0.230769,0.769231,22,0.372881,0.372881,0.000000,0.000000,0.372881,0.000000,0,-0.482073,1,1,0.004,0.005
s510,combined,0.500000,combined,16,0.100000,1,0.230769,0.769231,22,0.372881,0.372881,0.000000,0.000000,0.372881,0.000000,0,-0.482073,1,1,0.001,0.003
s510,combined,0.500000,combined,16,0.150000,1,0.230769,0.769231,22,0.372881,0.372881,0.000000,0.000000,0.372881,0.000000,0,-0.482073,1,1,0.001,0.002
s510,combined,0.500000,combined,16,0.200000,1,0.230769,0.769231,22,0.372881,0.372881,0.000000,0.000000,0.372881,0.000000,0,-0.482073,1,1,0.000,0.002
s510,combined,0.500000,combined,16,0.250000,2,0.430769,0.569231,120,0.508475,0.508475,0.000000,0.000000,0.508475,0.000000,0,-0.541289,0,0,0.000,0.015
s510,combined,0.500000,combined,16,0.300000,2,0.430769,0.569231,120,0.508475,0.508475,0.000000,0.000000,0.508475,0.000000,0,-0.541289,0,0,0.000,0.006
s510,combined,0.500000,combined,16,0.350000,2,0.430769,0.569231,120,0.508475,0.508475,0.000000,0.000000,0.508475,0.000000,0,-0.541289,0,0,0.000,0.004
s510,combined,0.500000,combined,16,0.400000,2,0.430769,0.569231,120,0.508475,0.508475,0.000000,0.000000,0.508475,0.000000,0,-0.541289,0,0,0.000,0.003
s510,combined,0.500000,combined,16,0.450000,3,0.600000,0.400000,261,0.491525,0.508475,0.000192,0.034483,0.491525,0.000000,0,-0.514806,0,0,0.000,0.024
s510,combined,0.500000,combined,16,0.500000,3,0.600000,0.400000,261,0.491525,0.508475,0.000192,0.034483,0.491525,0.000000,0,-0.514806,0,0,0.000,0.019
s510,combined,0.500000,combined,16,0.550000,3,0.600000,0.400000,261,0.491525,0.508475,0.000192,0.034483,0.491525,0.000000,0,-0.514806,0,0,0.000,0.008
s510,combined,0.500000,combined,16,0.600000,4,0.769231,0.230769,484,0.512712,0.533898,0.000296,0.041322,0.512712,0.000000,0,-0.477150,0,0,0.001,0.042
s510,combined,0.500000,combined,16,0.650000,4,0.769231,0.230769,484,0.512712,0.533898,0.000296,0.041322,0.512712,0.000000,0,-0.477150,0,0,0.001,0.019
s510,combined,0.500000,combined,16,0.700000,4,0.769231,0.230769,484,0.512712,0.533898,0.000296,0.041322,0.512712,0.000000,0,-0.477150,0,0,0.000,0.014
s510,combined,0.500000,combined,16,0.750000,5,0.938462,0.061538,696,0.471864,0.494915,0.000301,0.048851,0.471864,0.000000,0,-0.235196,0,0,0.000,0.058
s510,combined,0.500000,combined,16,0.800000,5,0.938462,0.061538,696,0.471864,0.494915,0.000301,0.048851,0.471864,0.000000,0,-0.235196,0,0,0.001,0.032
s510,combined,0.500000,combined,16,0.850000,5,0.938462,0.061538,696,0.471864,0.494915,0.000301,0.048851,0.471864,0.000000,0,-0.235196,0,0,0.001,0.023
s510,combined,0.500000,combined,16,0.900000,5,0.938462,0.061538,696,0.471864,0.494915,0.000301,0.048851,0.471864,0.000000,0,-0.235196,0,0,0.001,0.019
s510,combined,0.500000,combined,16,0.950000,6,1.000000,0.000000,990,0.466102,0.480226,0.000144,0.030303,0.466102,0.000000,0,-0.023738,1,1,0.001,0.081
s510,combined,0.500000,combined,16,1.000000,6,1.000000,0.000000,990,0.466102,0.480226,0.000144,0.030303,0.466102,0.000000,0,-0.023738,1,1,0.001,0.052
s510,combined_wear,0.000000,combined,16,0.050000,1,0.230769,0.769231,22,0.372881,0.372881,0.000000,0.000000,0.372881,0.000000,0,-0.482073,1,1,0.004,0.004
s510,combined_wear,0.000000,combined,16,0.100000,1,0.230769,0.769231,22,0.372881,0.372881,0.000000,0.000000,0.372881,0.000000,0,-0.482073,1,1,0.001,0.002
s510,combined_wear,0.000000,combined,16,0.150000,1,0.230769,0.769231,22,0.372881,0.372881,0.000000,0.000000,0.372881,0.000000,0,-0.482073,1,1,0.000,0.002
s510,combined_wear,0.000000,combined,16,0.200000,1,0.230769,0.769231,22,0.372881,0.372881,0.000000,0.000000,0.372881,0.000000,0,-0.482073,1,1,0.000,0.002
s510,combined_wear,0.000000,combined,16,0.250000,2,0.430769,0.569231,120,0.508475,0.508475,0.000000,0.000000,0.508475,0.000000,0,-0.541289,0,0,0.001,0.012
s510,combined_wear,0.000000,combined,16,0.300000,2,0.430769,0.569231,120,0.508475,0.508475,0.000000,0.000000,0.508475,0.000000,0,-0.541289,0,0,0.000,0.005
s510,combined_wear,0.000000,combined,16,0.350000,2,0.430769,0.569231,120,0.508475,0.508475,0.000000,0.000000,0.508475,0.000000,0,-0.541289,0,0,0.000,0.003
s510,combined_wear,0.000000,combined,16,0.400000,2,0.430769,0.569231,120,0.508475,0.508475,0.000000,0.000000,0.508475,0.000000,0,-0.541289,0,0,0.000,0.003
s510,combined_wear,0.000000,combined,16,0.450000,3,0.600000,0.400000,261,0.491525,0.508475,0.000192,0.034483,0.491525,0.000000,0,-0.514806,0,0,0.000,0.018
s510,combined_wear,0.000000,combined,16,0.500000,3,0.600000,0.400000,261,0.491525,0.508475,0.000192,0.034483,0.491525,0.000000,0,-0.514806,0,0,0.000,0.009
s510,combined_wear,0.000000,combined,16,0.550000,3,0.600000,0.400000,261,0.491525,0.508475,0.000192,0.034483,0.491525,0.000000,0,-0.514806,0,0,0.000,0.006
s510,combined_wear,0.000000,combined,16,0.600000,4,0.769231,0.230769,484,0.512712,0.533898,0.000296,0.041322,0.512712,0.000000,0,-0.477150,0,0,0.000,0.031
s510,combined_wear,0.000000,combined,16,0.650000,4,0.769231,0.230769,484,0.512712,0.533898,0.000296,0.041322,0.512712,0.000000,0,-0.477150,0,0,0.000,0.015
s510,combined_wear,0.000000,combined,16,0.700000,4,0.769231,0.230769,484,0.512712,0.533898,0.000296,0.041322,0.512712,0.000000,0,-0.477150,0,0,0.000,0.011
s510,combined_wear,0.000000,combined,16,0.750000,5,0.938462,0.061538,696,0.471864,0.494915,0.000301,0.048851,0.471864,0.000000,0,-0.235196,0,0,0.000,0.048
s510,combined_wear,0.000000,combined,16,0.800000,5,0.938462,0.061538,696,0.471864,0.494915,0.000301,0.048851,0.471864,0.000000,0,-0.235196,0,0,0.000,0.027
s510,combined_wear,0.000000,combined,16,0.850000,5,0.938462,0.061538,696,0.471864,0.494915,0.000301,0.048851,0.471864,0.000000,0,-0.235196,0,0,0.000,0.019
s510,combined_wear,0.000000,combined,16,0.900000,5,0.938462,0.061538,696,0.471864,0.494915,0.000301,0.048851,0.471864,0.000000,0,-0.235196,0,0,0.000,0.016
s510,combined_wear,0.000000,combined,16,0.950000,6,1.000000,0.000000,990,0.466102,0.480226,0.000144,0.030303,0.466102,0.000000,0,-0.023738,1,1,0.001,0.063
s510,combined_wear,0.000000,combined,16,1.000000,6,1.000000,0.000000,990,0.466102,0.480226,0.000144,0.030303,0.466102,0.000000,0,-0.023738,1,1,0.001,0.039
s510,combined_wear,0.250000,combined,16,0.050000,1,0.230769,0.769231,22,0.372881,0.372881,0.000000,0.000000,0.372881,0.000000,0,-0.502564,1,1,0.005,0.005
s510,combined_wear,0.250000,combined,16,0.100000,1,0.230769,0.769231,22,0.372881,0.372881,0.000000,0.000000,0.372881,0.000000,0,-0.502564,1,1,0.001,0.003
s510,combined_wear,0.250000,combined,16,0.150000,1,0.230769,0.769231,22,0.372881,0.372881,0.000000,0.000000,0.372881,0.000000,0,-0.502564,1,1,0.001,0.002
s510,combined_wear,0.250000,combined,16,0.200000,1,0.230769,0.769231,22,0.372881,0.372881,0.000000,0.000000,0.372881,0.000000,0,-0.502564,1,1,0.001,0.002
s510,combined_wear,0.250000,combined,16,0.250000,2,0.430769,0.569231,120,0.508475,0.508475,0.000000,0.000000,0.508475,0.000000,0,-0.569231,0,0,0.001,0.026
s510,combined_wear,0.250000,combined,16,0.300000,2,0.430769,0.569231,120,0.508475,0.508475,0.000000,0.000000,0.508475,0.000000,0,-0.569231,0,0,0.001,0.010
s510,combined_wear,0.250000,combined,16,0.350000,2,0.430769,0.569231,120,0.508475,0.508475,0.000000,0.000000,0.508475,0.000000,0,-0.569231,0,0,0.001,0.008
s510,combined_wear,0.250000,combined,16,0.400000,2,0.430769,0.569231,120,0.508475,0.508475,0.000000,0.000000,0.508475,0.000000,0,-0.569231,0,0,0.001,0.007
s510,combined_wear,0.250000,combined,16,0.450000,3,0.600000,0.400000,258,0.485876,0.485876,0.000000,0.000000,0.485876,0.000000,0,-0.355556,0,0,0.001,0.037
s510,combined_wear,0.250000,combined,16,0.500000,3,0.600000,0.400000,258,0.485876,0.485876,0.000000,0.000000,0.485876,0.000000,0,-0.355556,0,0,0.001,0.020
s510,combined_wear,0.250000,combined,16,0.550000,3,0.600000,0.400000,258,0.485876,0.485876,0.000000,0.000000,0.485876,0.000000,0,-0.355556,0,0,0.001,0.015
s510,combined_wear,0.250000,combined,16,0.600000,4,0.769231,0.230769,451,0.477754,0.491525,0.000210,0.028825,0.477754,0.000000,0,-0.358414,0,0,0.001,0.063
s510,combined_wear,0.250000,combined,16,0.650000,4,0.769231,0.230769,451,0.477754,0.491525,0.000210,0.028825,0.477754,0.000000,0,-0.358414,0,0,0.001,0.038
s510,combined_wear,0.250000,combined,16,0.700000,4,0.769231,0.230769,451,0.477754,0.491525,0.000210,0.028825,0.477754,0.000000,0,-0.358414,0,0,0.001,0.029
s510,combined_wear,0.250000,combined,16,0.750000,5,0.938462,0.061538,696,0.471864,0.494915,0.000301,0.048851,0.471864,0.000000,0,-0.262205,0,0,0.001,0.110
s510,combined_wear,0.250000,combined,16,0.800000,5,0.938462,0.061538,696,0.471864,0.494915,0.000301,0.048851,0.471864,0.000000,0,-0.262205,0,0,0.001,0.063
s510,combined_wear,0.250000,combined,16,0.850000,5,0.938462,0.061538,696,0.471864,0.494915,0.000301,0.048851,0.471864,0.000000,0,-0.262205,0,0,0.001,0.050
s510,combined_wear,0.250000,combined,16,0.900000,5,0.938462,0.061538,696,0.471864,0.494915,0.000301,0.048851,0.471864,0.000000,0,-0.262205,0,0,0.001,0.042
s510,combined_wear,0.250000,combined,16,0.950000,6,1.000000,0.000000,990,0.466102,0.480226,0.000144,0.030303,0.466102,0.000000,0,-0.050013,1,1,0.001,0.099
s510,combined_wear,0.250000,combined,16,1.000000,6,1.000000,0.000000,990,0.466102,0.480226,0.000144,0.030303,0.466102,0.000000,0,-0.050013,1,1,0.001,0.079
s510,combined_wear,0.500000,combined,16,0.050000,1,0.230769,0.769231,22,0.372881,0.372881,0.000000,0.000000,0.372881,0.000000,0,-0.534475,1,1,0.010,0.005
s510,combined_wear,0.500000,combined,16,0.100000,1,0.230769,0.769231,22,0.372881,0.372881,0.000000,0.000000,0.372881,0.000000,0,-0.534475,1,1,0.001,0.003
s510,combined_wear,0.500000,combined,16,0.150000,1,0.230769,0.769231,22,0.372881,0.372881,0.000000,0.000000,0.372881,0.000000,0,-0.534475,1,1,0.001,0.002
s510,combined_wear,0.500000,combined,16,0.200000,1,0.230769,0.769231,22,0.372881,0.372881,0.000000,0.000000,0.372881,0.000000,0,-0.534475,1,1,0.001,0.002
s510,combined_wear,0.500000,combined,16,0.250000,2,0.400000,0.600000,106,0.449153,0.457627,0.000072,0.018868,0.449153,0.000000,0,-0.562335,1,1,0.001,0.027
s510,combined_wear,0.500000,combined,16,0.300000,2,0.400000,0.600000,106,0.449153,0.457627,0.000072,0.018868,0.449153,0.000000,0,-0.562335,1,1,0.001,0.013
s510,combined_wear,0.500000,combined,16,0.350000,2,0.400000,0.600000,106,0.449153,0.457627,0.000072,0.018868,0.449153,0.000000,0,-0.562335,1,1,0.001,0.010
s510,combined_wear,0.500000,combined,16,0.400000,2,0.400000,0.600000,106,0.449153,0.457627,0.000072,0.018868,0.449153,0.000000,0,-0.562335,1,1,0.001,0.009
s510,combined_wear,0.500000,combined,16,0.450000,3,0.569231,0.430769,247,0.465160,0.497175,0.000560,0.068826,0.465160,0.000000,0,-0.667589,0,1,0.001,0.041
s510,combined_wear,0.500000,combined,16,0.500000,3,0.569231,0.430769,247,0.465160,0.497175,0.000560,0.068826,0.465160,0.000000,0,-0.667589,0,1,0.001,0.024
s510,combined_wear,0.500000,combined,16,0.550000,3,0.569231,0.430769,247,0.465160,0.497175,0.000560,0.068826,0.465160,0.000000,0,-0.667589,0,1,0.001,0.019
s510,combined_wear,0.500000,combined,16,0.600000,4,0.769231,0.230769,451,0.477754,0.491525,0.000210,0.028825,0.477754,0.000000,0,-0.318708,0,0,0.001,0.064
s510,combined_wear,0.500000,combined,16,0.650000,4,0.769231,0.230769,451,0.477754,0.491525,0.000210,0.028825,0.477754,0.000000,0,-0.318708,0,0,0.001,0.042
s510,combined_wear,0.500000,combined,16,0.700000,4,0.769231,0.230769,451,0.477754,0.491525,0.000210,0.028825,0.477754,0.000000,0,-0.318708,0,0,0.001,0.033
s510,combined_wear,0.500000,combined,16,0.750000,5,0.938462,0.061538,696,0.471864,0.494915,0.000301,0.048851,0.471864,0.000000,0,-0.187213,0,0,0.001,0.086
s510,combined_wear,0.500000,combined,16,0.800000,5,0.938462,0.061538,696,0.471864,0.494915,0.000301,0.048851,0.471864,0.000000,0,-0.187213,0,0,0.001,0.063
s510,combined_wear,0.500000,combined,16,0.850000,5,0.938462,0.061538,696,0.471864,0.494915,0.000301,0.048851,0.471864,0.000000,0,-0.187213,0,0,0.001,0.052
s510,combined_wear,0.500000,combined,16,0.900000,5,0.938462,0.061538,696,0.471864,0.494915,0.000301,0.048851,0.471864,0.000000,0,-0.187213,0,0,0.001,0.045
s510,combined_wear,0.500000,combined,16,0.950000,6,1.000000,0.000000,990,0.466102,0.480226,0.000144,0.030303,0.466102,0.000000,0,-0.034842,1,1,0.001,0.175
s510,combined_wear,0.500000,combined,16,1.000000,6,1.000000,0.000000,990,0.466102,0.480226,0.000144,0.030303,0.466102,0.000000,0,-0.034842,1,1,0.004,0.059
s510,combined_wear,0.750000,combined,16,0.050000,1,0.169231,0.830769,34,0.576271,0.576271,0.000000,0.000000,0.576271,0.000000,0,-0.830769,0,0,0.003,0.004
s510,combined_wear,0.750000,combined,16,0.100000,1,0.169231,0.830769,34,0.576271,0.576271,0.000000,0.000000,0.576271,0.000000,0,-0.830769,0,0,0.001,0.002
s510,combined_wear,0.750000,combined,16,0.150000,1,0.169231,0.830769,34,0.576271,0.576271,0.000000,0.000000,0.576271,0.000000,0,-0.830769,0,0,0.000,0.002
s510,combined_wear,0.750000,combined,16,0.200000,1,0.169231,0.830769,34,0.576271,0.576271,0.000000,0.000000,0.576271,0.000000,0,-0.830769,0,0,0.000,0.001
s510,combined_wear,0.750000,combined,16,0.250000,2,0.400000,0.600000,106,0.449153,0.457627,0.000072,0.018868,0.449153,0.000000,0,-0.418806,1,1,0.001,0.013
s510,combined_wear,0.750000,combined,16,0.300000,2,0.400000,0.600000,106,0.449153,0.457627,0.000072,0.018868,0.449153,0.000000,0,-0.418806,1,1,0.000,0.005
s510,combined_wear,0.750000,combined,16,0.350000,2,0.400000,0.600000,106,0.449153,0.457627,0.000072,0.018868,0.449153,0.000000,0,-0.418806,1,1,0.000,0.003
s510,combined_wear,0.750000,combined,16,0.400000,2,0.400000,0.600000,106,0.449153,0.457627,0.000072,0.018868,0.449153,0.000000,0,-0.418806,1,1,0.000,0.003
s510,combined_wear,0.750000,combined,16,0.450000,3,0.569231,0.430769,247,0.465160,0.497175,0.000560,0.068826,0.465160,0.000000,0,-0.515737,0,1,0.000,0.023
s510,combined_wear,0.750000,combined,16,0.500000,3,0.569231,0.430769,247,0.465160,0.497175,0.000560,0.068826,0.465160,0.000000,0,-0.515737,0,1,0.000,0.009
s510,combined_wear,0.750000,combined,16,0.550000,3,0.569231,0.430769,247,0.465160,0.497175,0.000560,0.068826,0.465160,0.000000,0,-0.515737,0,1,0.000,0.007
s510,combined_wear,0.750000,combined,16,0.600000,4,0.769231,0.230769,451,0.477754,0.491525,0.000210,0.028825,0.477754,0.000000,0,-0.165382,0,0,0.000,0.036
s510,combined_wear,0.750000,combined,16,0.650000,4,0.769231,0.230769,451,0.477754,0.491525,0.000210,0.028825,0.477754,0.000000,0,-0.165382,0,0,0.000,0.018
s510,combined_wear,0.750000,combined,16,0.700000,4,0.769231,0.230769,451,0.477754,0.491525,0.000210,0.028825,0.477754,0.000000,0,-0.165382,0,0,0.000,0.014
s510,combined_wear,0.750000,combined,16,0.750000,5,0.938462,0.061538,696,0.471864,0.494915,0.000301,0.048851,0.471864,0.000000,0,-0.034473,0,0,0.001,0.053
s510,combined_wear,0.750000,combined,16,0.800000,5,0.938462,0.061538,696,0.471864,0.494915,0.000301,0.048851,0.471864,0.000000,0,-0.034473,0,0,0.001,0.030
s510,combined_wear,0.750000,combined,16,0.850000,5,0.938462,0.061538,696,0.471864,0.494915,0.000301,0.048851,0.471864,0.000000,0,-0.034473,0,0,0.000,0.019
s510,combined_wear,0.750000,combined,16,0.900000,5,0.938462,0.061538,696,0.471864,0.494915,0.000301,0.048851,0.471864,0.000000,0,-0.034473,0,0,0.000,0.023
s510,combined_wear,0.750000,combined,16,0.950000,6,1.000000,0.000000,990,0.466102,0.480226,0.000144,0.030303,0.466102,0.000000,0,0.114839,1,1,0.001,0.063
s510,combined_wear,0.750000,combined,16,1.000000,6,1.000000,0.000000,990,0.466102,0.480226,0.000144,0.030303,0.466102,0.000000,0,0.114839,1,1,0.000,0.038
s510,combined_wear,1.000000,combined,16,0.050000,1,0.169231,0.830769,34,0.576271,0.576271,0.000000,0.000000,0.576271,0.000000,0,-0.830769,0,0,0.004,0.004
s510,combined_wear,1.000000,combined,16,0.100000,1,0.169231,0.830769,34,0.576271,0.576271,0.000000,0.000000,0.576271,0.000000,0,-0.830769,0,0,0.001,0.002
s510,combined_wear,1.000000,combined,16,0.150000,1,0.169231,0.830769,34,0.576271,0.576271,0.000000,0.000000,0.576271,0.000000,0,-0.830769,0,0,0.000,0.002
s510,combined_wear,1.000000,combined,16,0.200000,1,0.169231,0.830769,34,0.576271,0.576271,0.000000,0.000000,0.576271,0.000000,0,-0.830769,0,0,0.000,0.001
s510,combined_wear,1.000000,combined,16,0.250000,2,0.338462,0.661538,111,0.470339,0.483051,0.000162,0.027027,0.470339,0.000000,0,-0.560837,0,0,0.001,0.013
s510,combined_wear,1.000000,combined,16,0.300000,2,0.338462,0.661538,111,0.470339,0.483051,0.000162,0.027027,0.470339,0.000000,0,-0.560837,0,0,0.000,0.005
s510,combined_wear,1.000000,combined,16,0.350000,2,0.338462,0.661538,111,0.470339,0.483051,0.000162,0.027027,0.470339,0.000000,0,-0.560837,0,0,0.000,0.003
s510,combined_wear,1.000000,combined,16,0.400000,2,0.338462,0.661538,111,0.470339,0.483051,0.000162,0.027027,0.470339,0.000000,0,-0.560837,0,0,0.000,0.003
s510,combined_wear,1.000000,combined,16,0.450000,3,0.569231,0.430769,247,0.465160,0.497175,0.000560,0.068826,0.465160,0.000000,0,-0.515737,0,1,0.001,0.019
s510,combined_wear,1.000000,combined,16,0.500000,3,0.569231,0.430769,247,0.465160,0.497175,0.000560,0.068826,0.465160,0.000000,0,-0.515737,0,1,0.000,0.010
s510,combined_wear,1.000000,combined,16,0.550000,3,0.569231,0.430769,247,0.465160,0.497175,0.000560,0.068826,0.465160,0.000000,0,-0.515737,0,1,0.000,0.007
s510,combined_wear,1.000000,combined,16,0.600000,4,0.769231,0.230769,451,0.477754,0.491525,0.000210,0.028825,0.477754,0.000000,0,-0.165382,0,0,0.001,0.032
s510,combined_wear,1.000000,combined,16,0.650000,4,0.769231,0.230769,451,0.477754,0.491525,0.000210,0.028825,0.477754,0.000000,0,-0.165382,0,0,0.001,0.016
s510,combined_wear,1.000000,combined,16,0.700000,4,0.769231,0.230769,451,0.477754,0.491525,0.000210,0.028825,0.477754,0.000000,0,-0.165382,0,0,0.000,0.012
s510,combined_wear,1.000000,combined,16,0.750000,5,0.938462,0.061538,696,0.471864,0.494915,0.000301,0.048851,0.471864,0.000000,0,-0.034473,0,0,0.000,0.051
s510,combined_wear,1.000000,combined,16,0.800000,5,0.938462,0.061538,696,0.471864,0.494915,0.000301,0.048851,0.471864,0.000000,0,-0.034473,0,0,0.000,0.034
s510,combined_wear,1.000000,combined,16,0.850000,5,0.938462,0.061538,696,0.471864,0.494915,0.000301,0.048851,0.471864,0.000000,0,-0.034473,0,0,0.001,0.024
s510,combined_wear,1.000000,combined,16,0.900000,5,0.938462,0.061538,696,0.471864,0.494915,0.000301,0.048851,0.471864,0.000000,0,-0.034473,0,0,0.001,0.020
s510,combined_wear,1.000000,combined,16,0.950000,6,1.000000,0.000000,990,0.466102,0.480226,0.000144,0.030303,0.466102,0.000000,0,0.114839,1,1,0.001,0.059
s510,combined_wear,1.000000,combined,16,1.000000,6,1.000000,0.000000,990,0.466102,0.480226,0.000144,0.030303,0.466102,0.000000,0,0.114839,1,1,0.001,0.052
s510,combined_wear_leveling,0.000000,combined,16,0.050000,1,0.230769,0.769231,22,0.372881,0.372881,0.000000,0.000000,0.372881,0.000000,0,-0.482073,1,1,0.016,0.004
s510,combined_wear_leveling,0.000000,combined,16,0.100000,1,0.230769,0.769231,22,0.372881,0.372881,0.000000,0.000000,0.372881,0.000000,0,-0.482073,1,1,0.004,0.003
s510,combined_wear_leveling,0.000000,combined,16,0.150000,1,0.230769,0.769231,22,0.372881,0.372881,0.000000,0.000000,0.372881,0.000000,0,-0.482073,1,1,0.003,0.002
s510,combined_wear_leveling,0.000000,combined,16,0.200000,1,0.230769,0.769231,22,0.372881,0.372881,0.000000,0.000000,0.372881,0.000000,0,-0.482073,1,1,0.002,0.001
s510,combined_wear_leveling,0.000000,combined,16,0.250000,2,0.430769,0.569231,120,0.508475,0.508475,0.000000,0.000000,0.508475,0.000000,0,-0.541289,0,0,0.004,0.010
s510,combined_wear_leveling,0.000000,combined,16,0.300000,2,0.430769,0.569231,120,0.508475,0.508475,0.000000,0.000000,0.508475,0.000000,0,-0.541289,0,0,0.003,0.004
s510,combined_wear_leveling,0.000000,combined,16,0.350000,2,0.430769,0.569231,120,0.508475,0.508475,0.000000,0.000000,0.508475,0.000000,0,-0.541289,0,0,0.003,0.003
s510,combined_wear_leveling,0.000000,combined,16,0.400000,2,0.430769,0.569231,120,0.508475,0.508475,0.000000,0.000000,0.508475,0.000000,0,-0.541289,0,0,0.003,0.003
s510,combined_wear_leveling,0.000000,combined,16,0.450000,3,0.600000,0.400000,261,0.491525,0.508475,0.000192,0.034483,0.491525,0.000000,0,-0.514806,0,0,0.006,0.018
s510,combined_wear_leveling,0.000000,combined,16,0.500000,3,0.600000,0.400000,261,0.491525,0.508475,0.000192,0.034483,0.491525,0.000000,0,-0.514806,0,0,0.005,0.009
s510,combined_wear_leveling,0.000000,combined,16,0.550000,3,0.600000,0.400000,261,0.491525,0.508475,0.000192,0.034483,0.491525,0.000000,0,-0.514806,0,0,0.004,0.006
s510,combined_wear_leveling,0.000000,combined,16,0.600000,4,0.769231,0.230769,484,0.512712,0.533898,0.000296,0.041322,0.512712,0.000000,0,-0.477150,0,0,0.006,0.031
s510,combined_wear_leveling,0.000000,combined,16,0.650000,4,0.769231,0.230769,484,0.512712,0.533898,0.000296,0.041322,0.512712,0.000000,0,-0.477150,0,0,0.006,0.015
s510,combined_wear_leveling,0.000000,combined,16,0.700000,4,0.769231,0.230769,484,0.512712,0.533898,0.000296,0.041322,0.512712,0.000000,0,-0.477150,0,0,0.006,0.011
s510,combined_wear_leveling,0.000000,combined,16,0.750000,5,0.938462,0.061538,696,0.471864,0.494915,0.000301,0.048851,0.471864,0.000000,0,-0.235196,0,0,0.007,0.048
s510,combined_wear_leveling,0.000000,combined,16,0.800000,5,0.938462,0.061538,696,0.471864,0.494915,0.000301,0.048851,0.471864,0.000000,0,-0.235196,0,0,0.007,0.026
s510,combined_wear_leveling,0.000000,combined,16,0.850000,5,0.938462,0.061538,696,0.471864,0.494915,0.000301,0.048851,0.471864,0.000000,0,-0.235196,0,0,0.006,0.019
s510,combined_wear_leveling,0.000000,combined,16,0.900000,5,0.938462,0.061538,696,0.471864,0.494915,0.000301,0.048851,0.471864,0.000000,0,-0.235196,0,0,0.006,0.017
s510,combined_wear_leveling,0.000000,combined,16,0.950000,6,1.000000,0.000000,990,0.466102,0.480226,0.000144,0.030303,0.466102,0.000000,0,-0.023738,1,1,0.007,0.056
s510,combined_wear_leveling,0.000000,combined,16,1.000000,6,1.000000,0.000000,990,0.466102,0.480226,0.000144,0.030303,0.466102,0.000000,0,-0.023738,1,1,0.007,0.036
s510,combined_wear_leveling,0.250000,combined,16,0.050000,1,0.230769,0.769231,22,0.372881,0.372881,0.000000,0.000000,0.372881,0.000000,0,-0.502564,1,1,0.009,0.004
s510,combined_wear_leveling,0.250000,combined,16,0.100000,1,0.230769,0.769231,22,0.372881,0.372881,0.000000,0.000000,0.372881,0.000000,0,-0.502564,1,1,0.002,0.002
s510,combined_wear_leveling,0.250000,combined,16,0.150000,1,0.230769,0.769231,22,0.372881,0.372881,0.000000,0.000000,0.372881,0.000000,0,-0.502564,1,1,0.002,0.002
s510,combined_wear_leveling,0.250000,combined,16,0.200000,1,0.230769,0.769231,22,0.372881,0.372881,0.000000,0.000000,0.372881,0.000000,0,-0.502564,1,1,0.002,0.002
s510,combined_wear_leveling,0.250000,combined,16,0.250000,2,0.430769,0.569231,120,0.508475,0.508475,0.000000,0.000000,0.508475,0.000000,0,-0.569231,0,0,0.004,0.009
s510,combined_wear_leveling,0.250000,combined,16,0.300000,2,0.430769,0.569231,120,0.508475,0.508475,0.000000,0.000000,0.508475,0.000000,0,-0.569231,0,0,0.004,0.005
s510,combined_wear_leveling,0.250000,combined,16,0.350000,2,0.430769,0.569231,120,0.508475,0.508475,0.000000,0.000000,0.508475,0.000000,0,-0.569231,0,0,0.003,0.003
s510,combined_wear_leveling,0.250000,combined,16,0.400000,2,0.430769,0.569231,120,0.508475,0.508475,0.000000,0.000000,0.508475,0.000000,0,-0.569231,0,0,0.003,0.003
s510,combined_wear_leveling,0.250000,combined,16,0.450000,3,0.600000,0.400000,258,0.485876,0.485876,0.000000,0.000000,0.485876,0.000000,0,-0.355556,0,0,0.005,0.020
s510,combined_wear_leveling,0.250000,combined,16,0.500000,3,0.600000,0.400000,258,0.485876,0.485876,0.000000,0.000000,0.485876,0.000000,0,-0.355556,0,0,0.005,0.010
s510,combined_wear_leveling,0.250000,combined,16,0.550000,3,0.600000,0.400000,258,0.485876,0.485876,0.000000,0.000000,0.485876,0.000000,0,-0.355556,0,0,0.005,0.007
s510,combined_wear_leveling,0.250000,combined,16,0.600000,4,0.769231,0.230769,451,0.477754,0.491525,0.000210,0.028825,0.477754,0.000000,0,-0.358414,0,0,0.006,0.034
s510,combined_wear_leveling,0.250000,combined,16,0.650000,4,0.769231,0.230769,451,0.477754,0.491525,0.000210,0.028825,0.477754,0.000000,0,-0.358414,0,0,0.006,0.016
s510,combined_wear_leveling,0.250000,combined,16,0.700000,4,0.769231,0.230769,451,0.477754,0.491525,0.000210,0.028825,0.477754,0.000000,0,-0.358414,0,0,0.006,0.012
s510,combined_wear_leveling,0.250000,combined,16,0.750000,5,0.938462,0.061538,696,0.471864,0.494915,0.000301,0.048851,0.471864,0.000000,0,-0.262205,0,0,0.007,0.050
s510,combined_wear_leveling,0.250000,combined,16,0.800000,5,0.938462,0.061538,696,0.471864,0.494915,0.000301,0.048851,0.471864,0.000000,0,-0.262205,0,0,0.007,0.029
s510,combined_wear_leveling,0.250000,combined,16,0.850000,5,0.938462,0.061538,696,0.471864,0.494915,0.000301,0.048851,0.471864,0.000000,0,-0.262205,0,0,0.007,0.022
s510,combined_wear_leveling,0.250000,combined,16,0.900000,5,0.938462,0.061538,696,0.471864,0.494915,0.000301,0.048851,0.471864,0.000000,0,-0.262205,0,0,0.006,0.018
s510,combined_wear_leveling,0.250000,combined,16,0.950000,6,1.000000,0.000000,990,0.466102,0.480226,0.000144,0.030303,0.466102,0.000000,0,-0.050013,1,1,0.008,0.059
s510,combined_wear_leveling,0.250000,combined,16,1.000000,6,1.000000,0.000000,990,0.466102,0.480226,0.000144,0.030303,0.466102,0.000000,0,-0.050013,1,1,0.007,0.043
s510,combined_wear_leveling,0.500000,combined,16,0.050000,1,0.230769,0.769231,22,0.372881,0.372881,0.000000,0.000000,0.372881,0.000000,0,-0.502564,1,1,0.014,0.005
s510,combined_wear_leveling,0.500000,combined,16,0.100000,1,0.230769,0.769231,22,0.372881,0.372881,0.000000,0.000000,0.372881,0.000000,0,-0.502564,1,1,0.003,0.002
s510,combined_wear_leveling,0.500000,combined,16,0.150000,1,0.230769,0.769231,22,0.372881,0.372881,0.000000,0.000000,0.372881,0.000000,0,-0.502564,1,1,0.002,0.002
s510,combined_wear_leveling,0.500000,combined,16,0.200000,1,0.230769,0.769231,22,0.372881,0.372881,0.000000,0.000000,0.372881,0.000000,0,-0.502564,1,1,0.002,0.002
s510,combined_wear_leveling,0.500000,combined,16,0.250000,2,0.430769,0.569231,120,0.508475,0.508475,0.000000,0.000000,0.508475,0.000000,0,-0.569231,0,0,0.005,0.011
s510,combined_wear_leveling,0.500000,combined,16,0.300000,2,0.430769,0.569231,120,0.508475,0.508475,0.000000,0.000000,0.508475,0.000000,0,-0.569231,0,0,0.004,0.005
s510,combined_wear_leveling,0.500000,combined,16,0.350000,2,0.430769,0.569231,120,0.508475,0.508475,0.000000,0.000000,0.508475,0.000000,0,-0.569231,0,0,0.004,0.004
s510,combined_wear_leveling,0.500000,combined,16,0.400000,2,0.430769,0.569231,120,0.508475,0.508475,0.000000,0.000000,0.508475,0.000000,0,-0.569231,0,0,0.004,0.004
s510,combined_wear_leveling,0.500000,combined,16,0.450000,3,0.600000,0.400000,258,0.485876,0.485876,0.000000,0.000000,0.485876,0.000000,0,-0.355556,0,0,0.007,0.022
s510,combined_wear_leveling,0.500000,combined,16,0.500000,3,0.600000,0.400000,258,0.485876,0.485876,0.000000,0.000000,0.485876,0.000000,0,-0.355556,0,0,0.006,0.011
s510,combined_wear_leveling,0.500000,combined,16,0.550000,3,0.600000,0.400000,258,0.485876,0.485876,0.000000,0.000000,0.485876,0.000000,0,-0.355556,0,0,0.006,0.008
s510,combined_wear_leveling,0.500000,combined,16,0.600000,4,0.769231,0.230769,451,0.477754,0.491525,0.000210,0.028825,0.477754,0.000000,0,-0.358414,0,0,0.008,0.045
s510,combined_wear_leveling,0.500000,combined,16,0.650000,4,0.769231,0.230769,451,0.477754,0.491525,0.000210,0.028825,0.477754,0.000000,0,-0.358414,0,0,0.007,0.018
s510,combined_wear_leveling,0.500000,combined,16,0.700000,4,0.769231,0.230769,451,0.477754,0.491525,0.000210,0.028825,0.477754,0.000000,0,-0.358414,0,0,0.007,0.013
s510,combined_wear_leveling,0.500000,combined,16,0.750000,5,0.938462,0.061538,696,0.471864,0.494915,0.000301,0.048851,0.471864,0.000000,0,-0.262205,0,0,0.009,0.059
s510,combined_wear_leveling,0.500000,combined,16,0.800000,5,0.938462,0.061538,696,0.471864,0.494915,0.000301,0.048851,0.471864,0.000000,0,-0.262205,0,0,0.008,0.041
s510,combined_wear_leveling,0.500000,combined,16,0.850000,5,0.938462,0.061538,696,0.471864,0.494915,0.000301,0.048851,0.471864,0.000000,0,-0.262205,0,0,0.009,0.024
s510,combined_wear_leveling,0.500000,combined,16,0.900000,5,0.938462,0.061538,696,0.471864,0.494915,0.000301,0.048851,0.471864,0.000000,0,-0.262205,0,0,0.008,0.020
s510,combined_wear_leveling,0.500000,combined,16,0.950000,6,1.000000,0.000000,990,0.466102,0.480226,0.000144,0.030303,0.466102,0.000000,0,-0.050013,1,1,0.009,0.074
s510,combined_wear_leveling,0.500000,combined,16,1.000000,6,1.000000,0.000000,990,0.466102,0.480226,0.000144,0.030303,0.466102,0.000000,0,-0.050013,1,1,0.009,0.045
s510,combined_wear_leveling,0.750000,combined,16,0.050000,1,0.230769,0.769231,22,0.372881,0.372881,0.000000,0.000000,0.372881,0.000000,0,-0.502564,1,1,0.012,0.003
s510,combined_wear_leveling,0.750000,combined,16,0.100000,1,0.230769,0.769231,22,0.372881,0.372881,0.000000,0.000000,0.372881,0.000000,0,-0.502564,1,1,0.002,0.002
s510,combined_wear_leveling,0.750000,combined,16,0.150000,1,0.230769,0.769231,22,0.372881,0.372881,0.000000,0.000000,0.372881,0.000000,0,-0.502564,1,1,0.002,0.002
s510,combined_wear_leveling,0.750000,combined,16,0.200000,1,0.230769,0.769231,22,0.372881,0.372881,0.000000,0.000000,0.372881,0.000000,0,-0.502564,1,1,0.001,0.002
s510,combined_wear_leveling,0.750000,combined,16,0.250000,2,0.430769,0.569231,120,0.508475,0.508475,0.000000,0.000000,0.508475,0.000000,0,-0.569231,0,0,0.004,0.010
s510,combined_wear_leveling,0.750000,combined,16,0.300000,2,0.430769,0.569231,120,0.508475,0.508475,0.000000,0.000000,0.508475,0.000000,0,-0.569231,0,0,0.003,0.005
s510,combined_wear_leveling,0.750000,combined,16,0.350000,2,0.430769,0.569231,120,0.508475,0.508475,0.000000,0.000000,0.508475,0.000000,0,-0.569231,0,0,0.003,0.003
s510,combined_wear_leveling,0.750000,combined,16,0.400000,2,0.430769,0.569231,120,0.508475,0.508475,0.000000,0.000000,0.508475,0.000000,0,-0.569231,0,0,0.003,0.003
s510,combined_wear_leveling,0.750000,combined,16,0.450000,3,0.600000,0.400000,258,0.485876,0.485876,0.000000,0.000000,0.485876,0.000000,0,-0.355556,0,0,0.005,0.027
s510,combined_wear_leveling,0.750000,combined,16,0.500000,3,0.600000,0.400000,258,0.485876,0.485876,0.000000,0.000000,0.485876,0.000000,0,-0.355556,0,0,0.005,0.010
s510,combined_wear_leveling,0.750000,combined,16,0.550000,3,0.600000,0.400000,258,0.485876,0.485876,0.000000,0.000000,0.485876,0.000000,0,-0.355556,0,0,0.004,0.007
s510,combined_wear_leveling,0.750000,combined,16,0.600000,4,0.769231,0.230769,451,0.477754,0.491525,0.000210,0.028825,0.477754,0.000000,0,-0.358414,0,0,0.006,0.037
s510,combined_wear_leveling,0.750000,combined,16,0.650000,4,0.769231,0.230769,451,0.477754,0.491525,0.000210,0.028825,0.477754,0.000000,0,-0.358414,0,0,0.006,0.017
s510,combined_wear_leveling,0.750000,combined,16,0.700000,4,0.769231,0.230769,451,0.477754,0.491525,0.000210,0.028825,0.477754,0.000000,0,-0.358414,0,0,0.006,0.012
s510,combined_wear_leveling,0.750000,combined,16,0.750000,5,0.938462,0.061538,696,0.471864,0.494915,0.000301,0.048851,0.471864,0.000000,0,-0.262205,0,0,0.007,0.058
s510,combined_wear_leveling,0.750000,combined,16,0.800000,5,0.938462,0.061538,696,0.471864,0.494915,0.000301,0.048851,0.471864,0.000000,0,-0.262205,0,0,0.007,0.033
s510,combined_wear_leveling,0.750000,combined,16,0.850000,5,0.938462,0.061538,696,0.471864,0.494915,0.000301,0.048851,0.471864,0.000000,0,-0.262205,0,0,0.009,0.023
s510,combined_wear_leveling,0.750000,combined,16,0.900000,5,0.938462,0.061538,696,0.471864,0.494915,0.000301,0.048851,0.471864,0.000000,0,-0.262205,0,0,0.008,0.018
s510,combined_wear_leveling,0.750000,combined,16,0.950000,6,1.000000,0.000000,990,0.466102,0.480226,0.000144,0.030303,0.466102,0.000000,0,-0.050013,1,1,0.009,0.062
s510,combined_wear_leveling,0.750000,combined,16,1.000000,6,1.000000,0.000000,990,0.466102,0.480226,0.000144,0.030303,0.466102,0.000000,0,-0.050013,1,1,0.009,0.039
s510,combined_wear_leveling,1.000000,combined,16,0.050000,1,0.230769,0.769231,22,0.372881,0.372881,0.000000,0.000000,0.372881,0.000000,0,-0.502564,1,1,0.011,0.004
s510,combined_wear_leveling,1.000000,combined,16,0.100000,1,0.230769,0.769231,22,0.372881,0.372881,0.000000,0.000000,0.372881,0.000000,0,-0.502564,1,1,0.002,0.002
s510,combined_wear_leveling,1.000000,combined,16,0.150000,1,0.230769,0.769231,22,0.372881,0.372881,0.000000,0.000000,0.372881,0.000000,0,-0.502564,1,1,0.002,0.002
s510,combined_wear_leveling,1.000000,combined,16,0.200000,1,0.230769,0.769231,22,0.372881,0.372881,0.000000,0.000000,0.372881,0.000000,0,-0.502564,1,1,0.002,0.002
s510,combined_wear_leveling,1.000000,combined,16,0.250000,2,0.430769,0.569231,120,0.508475,0.508475,0.000000,0.000000,0.508475,0.000000,0,-0.569231,0,0,0.004,0.009
s510,combined_wear_leveling,1.000000,combined,16,0.300000,2,0.430769,0.569231,120,0.508475,0.508475,0.000000,0.000000,0.508475,0.000000,0,-0.569231,0,0,0.003,0.004
s510,combined_wear_leveling,1.000000,combined,16,0.350000,2,0.430769,0.569231,120,0.508475,0.508475,0.000000,0.000000,0.508475,0.000000,0,-0.569231,0,0,0.003,0.003
s510,combined_wear_leveling,1.000000,combined,16,0.400000,2,0.430769,0.569231,120,0.508475,0.508475,0.000000,0.000000,0.508475,0.000000,0,-0.569231,0,0,0.003,0.003
s510,combined_wear_leveling,1.000000,combined,16,0.450000,3,0.600000,0.400000,258,0.485876,0.485876,0.000000,0.000000,0.485876,0.000000,0,-0.355556,0,0,0.005,0.019
s510,combined_wear_leveling,1.000000,combined,16,0.500000,3,0.600000,0.400000,258,0.485876,0.485876,0.000000,0.000000,0.485876,0.000000,0,-0.355556,0,0,0.005,0.010
s510,combined_wear_leveling,1.000000,combined,16,0.550000,3,0.600000,0.400000,258,0.485876,0.485876,0.000000,0.000000,0.485876,0.000000,0,-0.355556,0,0,0.005,0.007
s510,combined_wear_leveling,1.000000,combined,16,0.600000,4,0.769231,0.230769,451,0.477754,0.491525,0.000210,0.028825,0.477754,0.000000,0,-0.358414,0,0,0.006,0.034
s510,combined_wear_leveling,1.000000,combined,16,0.650000,4,0.769231,0.230769,451,0.477754,0.491525,0.000210,0.028825,0.477754,0.000000,0,-0.358414,0,0,0.006,0.016
s510,combined_wear_leveling,1.000000,combined,16,0.700000,4,0.769231,0.230769,451,0.477754,0.491525,0.000210,0.028825,0.477754,0.000000,0,-0.358414,0,0,0.006,0.012
s510,combined_wear_leveling,1.000000,combined,16,0.750000,5,0.938462,0.061538,696,0.471864,0.494915,0.000301,0.048851,0.471864,0.000000,0,-0.262205,0,0,0.007,0.068
s510,combined_wear_leveling,1.000000,combined,16,0.800000,5,0.938462,0.061538,696,0.471864,0.494915,0.000301,0.048851,0.471864,0.000000,0,-0.262205,0,0,0.007,0.029
s510,combined_wear_leveling,1.000000,combined,16,0.850000,5,0.938462,0.061538,696,0.471864,0.494915,0.000301,0.048851,0.471864,0.000000,0,-0.262205,0,0,0.007,0.021
s510,combined_wear_leveling,1.000000,combined,16,0.900000,5,0.938462,0.061538,696,0.471864,0.494915,0.000301,0.048851,0.471864,0.000000,0,-0.262205,0,0,0.008,0.017
s510,combined_wear_leveling,1.000000,combined,16,0.950000,6,1.000000,0.000000,990,0.466102,0.480226,0.000144,0.030303,0.466102,0.000000,0,-0.050013,1,1,0.007,0.059
s510,combined_wear_leveling,1.000000,combined,16,1.000000,6,1.000000,0.000000,990,0.466102,0.480226,0.000144,0.030303,0.466102,0.000000,0,-0.050013,1,1,0.007,0.040
s510,co_wear,0.000000,combined,16,0.050000,1,0.230769,0.769231,22,0.372881,0.372881,0.000000,0.000000,0.372881,0.000000,0,-0.482073,1,1,0.012,0.005
s510,co_wear,0.000000,combined,16,0.100000,1,0.230769,0.769231,22,0.372881,0.372881,0.000000,0.000000,0.372881,0.000000,0,-0.482073,1,1,0.001,0.003
s510,co_wear,0.000000,combined,16,0.150000,1,0.230769,0.769231,22,0.372881,0.372881,0.000000,0.000000,0.372881,0.000000,0,-0.482073,1,1,0.001,0.002
s510,co_wear,0.000000,combined,16,0.200000,1,0.230769,0.769231,22,0.372881,0.372881,0.000000,0.000000,0.372881,0.000000,0,-0.482073,1,1,0.001,0.002
s510,co_wear,0.000000,combined,16,0.250000,2,0.430769,0.569231,120,0.508475,0.508475,0.000000,0.000000,0.508475,0.000000,0,-0.541289,0,0,0.001,0.024
s510,co_wear,0.000000,combined,16,0.300000,2,0.430769,0.569231,120,0.508475,0.508475,0.000000,0.000000,0.508475,0.000000,0,-0.541289,0,0,0.001,0.039
s510,co_wear,0.000000,combined,16,0.350000,2,0.430769,0.569231,120,0.508475,0.508475,0.000000,0.000000,0.508475,0.000000,0,-0.541289,0,0,0.001,0.008
s510,co_wear,0.000000,combined,16,0.400000,2,0.430769,0.569231,120,0.508475,0.508475,0.000000,0.000000,0.508475,0.000000,0,-0.541289,0,0,0.001,0.006
s510,co_wear,0.000000,combined,16,0.450000,3,0.600000,0.400000,261,0.491525,0.508475,0.000192,0.034483,0.491525,0.000000,0,-0.514806,0,0,0.001,0.037
s510,co_wear,0.000000,combined,16,0.500000,3,0.600000,0.400000,261,0.491525,0.508475,0.000192,0.034483,0.491525,0.000000,0,-0.514806,0,0,0.001,0.021
s510,co_wear,0.000000,combined,16,0.550000,3,0.600000,0.400000,261,0.491525,0.508475,0.000192,0.034483,0.491525,0.000000,0,-0.514806,0,0,0.001,0.016
s510,co_wear,0.000000,combined,16,0.600000,4,0.769231,0.230769,484,0.512712,0.533898,0.000296,0.041322,0.512712,0.000000,0,-0.477150,0,0,0.001,0.063
s510,co_wear,0.000000,combined,16,0.650000,4,0.769231,0.230769,484,0.512712,0.533898,0.000296,0.041322,0.512712,0.000000,0,-0.477150,0,0,0.001,0.039
s510,co_wear,0.000000,combined,16,0.700000,4,0.769231,0.230769,484,0.512712,0.533898,0.000296,0.041322,0.512712,0.000000,0,-0.477150,0,0,0.001,0.030
s510,co_wear,0.000000,combined,16,0.750000,5,0.938462,0.061538,696,0.471864,0.494915,0.000301,0.048851,0.471864,0.000000,0,-0.235196,0,0,0.001,0.087
s510,co_wear,0.000000,combined,16,0.800000,5,0.938462,0.061538,696,0.471864,0.494915,0.000301,0.048851,0.471864,0.000000,0,-0.235196,0,0,0.001,0.058
s510,co_wear,0.000000,combined,16,0.850000,5,0.938462,0.061538,696,0.471864,0.494915,0.000301,0.048851,0.471864,0.000000,0,-0.235196,0,0,0.001,0.047
s510,co_wear,0.000000,combined,16,0.900000,5,0.938462,0.061538,696,0.471864,0.494915,0.000301,0.048851,0.471864,0.000000,0,-0.235196,0,0,0.001,0.042
s510,co_wear,0.000000,combined,16,0.950000,6,1.000000,0.000000,990,0.466102,0.480226,0.000144,0.030303,0.466102,0.000000,0,-0.023738,1,1,0.001,0.099
s510,co_wear,0.000000,combined,16,1.000000,6,1.000000,0.000000,990,0.466102,0.480226,0.000144,0.030303,0.466102,0.000000,0,-0.023738,1,1,0.001,0.079
s510,co_wear,0.250000,combined,16,0.050000,1,0.230769,0.769231,22,0.372881,0.372881,0.000000,0.000000,0.372881,0.000000,0,-0.502564,1,1,0.003,0.003
s510,co_wear,0.250000,combined,16,0.100000,1,0.230769,0.769231,22,0.372881,0.372881,0.000000,0.000000,0.372881,0.000000,0,-0.502564,1,1,0.001,0.002
s510,co_wear,0.250000,combined,16,0.150000,1,0.230769,0.769231,22,0.372881,0.372881,0.000000,0.000000,0.372881,0.000000,0,-0.502564,1,1,0.000,0.002
s510,co_wear,0.250000,combined,16,0.200000,1,0.230769,0.769231,22,0.372881,0.372881,0.000000,0.000000,0.372881,0.000000,0,-0.502564,1,1,0.000,0.002
s510,co_wear,0.250000,combined,16,0.250000,2,0.430769,0.569231,120,0.508475,0.508475,0.000000,0.000000,0.508475,0.000000,0,-0.569231,0,0,0.000,0.012
s510,co_wear,0.250000,combined,16,0.300000,2,0.430769,0.569231,120,0.508475,0.508475,0.000000,0.000000,0.508475,0.000000,0,-0.569231,0,0,0.000,0.004
s510,co_wear,0.250000,combined,16,0.350000,2,0.430769,0.569231,120,0.508475,0.508475,0.000000,0.000000,0.508475,0.000000,0,-0.569231,0,0,0.000,0.003
s510,co_wear,0.250000,combined,16,0.400000,2,0.430769,0.569231,120,0.508475,0.508475,0.000000,0.000000,0.508475,0.000000,0,-0.569231,0,0,0.000,0.003
s510,co_wear,0.250000,combined,16,0.450000,3,0.600000,0.400000,258,0.485876,0.485876,0.000000,0.000000,0.485876,0.000000,0,-0.355556,0,0,0.001,0.018
s510,co_wear,0.250000,combined,16,0.500000,3,0.600000,0.400000,258,0.485876,0.485876,0.000000,0.000000,0.485876,0.000000,0,-0.355556,0,0,0.000,0.010
s510,co_wear,0.250000,combined,16,0.550000,3,0.600000,0.400000,258,0.485876,0.485876,0.000000,0.000000,0.485876,0.000000,0,-0.355556,0,0,0.000,0.007
s510,co_wear,0.250000,combined,16,0.600000,4,0.769231,0.230769,451,0.477754,0.491525,0.000210,0.028825,0.477754,0.000000,0,-0.358414,0,0,0.000,0.030
s510,co_wear,0.250000,combined,16,0.650000,4,0.769231,0.230769,451,0.477754,0.491525,0.000210,0.028825,0.477754,0.000000,0,-0.358414,0,0,0.000,0.014
s510,co_wear,0.250000,combined,16,0.700000,4,0.769231,0.230769,451,0.477754,0.491525,0.000210,0.028825,0.477754,0.000000,0,-0.358414,0,0,0.000,0.011
s510,co_wear,0.250000,combined,16,0.750000,5,0.938462,0.061538,696,0.471864,0.494915,0.000301,0.048851,0.471864,0.000000,0,-0.262205,0,0,0.000,0.046
s510,co_wear,0.250000,combined,16,0.800000,5,0.938462,0.061538,696,0.471864,0.494915,0.000301,0.048851,0.471864,0.000000,0,-0.262205,0,0,0.000,0.026
s510,co_wear,0.250000,combined,16,0.850000,5,0.938462,0.061538,696,0.471864,0.494915,0.000301,0.048851,0.471864,0.000000,0,-0.262205,0,0,0.000,0.020
s510,co_wear,0.250000,combined,16,0.900000,5,0.938462,0.061538,696,0.471864,0.494915,0.000301,0.048851,0.471864,0.000000,0,-0.262205,0,0,0.000,0.017
s510,co_wear,0.250000,combined,16,0.950000,6,1.000000,0.000000,990,0.466102,0.480226,0.000144,0.030303,0.466102,0.000000,0,-0.050013,1,1,0.001,0.059
s510,co_wear,0.250000,combined,16,1.000000,6,1.000000,0.000000,990,0.466102,0.480226,0.000144,0.030303,0.466102,0.000000,0,-0.050013,1,1,0.000,0.038
s510,co_wear,0.500000,combined,16,0.050000,1,0.230769,0.769231,22,0.372881,0.372881,0.000000,0.000000,0.372881,0.000000,0,-0.534475,1,1,0.005,0.005
s510,co_wear,0.500000,combined,16,0.100000,1,0.230769,0.769231,22,0.372881,0.372881,0.000000,0.000000,0.372881,0.000000,0,-0.534475,1,1,0.001,0.003
s510,co_wear,0.500000,combined,16,0.150000,1,0.230769,0.769231,22,0.372881,0.372881,0.000000,0.000000,0.372881,0.000000,0,-0.534475,1,1,0.001,0.002
s510,co_wear,0.500000,combined,16,0.200000,1,0.230769,0.769231,22,0.372881,0.372881,0.000000,0.000000,0.372881,0.000000,0,-0.534475,1,1,0.001,0.002
s510,co_wear,0.500000,combined,16,0.250000,2,0.400000,0.600000,106,0.449153,0.457627,0.000072,0.018868,0.449153,0.000000,0,-0.562335,1,1,0.001,0.025
s510,co_wear,0.500000,combined,16,0.300000,2,0.400000,0.600000,106,0.449153,0.457627,0.000072,0.018868,0.449153,0.000000,0,-0.562335,1,1,0.001,0.010
s510,co_wear,0.500000,combined,16,0.350000,2,0.400000,0.600000,106,0.449153,0.457627,0.000072,0.018868,0.449153,0.000000,0,-0.562335,1,1,0.001,0.007
s510,co_wear,0.500000,combined,16,0.400000,2,0.400000,0.600000,106,0.449153,0.457627,0.000072,0.018868,0.449153,0.000000,0,-0.562335,1,1,0.001,0.007
s510,co_wear,0.500000,combined,16,0.450000,3,0.569231,0.430769,247,0.465160,0.497175,0.000560,0.068826,0.465160,0.000000,0,-0.667589,0,1,0.001,0.035
s510,co_wear,0.500000,combined,16,0.500000,3,0.569231,0.430769,247,0.465160,0.497175,0.000560,0.068826,0.465160,0.000000,0,-0.667589,0,1,0.001,0.019
s510,co_wear,0.500000,combined,16,0.550000,3,0.569231,0.430769,247,0.465160,0.497175,0.000560,0.068826,0.465160,0.000000,0,-0.667589,0,1,0.001,0.015
s510,co_wear,0.500000,combined,16,0.600000,4,0.769231,0.230769,451,0.477754,0.491525,0.000210,0.028825,0.477754,0.000000,0,-0.318708,0,0,0.001,0.058
s510,co_wear,0.500000,combined,16,0.650000,4,0.769231,0.230769,451,0.477754,0.491525,0.000210,0.028825,0.477754,0.000000,0,-0.318708,0,0,0.001,0.034
s510,co_wear,0.500000,combined,16,0.700000,4,0.769231,0.230769,451,0.477754,0.491525,0.000210,0.028825,0.477754,0.000000,0,-0.318708,0,0,0.001,0.027
s510,co_wear,0.500000,combined,16,0.750000,5,0.938462,0.061538,696,0.471864,0.494915,0.000301,0.048851,0.471864,0.000000,0,-0.187213,0,0,0.001,0.080
s510,co_wear,0.500000,combined,16,0.800000,5,0.938462,0.061538,696,0.471864,0.494915,0.000301,0.048851,0.471864,0.000000,0,-0.187213,0,0,0.001,0.054
s510,co_wear,0.500000,combined,16,0.850000,5,0.938462,0.061538,696,0.471864,0.494915,0.000301,0.048851,0.471864,0.000000,0,-0.187213,0,0,0.001,0.043
s510,co_wear,0.500000,combined,16,0.900000,5,0.938462,0.061538,696,0.471864,0.494915,0.000301,0.048851,0.471864,0.000000,0,-0.187213,0,0,0.001,0.038
s510,co_wear,0.500000,combined,16,0.950000,6,1.000000,0.000000,990,0.466102,0.480226,0.000144,0.030303,0.466102,0.000000,0,-0.034842,1,1,0.001,0.094
s510,co_wear,0.500000,combined,16,1.000000,6,1.000000,0.000000,990,0.466102,0.480226,0.000144,0.030303,0.466102,0.000000,0,-0.034842,1,1,0.001,0.148
s510,co_wear,0.750000,combined,16,0.050000,1,0.169231,0.830769,34,0.576271,0.576271,0.000000,0.000000,0.576271,0.000000,0,-0.830769,0,0,0.005,0.005
s510,co_wear,0.750000,combined,16,0.100000,1,0.169231,0.830769,34,0.576271,0.576271,0.000000,0.000000,0.576271,0.000000,0,-0.830769,0,0,0.001,0.004
s510,co_wear,0.750000,combined,16,0.150000,1,0.169231,0.830769,34,0.576271,0.576271,0.000000,0.000000,0.576271,0.000000,0,-0.830769,0,0,0.001,0.003
s510,co_wear,0.750000,combined,16,0.200000,1,0.169231,0.830769,34,0.576271,0.576271,0.000000,0.000000,0.576271,0.000000,0,-0.830769,0,0,0.001,0.002
s510,co_wear,0.750000,combined,16,0.250000,2,0.400000,0.600000,106,0.449153,0.457627,0.000072,0.018868,0.449153,0.000000,0,-0.418806,1,1,0.001,0.025
s510,co_wear,0.750000,combined,16,0.300000,2,0.400000,0.600000,106,0.449153,0.457627,0.000072,0.018868,0.449153,0.000000,0,-0.418806,1,1,0.001,0.010
s510,co_wear,0.750000,combined,16,0.350000,2,0.400000,0.600000,106,0.449153,0.457627,0.000072,0.018868,0.449153,0.000000,0,-0.418806,1,1,0.001,0.007
s510,co_wear,0.750000,combined,16,0.400000,2,0.400000,0.600000,106,0.449153,0.457627,0.000072,0.018868,0.449153,0.000000,0,-0.418806,1,1,0.001,0.006
s510,co_wear,0.750000,combined,16,0.450000,3,0.569231,0.430769,247,0.465160,0.497175,0.000560,0.068826,0.465160,0.000000,0,-0.515737,0,1,0.001,0.035
s510,co_wear,0.750000,combined,16,0.500000,3,0.569231,0.430769,247,0.465160,0.497175,0.000560,0.068826,0.465160,0.000000,0,-0.515737,0,1,0.001,0.020
s510,co_wear,0.750000,combined,16,0.550000,3,0.569231,0.430769,247,0.465160,0.497175,0.000560,0.068826,0.465160,0.000000,0,-0.515737,0,1,0.001,0.016
s510,co_wear,0.750000,combined,16,0.600000,4,0.769231,0.230769,451,0.477754,0.491525,0.000210,0.028825,0.477754,0.000000,0,-0.165382,0,0,0.001,0.063
s510,co_wear,0.750000,combined,16,0.650000,4,0.769231,0.230769,451,0.477754,0.491525,0.000210,0.028825,0.477754,0.000000,0,-0.165382,0,0,0.001,0.039
s510,co_wear,0.750000,combined,16,0.700000,4,0.769231,0.230769,451,0.477754,0.491525,0.000210,0.028825,0.477754,0.000000,0,-0.165382,0,0,0.001,0.030
s510,co_wear,0.750000,combined,16,0.750000,5,0.938462,0.061538,696,0.471864,0.494915,0.000301,0.048851,0.471864,0.000000,0,-0.034473,0,0,0.001,0.085
s510,co_wear,0.750000,combined,16,0.800000,5,0.938462,0.061538,696,0.471864,0.494915,0.000301,0.048851,0.471864,0.000000,0,-0.034473,0,0,0.001,0.059
s510,co_wear,0.750000,combined,16,0.850000,5,0.938462,0.061538,696,0.471864,0.494915,0.000301,0.048851,0.471864,0.000000,0,-0.034473,0,0,0.001,0.048
s510,co_wear,0.750000,combined,16,0.900000,5,0.938462,0.061538,696,0.471864,0.494915,0.000301,0.048851,0.471864,0.000000,0,-0.034473,0,0,0.001,0.043
s510,co_wear,0.750000,combined,16,0.950000,6,1.000000,0.000000,990,0.466102,0.480226,0.000144,0.030303,0.466102,0.000000,0,0.114839,1,1,0.001,0.110
s510,co_wear,0.750000,combined,16,1.000000,6,1.000000,0.000000,990,0.466102,0.480226,0.000144,0.030303,0.466102,0.000000,0,0.114839,1,1,0.001,0.079
s510,co_wear,1.000000,combined,16,0.050000,1,0.169231,0.830769,34,0.576271,0.576271,0.000000,0.000000,0.576271,0.000000,0,-0.830769,0,0,0.007,0.004
s510,co_wear,1.000000,combined,16,0.100000,1,0.169231,0.830769,34,0.576271,0.576271,0.000000,0.000000,0.576271,0.000000,0,-0.830769,0,0,0.001,0.002
s510,co_wear,1.000000,combined,16,0.150000,1,0.169231,0.830769,34,0.576271,0.576271,0.000000,0.000000,0.576271,0.000000,0,-0.830769,0,0,0.000,0.001
s510,co_wear,1.000000,combined,16,0.200000,1,0.169231,0.830769,34,0.576271,0.576271,0.000000,0.000000,0.576271,0.000000,0,-0.830769,0,0,0.000,0.001
s510,co_wear,1.000000,combined,16,0.250000,2,0.338462,0.661538,111,0.470339,0.483051,0.000162,0.027027,0.470339,0.000000,0,-0.560837,0,0,0.001,0.012
s510,co_wear,1.000000,combined,16,0.300000,2,0.338462,0.661538,111,0.470339,0.483051,0.000162,0.027027,0.470339,0.000000,0,-0.560837,0,0,0.000,0.005
s510,co_wear,1.000000,combined,16,0.350000,2,0.338462,0.661538,111,0.470339,0.483051,0.000162,0.027027,0.470339,0.000000,0,-0.560837,0,0,0.000,0.003
s510,co_wear,1.000000,combined,16,0.400000,2,0.338462,0.661538,111,0.470339,0.483051,0.000162,0.027027,0.470339,0.000000,0,-0.560837,0,0,0.000,0.003
s510,co_wear,1.000000,combined,16,0.450000,3,0.569231,0.430769,247,0.465160,0.497175,0.000560,0.068826,0.465160,0.000000,0,-0.515737,0,1,0.001,0.018
s510,co_wear,1.000000,combined,16,0.500000,3,0.569231,0.430769,247,0.465160,0.497175,0.000560,0.068826,0.465160,0.000000,0,-0.515737,0,1,0.001,0.009
s510,co_wear,1.000000,combined,16,0.550000,3,0.569231,0.430769,247,0.465160,0.497175,0.000560,0.068826,0.465160,0.000000,0,-0.515737,0,1,0.000,0.006
s510,co_wear,1.000000,combined,16,0.600000,4,0.769231,0.230769,451,0.477754,0.491525,0.000210,0.028825,0.477754,0.000000,0,-0.165382,0,0,0.001,0.031
s510,co_wear,1.000000,combined,16,0.650000,4,0.769231,0.230769,451,0.477754,0.491525,0.000210,0.028825,0.477754,0.000000,0,-0.165382,0,0,0.000,0.015
s510,co_wear,1.000000,combined,16,0.700000,4,0.769231,0.230769,451,0.477754,0.491525,0.000210,0.028825,0.477754,0.000000,0,-0.165382,0,0,0.000,0.011
s510,co_wear,1.000000,combined,16,0.750000,5,0.938462,0.061538,696,0.471864,0.494915,0.000301,0.048851,0.471864,0.000000,0,-0.034473,0,0,0.001,0.048
s510,co_wear,1.000000,combined,16,0.800000,5,0.938462,0.061538,696,0.471864,0.494915,0.000301,0.048851,0.471864,0.000000,0,-0.034473,0,0,0.001,0.026
s510,co_wear,1.000000,combined,16,0.850000,5,0.938462,0.061538,696,0.471864,0.494915,0.000301,0.048851,0.471864,0.000000,0,-0.034473,0,0,0.001,0.018
s510,co_wear,1.000000,combined,16,0.900000,5,0.938462,0.061538,696,0.471864,0.494915,0.000301,0.048851,0.471864,0.000000,0,-0.034473,0,0,0.000,0.016
s510,co_wear,1.000000,combined,16,0.950000,6,1.000000,0.000000,990,0.466102,0.480226,0.000144,0.030303,0.466102,0.000000,0,0.114839,1,1,0.001,0.057
s510,co_wear,1.000000,combined,16,1.000000,6,1.000000,0.000000,990,0.466102,0.480226,0.000144,0.030303,0.466102,0.000000,0,0.114839,1,1,0.001,0.036
s510,co_wear_leveling,0.000000,combined,16,0.050000,1,0.230769,0.769231,22,0.372881,0.372881,0.000000,0.000000,0.372881,0.000000,0,-0.482073,1,1,0.014,0.004
s510,co_wear_leveling,0.000000,combined,16,0.100000,1,0.230769,0.769231,22,0.372881,0.372881,0.000000,0.000000,0.372881,0.000000,0,-0.482073,1,1,0.003,0.003
s510,co_wear_leveling,0.000000,combined,16,0.150000,1,0.230769,0.769231,22,0.372881,0.372881,0.000000,0.000000,0.372881,0.000000,0,-0.482073,1,1,0.002,0.002
s510,co_wear_leveling,0.000000,combined,16,0.200000,1,0.230769,0.769231,22,0.372881,0.372881,0.000000,0.000000,0.372881,0.000000,0,-0.482073,1,1,0.002,0.002
s510,co_wear_leveling,0.000000,combined,16,0.250000,2,0.430769,0.569231,120,0.508475,0.508475,0.000000,0.000000,0.508475,0.000000,0,-0.541289,0,0,0.005,0.014
s510,co_wear_leveling,0.000000,combined,16,0.300000,2,0.430769,0.569231,120,0.508475,0.508475,0.000000,0.000000,0.508475,0.000000,0,-0.541289,0,0,0.004,0.007
s510,co_wear_leveling,0.000000,combined,16,0.350000,2,0.430769,0.569231,120,0.508475,0.508475,0.000000,0.000000,0.508475,0.000000,0,-0.541289,0,0,0.004,0.004
s510,co_wear_leveling,0.000000,combined,16,0.400000,2,0.430769,0.569231,120,0.508475,0.508475,0.000000,0.000000,0.508475,0.000000,0,-0.541289,0,0,0.004,0.004
s510,co_wear_leveling,0.000000,combined,16,0.450000,3,0.600000,0.400000,261,0.491525,0.508475,0.000192,0.034483,0.491525,0.000000,0,-0.514806,0,0,0.007,0.030
s510,co_wear_leveling,0.000000,combined,16,0.500000,3,0.600000,0.400000,261,0.491525,0.508475,0.000192,0.034483,0.491525,0.000000,0,-0.514806,0,0,0.007,0.015
s510,co_wear_leveling,0.000000,combined,16,0.550000,3,0.600000,0.400000,261,0.491525,0.508475,0.000192,0.034483,0.491525,0.000000,0,-0.514806,0,0,0.006,0.010
s510,co_wear_leveling,0.000000,combined,16,0.600000,4,0.769231,0.230769,484,0.512712,0.533898,0.000296,0.041322,0.512712,0.000000,0,-0.477150,0,0,0.008,0.038
s510,co_wear_leveling,0.000000,combined,16,0.650000,4,0.769231,0.230769,484,0.512712,0.533898,0.000296,0.041322,0.512712,0.000000,0,-0.477150,0,0,0.008,0.019
s510,co_wear_leveling,0.000000,combined,16,0.700000,4,0.769231,0.230769,484,0.512712,0.533898,0.000296,0.041322,0.512712,0.000000,0,-0.477150,0,0,0.007,0.013
s510,co_wear_leveling,0.000000,combined,16,0.750000,5,0.938462,0.061538,696,0.471864,0.494915,0.000301,0.048851,0.471864,0.000000,0,-0.235196,0,0,0.009,0.057
s510,co_wear_leveling,0.000000,combined,16,0.800000,5,0.938462,0.061538,696,0.471864,0.494915,0.000301,0.048851,0.471864,0.000000,0,-0.235196,0,0,0.009,0.032
s510,co_wear_leveling,0.000000,combined,16,0.850000,5,0.938462,0.061538,696,0.471864,0.494915,0.000301,0.048851,0.471864,0.000000,0,-0.235196,0,0,0.008,0.023
s510,co_wear_leveling,0.000000,combined,16,0.900000,5,0.938462,0.061538,696,0.471864,0.494915,0.000301,0.048851,0.471864,0.000000,0,-0.235196,0,0,0.008,0.019
s510,co_wear_leveling,0.000000,combined,16,0.950000,6,1.000000,0.000000,990,0.466102,0.480226,0.000144,0.030303,0.466102,0.000000,0,-0.023738,1,1,0.009,0.078
s510,co_wear_leveling,0.000000,combined,16,1.000000,6,1.000000,0.000000,990,0.466102,0.480226,0.000144,0.030303,0.466102,0.000000,0,-0.023738,1,1,0.009,0.064
s510,co_wear_leveling,0.250000,combined,16,0.050000,1,0.230769,0.769231,22,0.372881,0.372881,0.000000,0.000000,0.372881,0.000000,0,-0.502564,1,1,0.011,0.004
s510,co_wear_leveling,0.250000,combined,16,0.100000,1,0.230769,0.769231,22,0.372881,0.372881,0.000000,0.000000,0.372881,0.000000,0,-0.502564,1,1,0.002,0.002
s510,co_wear_leveling,0.250000,combined,16,0.150000,1,0.230769,0.769231,22,0.372881,0.372881,0.000000,0.000000,0.372881,0.000000,0,-0.502564,1,1,0.002,0.002
s510,co_wear_leveling,0.250000,combined,16,0.200000,1,0.230769,0.769231,22,0.372881,0.372881,0.000000,0.000000,0.372881,0.000000,0,-0.502564,1,1,0.002,0.002
s510,co_wear_leveling,0.250000,combined,16,0.250000,2,0.430769,0.569231,120,0.508475,0.508475,0.000000,0.000000,0.508475,0.000000,0,-0.569231,0,0,0.004,0.009
s510,co_wear_leveling,0.250000,combined,16,0.300000,2,0.430769,0.569231,120,0.508475,0.508475,0.000000,0.000000,0.508475,0.000000,0,-0.569231,0,0,0.003,0.004
s510,co_wear_leveling,0.250000,combined,16,0.350000,2,0.430769,0.569231,120,0.508475,0.508475,0.000000,0.000000,0.508475,0.000000,0,-0.569231,0,0,0.003,0.003
s510,co_wear_leveling,0.250000,combined,16,0.400000,2,0.430769,0.569231,120,0.508475,0.508475,0.000000,0.000000,0.508475,0.000000,0,-0.569231,0,0,0.003,0.003
s510,co_wear_leveling,0.250000,combined,16,0.450000,3,0.600000,0.400000,258,0.485876,0.485876,0.000000,0.000000,0.485876,0.000000,0,-0.355556,0,0,0.005,0.019
s510,co_wear_leveling,0.250000,combined,16,0.500000,3,0.600000,0.400000,258,0.485876,0.485876,0.000000,0.000000,0.485876,0.000000,0,-0.355556,0,0,0.005,0.009
s510,co_wear_leveling,0.250000,combined,16,0.550000,3,0.600000,0.400000,258,0.485876,0.485876,0.000000,0.000000,0.485876,0.000000,0,-0.355556,0,0,0.004,0.007
s510,co_wear_leveling,0.250000,combined,16,0.600000,4,0.769231,0.230769,451,0.477754,0.491525,0.000210,0.028825,0.477754,0.000000,0,-0.358414,0,0,0.006,0.033
s510,co_wear_leveling,0.250000,combined,16,0.650000,4,0.769231,0.230769,451,0.477754,0.491525,0.000210,0.028825,0.477754,0.000000,0,-0.358414,0,0,0.006,0.030
s510,co_wear_leveling,0.250000,combined,16,0.700000,4,0.769231,0.230769,451,0.477754,0.491525,0.000210,0.028825,0.477754,0.000000,0,-0.358414,0,0,0.010,0.016
s510,co_wear_leveling,0.250000,combined,16,0.750000,5,0.938462,0.061538,696,0.471864,0.494915,0.000301,0.048851,0.471864,0.000000,0,-0.262205,0,0,0.011,0.059
s510,co_wear_leveling,0.250000,combined,16,0.800000,5,0.938462,0.061538,696,0.471864,0.494915,0.000301,0.048851,0.471864,0.000000,0,-0.262205,0,0,0.007,0.029
s510,co_wear_leveling,0.250000,combined,16,0.850000,5,0.938462,0.061538,696,0.471864,0.494915,0.000301,0.048851,0.471864,0.000000,0,-0.262205,0,0,0.007,0.021
s510,co_wear_leveling,0.250000,combined,16,0.900000,5,0.938462,0.061538,696,0.471864,0.494915,0.000301,0.048851,0.471864,0.000000,0,-0.262205,0,0,0.006,0.018
s510,co_wear_leveling,0.250000,combined,16,0.950000,6,1.000000,0.000000,990,0.466102,0.480226,0.000144,0.030303,0.466102,0.000000,0,-0.050013,1,1,0.007,0.059
s510,co_wear_leveling,0.250000,combined,16,1.000000,6,1.000000,0.000000,990,0.466102,0.480226,0.000144,0.030303,0.466102,0.000000,0,-0.050013,1,1,0.008,0.036
s510,co_wear_leveling,0.500000,combined,16,0.050000,1,0.230769,0.769231,22,0.372881,0.372881,0.000000,0.000000,0.372881,0.000000,0,-0.502564,1,1,0.012,0.004
s510,co_wear_leveling,0.500000,combined,16,0.100000,1,0.230769,0.769231,22,0.372881,0.372881,0.000000,0.000000,0.372881,0.000000,0,-0.502564,1,1,0.002,0.002
s510,co_wear_leveling,0.500000,combined,16,0.150000,1,0.230769,0.769231,22,0.372881,0.372881,0.000000,0.000000,0.372881,0.000000,0,-0.502564,1,1,0.002,0.002
s510,co_wear_leveling,0.500000,combined,16,0.200000,1,0.230769,0.769231,22,0.372881,0.372881,0.000000,0.000000,0.372881,0.000000,0,-0.502564,1,1,0.002,0.002
s510,co_wear_leveling,0.500000,combined,16,0.250000,2,0.430769,0.569231,120,0.508475,0.508475,0.000000,0.000000,0.508475,0.000000,0,-0.569231,0,0,0.004,0.011
s510,co_wear_leveling,0.500000,combined,16,0.300000,2,0.430769,0.569231,120,0.508475,0.508475,0.000000,0.000000,0.508475,0.000000,0,-0.569231,0,0,0.003,0.005
s510,co_wear_leveling,0.500000,combined,16,0.350000,2,0.430769,0.569231,120,0.508475,0.508475,0.000000,0.000000,0.508475,0.000000,0,-0.569231,0,0,0.003,0.004
s510,co_wear_leveling,0.500000,combined,16,0.400000,2,0.430769,0.569231,120,0.508475,0.508475,0.000000,0.000000,0.508475,0.000000,0,-0.569231,0,0,0.003,0.003
s510,co_wear_leveling,0.500000,combined,16,0.450000,3,0.600000,0.400000,258,0.485876,0.485876,0.000000,0.000000,0.485876,0.000000,0,-0.355556,0,0,0.005,0.022
s510,co_wear_leveling,0.500000,combined,16,0.500000,3,0.600000,0.400000,258,0.485876,0.485876,0.000000,0.000000,0.485876,0.000000,0,-0.355556,0,0,0.005,0.011
s510,co_wear_leveling,0.500000,combined,16,0.550000,3,0.600000,0.400000,258,0.485876,0.485876,0.000000,0.000000,0.485876,0.000000,0,-0.355556,0,0,0.005,0.008
s510,co_wear_leveling,0.500000,combined,16,0.600000,4,0.769231,0.230769,451,0.477754,0.491525,0.000210,0.028825,0.477754,0.000000,0,-0.358414,0,0,0.006,0.032
s510,co_wear_leveling,0.500000,combined,16,0.650000,4,0.769231,0.230769,451,0.477754,0.491525,0.000210,0.028825,0.477754,0.000000,0,-0.358414,0,0,0.006,0.015
s510,co_wear_leveling,0.500000,combined,16,0.700000,4,0.769231,0.230769,451,0.477754,0.491525,0.000210,0.028825,0.477754,0.000000,0,-0.358414,0,0,0.006,0.011
s510,co_wear_leveling,0.500000,combined,16,0.750000,5,0.938462,0.061538,696,0.471864,0.494915,0.000301,0.048851,0.471864,0.000000,0,-0.262205,0,0,0.007,0.047
s510,co_wear_leveling,0.500000,combined,16,0.800000,5,0.938462,0.061538,696,0.471864,0.494915,0.000301,0.048851,0.471864,0.000000,0,-0.262205,0,0,0.007,0.026
s510,co_wear_leveling,0.500000,combined,16,0.850000,5,0.938462,0.061538,696,0.471864,0.494915,0.000301,0.048851,0.471864,0.000000,0,-0.262205,0,0,0.006,0.018
s510,co_wear_leveling,0.500000,combined,16,0.900000,5,0.938462,0.061538,696,0.471864,0.494915,0.000301,0.048851,0.471864,0.000000,0,-0.262205,0,0,0.006,0.016
s510,co_wear_leveling,0.500000,combined,16,0.950000,6,1.000000,0.000000,990,0.466102,0.480226,0.000144,0.030303,0.466102,0.000000,0,-0.050013,1,1,0.007,0.062
s510,co_wear_leveling,0.500000,combined,16,1.000000,6,1.000000,0.000000,990,0.466102,0.480226,0.000144,0.030303,0.466102,0.000000,0,-0.050013,1,1,0.007,0.021
s510,co_wear_leveling,0.750000,combined,16,0.050000,1,0.230769,0.769231,22,0.372881,0.372881,0.000000,0.000000,0.372881,0.000000,0,-0.502564,1,1,0.004,0.001
s510,co_wear_leveling,0.750000,combined,16,0.100000,1,0.230769,0.769231,22,0.372881,0.372881,0.000000,0.000000,0.372881,0.000000,0,-0.502564,1,1,0.001,0.000
s510,co_wear_leveling,0.750000,combined,16,0.150000,1,0.230769,0.769231,22,0.372881,0.372881,0.000000,0.000000,0.372881,0.000000,0,-0.502564,1,1,0.001,0.000
s510,co_wear_leveling,0.750000,combined,16,0.200000,1,0.230769,0.769231,22,0.372881,0.372881,0.000000,0.000000,0.372881,0.000000,0,-0.502564,1,1,0.001,0.000
s510,co_wear_leveling,0.750000,combined,16,0.250000,2,0.430769,0.569231,120,0.508475,0.508475,0.000000,0.000000,0.508475,0.000000,0,-0.569231,0,0,0.001,0.004
s510,co_wear_leveling,0.750000,combined,16,0.300000,2,0.430769,0.569231,120,0.508475,0.508475,0.000000,0.000000,0.508475,0.000000,0,-0.569231,0,0,0.001,0.002
s510,co_wear_leveling,0.750000,combined,16,0.350000,2,0.430769,0.569231,120,0.508475,0.508475,0.000000,0.000000,0.508475,0.000000,0,-0.569231,0,0,0.001,0.002
s510,co_wear_leveling,0.750000,combined,16,0.400000,2,0.430769,0.569231,120,0.508475,0.508475,0.000000,0.000000,0.508475,0.000000,0,-0.569231,0,0,0.001,0.002
s510,co_wear_leveling,0.750000,combined,16,0.450000,3,0.600000,0.400000,258,0.485876,0.485876,0.000000,0.000000,0.485876,0.000000,0,-0.355556,0,0,0.002,0.008
s510,co_wear_leveling,0.750000,combined,16,0.500000,3,0.600000,0.400000,258,0.485876,0.485876,0.000000,0.000000,0.485876,0.000000,0,-0.355556,0,0,0.002,0.005
s510,co_wear_leveling,0.750000,combined,16,0.550000,3,0.600000,0.400000,258,0.485876,0.485876,0.000000,0.000000,0.485876,0.000000,0,-0.355556,0,0,0.002,0.004
s510,co_wear_leveling,0.750000,combined,16,0.600000,4,0.769231,0.230769,451,0.477754,0.491525,0.000210,0.028825,0.477754,0.000000,0,-0.358414,0,0,0.002,0.012
s510,co_wear_leveling,0.750000,combined,16,0.650000,4,0.769231,0.230769,451,0.477754,0.491525,0.000210,0.028825,0.477754,0.000000,0,-0.358414,0,0,0.002,0.008
s510,co_wear_leveling,0.750000,combined,16,0.700000,4,0.769231,0.230769,451,0.477754,0.491525,0.000210,0.028825,0.477754,0.000000,0,-0.358414,0,0,0.002,0.007
s510,co_wear_leveling,0.750000,combined,16,0.750000,5,0.938462,0.061538,696,0.471864,0.494915,0.000301,0.048851,0.471864,0.000000,0,-0.262205,0,0,0.003,0.016
s510,co_wear_leveling,0.750000,combined,16,0.800000,5,0.938462,0.061538,696,0.471864,0.494915,0.000301,0.048851,0.471864,0.000000,0,-0.262205,0,0,0.003,0.012
s510,co_wear_leveling,0.750000,combined,16,0.850000,5,0.938462,0.061538,696,0.471864,0.494915,0.000301,0.048851,0.471864,0.000000,0,-0.262205,0,0,0.003,0.010
s510,co_wear_leveling,0.750000,combined,16,0.900000,5,0.938462,0.061538,696,0.471864,0.494915,0.000301,0.048851,0.471864,0.000000,0,-0.262205,0,0,0.003,0.008
s510,co_wear_leveling,0.750000,combined,16,0.950000,6,1.000000,0.000000,990,0.466102,0.480226,0.000144,0.030303,0.466102,0.000000,0,-0.050013,1,1,0.003,0.019
s510,co_wear_leveling,0.750000,combined,16,1.000000,6,1.000000,0.000000,990,0.466102,0.480226,0.000144,0.030303,0.466102,0.000000,0,-0.050013,1,1,0.003,0.016
s510,co_wear_leveling,1.000000,combined,16,0.050000,1,0.230769,0.769231,22,0.372881,0.372881,0.000000,0.000000,0.372881,0.000000,0,-0.502564,1,1,0.014,0.004
s510,co_wear_leveling,1.000000,combined,16,0.100000,1,0.230769,0.769231,22,0.372881,0.372881,0.000000,0.000000,0.372881,0.000000,0,-0.502564,1,1,0.003,0.003
s510,co_wear_leveling,1.000000,combined,16,0.150000,1,0.230769,0.769231,22,0.372881,0.372881,0.000000,0.000000,0.372881,0.000000,0,-0.502564,1,1,0.002,0.002
s510,co_wear_leveling,1.000000,combined,16,0.200000,1,0.230769,0.769231,22,0.372881,0.372881,0.000000,0.000000,0.372881,0.000000,0,-0.502564,1,1,0.002,0.002
s510,co_wear_leveling,1.000000,combined,16,0.250000,2,0.430769,0.569231,120,0.508475,0.508475,0.000000,0.000000,0.508475,0.000000,0,-0.569231,0,0,0.005,0.013
s510,co_wear_leveling,1.000000,combined,16,0.300000,2,0.430769,0.569231,120,0.508475,0.508475,0.000000,0.000000,0.508475,0.000000,0,-0.569231,0,0,0.004,0.006
s510,co_wear_leveling,1.000000,combined,16,0.350000,2,0.430769,0.569231,120,0.508475,0.508475,0.000000,0.000000,0.508475,0.000000,0,-0.569231,0,0,0.004,0.004
s510,co_wear_leveling,1.000000,combined,16,0.400000,2,0.430769,0.569231,120,0.508475,0.508475,0.000000,0.000000,0.508475,0.000000,0,-0.569231,0,0,0.004,0.004
s510,co_wear_leveling,1.000000,combined,16,0.450000,3,0.600000,0.400000,258,0.485876,0.485876,0.000000,0.000000,0.485876,0.000000,0,-0.355556,0,0,0.007,0.022
s510,co_wear_leveling,1.000000,combined,16,0.500000,3,0.600000,0.400000,258,0.485876,0.485876,0.000000,0.000000,0.485876,0.000000,0,-0.355556,0,0,0.006,0.012
s510,co_wear_leveling,1.000000,combined,16,0.550000,3,0.600000,0.400000,258,0.485876,0.485876,0.000000,0.000000,0.485876,0.000000,0,-0.355556,0,0,0.006,0.008
s510,co_wear_leveling,1.000000,combined,16,0.600000,4,0.769231,0.230769,451,0.477754,0.491525,0.000210,0.028825,0.477754,0.000000,0,-0.358414,0,0,0.008,0.038
s510,co_wear_leveling,1.000000,combined,16,0.650000,4,0.769231,0.230769,451,0.477754,0.491525,0.000210,0.028825,0.477754,0.000000,0,-0.358414,0,0,0.007,0.018
s510,co_wear_leveling,1.000000,combined,16,0.700000,4,0.769231,0.230769,451,0.477754,0.491525,0.000210,0.028825,0.477754,0.000000,0,-0.358414,0,0,0.007,0.013
s510,co_wear_leveling,1.000000,combined,16,0.750000,5,0.938462,0.061538,696,0.471864,0.494915,0.000301,0.048851,0.471864,0.000000,0,-0.262205,0,0,0.009,0.057
s510,co_wear_leveling,1.000000,combined,16,0.800000,5,0.938462,0.061538,696,0.471864,0.494915,0.000301,0.048851,0.471864,0.000000,0,-0.262205,0,0,0.009,0.031
s510,co_wear_leveling,1.000000,combined,16,0.850000,5,0.938462,0.061538,696,0.471864,0.494915,0.000301,0.048851,0.471864,0.000000,0,-0.262205,0,0,0.008,0.022
s510,co_wear_leveling,1.000000,combined,16,0.900000,5,0.938462,0.061538,696,0.471864,0.494915,0.000301,0.048851,0.471864,0.000000,0,-0.262205,0,0,0.008,0.019
s510,co_wear_leveling,1.000000,combined,16,0.950000,6,1.000000,0.000000,990,0.466102,0.480226,0.000144,0.030303,0.466102,0.000000,0,-0.050013,1,1,0.009,0.079
s510,co_wear_leveling,1.000000,combined,16,1.000000,6,1.000000,0.000000,990,0.466102,0.480226,0.000144,0.030303,0.466102,0.000000,0,-0.050013,1,1,0.009,0.050
s510,random,0.500000,combined,16,0.050000,1,0.061538,0.938462,20,0.338983,0.338983,0.000000,0.000000,0.338983,0.000000,0,-0.514031,1,1,0.022,0.006
s510,random,0.500000,combined,16,0.100000,1,0.061538,0.938462,20,0.338983,0.338983,0.000000,0.000000,0.338983,0.000000,0,-0.514031,1,1,0.015,0.003
s510,random,0.500000,combined,16,0.150000,1,0.061538,0.938462,20,0.338983,0.338983,0.000000,0.000000,0.338983,0.000000,0,-0.514031,1,1,0.013,0.002
s510,random,0.500000,combined,16,0.200000,1,0.061538,0.938462,20,0.338983,0.338983,0.000000,0.000000,0.338983,0.000000,0,-0.514031,1,1,0.012,0.002
s510,random,0.500000,combined,16,0.250000,2,0.261538,0.738462,138,0.584746,0.593220,0.000072,0.014493,0.584746,0.000000,0,-0.863462,0,0,0.011,0.022
s510,random,0.500000,combined,16,0.300000,2,0.261538,0.738462,138,0.584746,0.593220,0.000072,0.014493,0.584746,0.000000,0,-0.863462,0,0,0.011,0.012
s510,random,0.500000,combined,16,0.350000,2,0.261538,0.738462,138,0.584746,0.593220,0.000072,0.014493,0.584746,0.000000,0,-0.863462,0,0,0.011,0.009
s510,random,0.500000,combined,16,0.400000,2,0.261538,0.738462,138,0.584746,0.593220,0.000072,0.014493,0.584746,0.000000,0,-0.863462,0,0,0.010,0.008
s510,random,0.500000,combined,16,0.450000,3,0.430769,0.569231,289,0.544256,0.553672,0.000092,0.017301,0.544256,0.000000,0,-0.661770,0,0,0.010,0.044
s510,random,0.500000,combined,16,0.500000,3,0.430769,0.569231,289,0.544256,0.553672,0.000092,0.017301,0.544256,0.000000,0,-0.661770,0,0,0.011,0.026
s510,random,0.500000,combined,16,0.550000,3,0.430769,0.569231,289,0.544256,0.553672,0.000092,0.017301,0.544256,0.000000,0,-0.661770,0,0,0.010,0.020
s510,random,0.500000,combined,16,0.600000,4,0.661538,0.338462,447,0.473517,0.483051,0.000057,0.020134,0.473517,0.000000,0,-0.250105,0,0,0.010,0.073
s510,random,0.500000,combined,16,0.650000,4,0.661538,0.338462,447,0.473517,0.483051,0.000057,0.020134,0.473517,0.000000,0,-0.250105,0,0,0.011,0.043
s510,random,0.500000,combined,16,0.700000,4,0.661538,0.338462,447,0.473517,0.483051,0.000057,0.020134,0.473517,0.000000,0,-0.250105,0,0,0.010,0.034
s510,random,0.500000,combined,16,0.750000,5,0.830769,0.169231,687,0.465763,0.474576,0.000035,0.018923,0.465763,0.000000,0,-0.028292,1,1,0.010,0.135
s510,random,0.500000,combined,16,0.800000,5,0.830769,0.169231,687,0.465763,0.474576,0.000035,0.018923,0.465763,0.000000,0,-0.028292,1,1,0.020,0.042
s510,random,0.500000,combined,16,0.850000,5,0.830769,0.169231,687,0.465763,0.474576,0.000035,0.018923,0.465763,0.000000,0,-0.028292,1,1,0.014,0.025
s510,random,0.500000,combined,16,0.900000,5,0.830769,0.169231,687,0.465763,0.474576,0.000035,0.018923,0.465763,0.000000,0,-0.028292,1,1,0.011,0.020
s510,random,0.500000,combined,16,0.950000,6,1.000000,0.000000,990,0.466102,0.480226,0.000144,0.030303,0.466102,0.000000,0,-0.053313,1,1,0.011,0.089
s510,random,0.500000,combined,16,1.000000,6,1.000000,0.000000,990,0.466102,0.480226,0.000144,0.030303,0.466102,0.000000,0,-0.053313,1,1,0.011,0.047
s5378,co,0.500000,combined,16,0.050000,9,0.177870,0.822130,3928,0.414477,0.475783,0.000989,0.147912,0.414477,0.000000,0,-0.767489,1,1,0.006,0.040
s5378,co,0.500000,combined,16,0.100000,18,0.265007,0.734993,17810,0.469822,0.494302,0.000170,0.052106,0.470026,0.000000,1,-0.677445,1,0,0.003,0.161
s5378,co,0.500000,combined,16,0.150000,27,0.349654,0.650346,41092,0.481775,0.513454,0.000243,0.065755,0.491967,0.000039,2,-0.629194,1,0,0.006,0.285
s5378,co,0.500000,combined,16,0.200000,36,0.434302,0.565698,75244,0.496228,0.545109,0.000971,0.098506,0.527837,0.000437,5,-0.655320,0,0,0.004,0.476
s5378,co,0.500000,combined,16,0.250000,45,0.514523,0.485477,109220,0.460990,0.521937,0.001836,0.132210,0.508120,0.000969,7,-0.598244,0,0,0.004,0.706
s5378,co,0.500000,combined,16,0.300000,54,0.584509,0.415491,157962,0.462998,0.520734,0.001718,0.124701,0.508507,0.001201,10,-0.518279,0,0,0.004,0.884
s5378,co,0.500000,combined,16,0.350000,63,0.641770,0.358230,204603,0.440601,0.527744,0.002708,0.197783,0.507979,0.001755,11,-0.536251,0,0,0.004,1.260
s5378,co,0.500000,combined,16,0.400000,72,0.699032,0.300968,265667,0.438013,0.527066,0.002650,0.203311,0.509771,0.001853,13,-0.470409,0,0,0.004,1.506
s5378,co,0.500000,combined,16,0.450000,81,0.751591,0.248409,334620,0.435909,0.522106,0.002474,0.197741,0.508296,0.001826,15,-0.394933,0,0,0.004,1.732
s5378,co,0.500000,combined,16,0.500000,90,0.795021,0.204979,410230,0.432869,0.516619,0.002341,0.193477,0.504719,0.001849,18,-0.331173,0,0,0.004,2.049
s5378,co,0.500000,combined,16,0.550000,98,0.830152,0.169848,485505,0.432072,0.517705,0.002422,0.198192,0.506775,0.001945,20,-0.303719,0,1,0.004,2.351
s5378,co,0.500000,combined,16,0.600000,107,0.865284,0.134716,590784,0.441037,0.516016,0.001955,0.170005,0.508991,0.001638,22,-0.232906,0,1,0.004,2.821
s5378,co,0.500000,combined,16,0.650000,116,0.895712,0.104288,707610,0.449461,0.524904,0.001942,0.167852,0.518116,0.001637,24,-0.217945,0,0,0.007,3.226
s5378,co,0.500000,combined,16,0.700000,125,0.923651,0.076349,822534,0.449933,0.526222,0.001931,0.169557,0.519923,0.001619,26,-0.190693,0,0,0.006,3.574
s5378,co,0.500000,combined,16,0.750000,134,0.945505,0.054495,945111,0.449870,0.521750,0.001921,0.159779,0.518063,0.001658,29,-0.163735,0,0,0.007,4.233
s5378,co,0.500000,combined,16,0.800000,143,0.964315,0.035685,1068020,0.446397,0.518319,0.001816,0.161117,0.514864,0.001584,31,-0.128541,0,1,0.007,4.563
s5378,co,0.500000,combined,16,0.850000,152,0.978700,0.021300,1210211,0.447701,0.515632,0.001652,0.151733,0.512958,0.001460,33,-0.097894,1,1,0.008,4.969
s5378,co,0.500000,combined,16,0.900000,161,0.989488,0.010512,1361775,0.449022,0.520040,0.001605,0.158162,0.516384,0.001401,35,-0.088142,1,1,0.009,5.674
s5378,co,0.500000,combined,16,0.950000,170,0.995021,0.004979,1521155,0.449873,0.524585,0.001700,0.166074,0.521122,0.001472,36,-0.096414,1,1,0.008,6.243
s5378,co,0.500000,combined,16,1.000000,179,1.000000,0.000000,1703514,0.454416,0.527336,0.001532,0.160469,0.524047,0.001324,37,-0.083040,1,1,0.008,6.783
s5378,combined,0.500000,combined,16,0.050000,9,0.177870,0.822130,3928,0.414477,0.475783,0.000989,0.147912,0.414477,0.000000,0,-0.767489,1,1,0.007,0.062
s5378,combined,0.500000,combined,16,0.100000,18,0.265007,0.734993,17810,0.469822,0.494302,0.000170,0.052106,0.470026,0.000000,1,-0.677445,1,0,0.006,0.211
s5378,combined,0.500000,combined,16,0.150000,27,0.349654,0.650346,41092,0.481775,0.513454,0.000243,0.065755,0.491967,0.000039,2,-0.629194,1,0,0.006,0.409
s5378,combined,0.500000,combined,16,0.200000,36,0.434302,0.565698,75244,0.496228,0.545109,0.000971,0.098506,0.527837,0.000437,5,-0.655320,0,0,0.006,0.679
s5378,combined,0.500000,combined,16,0.250000,45,0.514523,0.485477,109220,0.460990,0.521937,0.001836,0.132210,0.508120,0.000969,7,-0.598244,0,0,0.006,0.998
s5378,combined,0.500000,combined,16,0.300000,54,0.584509,0.415491,157962,0.462998,0.520734,0.001718,0.124701,0.508507,0.001201,10,-0.518279,0,0,0.006,1.328
s5378,combined,0.500000,combined,16,0.350000,63,0.641770,0.358230,204603,0.440601,0.527744,0.002708,0.197783,0.507979,0.001755,11,-0.536251,0,0,0.006,1.294
s5378,combined,0.500000,combined,16,0.400000,72,0.699032,0.300968,265667,0.438013,0.527066,0.002650,0.203311,0.509771,0.001853,13,-0.470409,0,0,0.005,1.427
s5378,combined,0.500000,combined,16,0.450000,81,0.751591,0.248409,334620,0.435909,0.522106,0.002474,0.197741,0.508296,0.001826,15,-0.394933,0,0,0.005,1.710
s5378,combined,0.500000,combined,16,0.500000,90,0.795021,0.204979,410230,0.432869,0.516619,0.002341,0.193477,0.504719,0.001849,18,-0.331173,0,0,0.005,2.050
s5378,combined,0.500000,combined,16,0.550000,98,0.830152,0.169848,485505,0.432072,0.517705,0.002422,0.198192,0.506775,0.001945,20,-0.303719,0,1,0.005,2.384
s5378,combined,0.500000,combined,16,0.600000,107,0.865284,0.134716,590784,0.441037,0.516016,0.001955,0.170005,0.508991,0.001638,22,-0.232906,0,1,0.005,2.783
s5378,combined,0.500000,combined,16,0.650000,116,0.895712,0.104288,707610,0.449461,0.524904,0.001942,0.167852,0.518116,0.001637,24,-0.217945,0,0,0.006,3.200
s5378,combined,0.500000,combined,16,0.700000,125,0.923651,0.076349,822534,0.449933,0.526222,0.001931,0.169557,0.519923,0.001619,26,-0.190693,0,0,0.006,3.647
s5378,combined,0.500000,combined,16,0.750000,134,0.945505,0.054495,945111,0.449870,0.521750,0.001921,0.159779,0.518063,0.001658,29,-0.163735,0,0,0.005,4.053
s5378,combined,0.500000,combined,16,0.800000,143,0.964315,0.035685,1068020,0.446397,0.518319,0.001816,0.161117,0.514864,0.001584,31,-0.128541,0,1,0.006,4.554
s5378,combined,0.500000,combined,16,0.850000,152,0.978700,0.021300,1210211,0.447701,0.515632,0.001652,0.151733,0.512958,0.001460,33,-0.097894,1,1,0.006,5.150
s5378,combined,0.500000,combined,16,0.900000,161,0.989488,0.010512,1361775,0.449022,0.520040,0.001605,0.158162,0.516384,0.001401,35,-0.088142,1,1,0.006,5.603
s5378,combined,0.500000,combined,16,0.950000,170,0.995021,0.004979,1521155,0.449873,0.524585,0.001700,0.166074,0.521122,0.001472,36,-0.096414,1,1,0.007,6.256
s5378,combined,0.500000,combined,16,1.000000,179,1.000000,0.000000,1703514,0.454416,0.527336,0.001532,0.160469,0.524047,0.001324,37,-0.083040,1,1,0.007,6.814
s5378,combined_wear,0.000000,combined,16,0.050000,9,0.177870,0.822130,3928,0.414477,0.475783,0.000989,0.147912,0.414477,0.000000,0,-0.767489,1,1,0.008,0.043
s5378,combined_wear,0.000000,combined,16,0.100000,18,0.265007,0.734993,17810,0.469822,0.494302,0.000170,0.052106,0.470026,0.000000,1,-0.677445,1,0,0.004,0.151
s5378,combined_wear,0.000000,combined,16,0.150000,27,0.349654,0.650346,41092,0.481775,0.513454,0.000243,0.065755,0.491967,0.000039,2,-0.629194,1,0,0.004,0.279
s5378,combined_wear,0.000000,combined,16,0.200000,36,0.434302,0.565698,75244,0.496228,0.545109,0.000971,0.098506,0.527837,0.000437,5,-0.655320,0,0,0.004,0.447
s5378,combined_wear,0.000000,combined,16,0.250000,45,0.514523,0.485477,109220,0.460990,0.521937,0.001836,0.132210,0.508120,0.000969,7,-0.598244,0,0,0.004,0.678
s5378,combined_wear,0.000000,combined,16,0.300000,54,0.584509,0.415491,157962,0.462998,0.520734,0.001718,0.124701,0.508507,0.001201,10,-0.518279,0,0,0.004,0.907
s5378,combined_wear,0.000000,combined,16,0.350000,63,0.641770,0.358230,204603,0.440601,0.527744,0.002708,0.197783,0.507979,0.001755,11,-0.536251,0,0,0.004,1.260
s5378,combined_wear,0.000000,combined,16,0.400000,72,0.699032,0.300968,265667,0.438013,0.527066,0.002650,0.203311,0.509771,0.001853,13,-0.470409,0,0,0.004,1.445
s5378,combined_wear,0.000000,combined,16,0.450000,81,0.751591,0.248409,334620,0.435909,0.522106,0.002474,0.197741,0.508296,0.001826,15,-0.394933,0,0,0.004,1.734
s5378,combined_wear,0.000000,combined,16,0.500000,90,0.795021,0.204979,410230,0.432869,0.516619,0.002341,0.193477,0.504719,0.001849,18,-0.331173,0,0,0.004,2.040
s5378,combined_wear,0.000000,combined,16,0.550000,98,0.830152,0.169848,485505,0.432072,0.517705,0.002422,0.198192,0.506775,0.001945,20,-0.303719,0,1,0.004,2.362
s5378,combined_wear,0.000000,combined,16,0.600000,107,0.865284,0.134716,590784,0.441037,0.516016,0.001955,0.170005,0.508991,0.001638,22,-0.232906,0,1,0.005,2.748
s5378,combined_wear,0.000000,combined,16,0.650000,116,0.895712,0.104288,707610,0.449461,0.524904,0.001942,0.167852,0.518116,0.001637,24,-0.217945,0,0,0.006,3.188
s5378,combined_wear,0.000000,combined,16,0.700000,125,0.923651,0.076349,822534,0.449933,0.526222,0.001931,0.169557,0.519923,0.001619,26,-0.190693,0,0,0.006,3.622
s5378,combined_wear,0.000000,combined,16,0.750000,134,0.945505,0.054495,945111,0.449870,0.521750,0.001921,0.159779,0.518063,0.001658,29,-0.163735,0,0,0.006,4.101
s5378,combined_wear,0.000000,combined,16,0.800000,143,0.964315,0.035685,1068020,0.446397,0.518319,0.001816,0.161117,0.514864,0.001584,31,-0.128541,0,1,0.007,4.590
s5378,combined_wear,0.000000,combined,16,0.850000,152,0.978700,0.021300,1210211,0.447701,0.515632,0.001652,0.151733,0.512958,0.001460,33,-0.097894,1,1,0.007,5.109
s5378,combined_wear,0.000000,combined,16,0.900000,161,0.989488,0.010512,1361775,0.449022,0.520040,0.001605,0.158162,0.516384,0.001401,35,-0.088142,1,1,0.007,5.674
s5378,combined_wear,0.000000,combined,16,0.950000,170,0.995021,0.004979,1521155,0.449873,0.524585,0.001700,0.166074,0.521122,0.001472,36,-0.096414,1,1,0.007,6.003
s5378,combined_wear,0.000000,combined,16,1.000000,179,1.000000,0.000000,1703514,0.454416,0.527336,0.001532,0.160469,0.524047,0.001324,37,-0.083040,1,1,0.007,6.492
s5378,combined_wear,0.250000,combined,16,0.050000,9,0.175380,0.824620,4530,0.477999,0.501425,0.000258,0.049007,0.477999,0.000000,0,-0.833343,0,0,0.007,0.053
s5378,combined_wear,0.250000,combined,16,0.100000,18,0.260858,0.739142,17127,0.451804,0.475783,0.000271,0.053074,0.450172,0.000000,1,-0.697807,0,0,0.005,0.177
s5378,combined_wear,0.250000,combined,16,0.150000,27,0.331950,0.668050,33432,0.391967,0.451725,0.000846,0.152459,0.406517,0.000111,2,-0.615430,1,0,0.004,0.279
s5378,combined_wear,0.250000,combined,16,0.200000,36,0.394467,0.605533,55473,0.365840,0.456078,0.001940,0.246661,0.406205,0.000544,5,-0.670646,1,1,0.004,0.437
s5378,combined_wear,0.250000,combined,16,0.250000,45,0.453112,0.546888,93086,0.392892,0.466667,0.001492,0.187773,0.437049,0.000556,7,-0.592572,0,1,0.004,0.655
s5378,combined_wear,0.250000,combined,16,0.300000,54,0.500692,0.499308,137805,0.403916,0.464229,0.000888,0.149320,0.443416,0.000314,8,-0.476476,1,1,0.004,0.927
s5378,combined_wear,0.250000,combined,16,0.350000,63,0.559336,0.440664,192314,0.414137,0.488672,0.001229,0.179976,0.465558,0.000550,10,-0.495646,0,1,0.004,1.305
s5378,combined_wear,0.250000,combined,16,0.400000,72,0.616598,0.383402,252357,0.416068,0.487179,0.000951,0.170913,0.464373,0.000500,12,-0.403139,1,1,0.005,1.559
s5378,combined_wear,0.250000,combined,16,0.450000,81,0.647026,0.352974,322064,0.419552,0.489817,0.000903,0.167476,0.469545,0.000493,13,-0.372595,1,1,0.005,1.761
s5378,combined_wear,0.250000,combined,16,0.500000,90,0.723098,0.276902,412846,0.435629,0.498006,0.001042,0.143187,0.489916,0.000686,16,-0.339101,1,1,0.005,2.097
s5378,combined_wear,0.250000,combined,16,0.550000,98,0.760719,0.239281,497623,0.442856,0.501657,0.000951,0.132777,0.494227,0.000664,20,-0.300782,0,0,0.005,2.377
s5378,combined_wear,0.250000,combined,16,0.600000,107,0.814108,0.185892,601721,0.449202,0.506350,0.000882,0.127222,0.500939,0.000646,21,-0.249585,0,0,0.005,2.811
s5378,combined_wear,0.250000,combined,16,0.650000,116,0.845643,0.154357,687816,0.436888,0.499853,0.001042,0.144120,0.494492,0.000795,22,-0.219616,1,1,0.007,3.195
s5378,combined_wear,0.250000,combined,16,0.700000,125,0.863624,0.136376,822481,0.449904,0.507487,0.000904,0.127990,0.502205,0.000717,25,-0.204706,0,0,0.007,3.645
s5378,combined_wear,0.250000,combined,16,0.750000,134,0.880775,0.119225,946243,0.450409,0.506889,0.000787,0.125396,0.502779,0.000612,25,-0.172433,1,0,0.007,4.165
s5378,combined_wear,0.250000,combined,16,0.800000,143,0.885754,0.114246,1094052,0.457278,0.513239,0.000750,0.122379,0.509388,0.000582,27,-0.175889,1,0,0.010,4.630
s5378,combined_wear,0.250000,combined,16,0.850000,152,0.928354,0.071646,1209522,0.447446,0.516869,0.001038,0.155154,0.511450,0.000801,27,-0.163566,1,0,0.008,5.086
s5378,combined_wear,0.250000,combined,16,0.900000,161,0.954357,0.045643,1336125,0.440564,0.520147,0.001359,0.180637,0.512412,0.001083,31,-0.174829,1,1,0.009,5.642
s5378,combined_wear,0.250000,combined,16,0.950000,170,0.985615,0.014385,1530628,0.452674,0.525289,0.001416,0.160413,0.520620,0.001203,34,-0.168477,1,1,0.008,6.280
s5378,combined_wear,0.250000,combined,16,1.000000,179,1.000000,0.000000,1703514,0.454416,0.527336,0.001532,0.160469,0.524047,0.001324,37,-0.172795,1,1,0.009,6.841
s5378,combined_wear,0.500000,combined,16,0.050000,9,0.164592,0.835408,4300,0.453730,0.484330,0.000634,0.067442,0.453730,0.000000,0,-0.897264,0,0,0.008,0.053
s5378,combined_wear,0.500000,combined,16,0.100000,18,0.243707,0.756293,16943,0.446951,0.465337,0.000268,0.041138,0.450825,0.000006,1,-0.733085,1,0,0.005,0.170
s5378,combined_wear,0.500000,combined,16,0.150000,27,0.312863,0.687137,33401,0.391603,0.470719,0.001215,0.202030,0.406497,0.000074,2,-0.762565,0,1,0.004,0.279
s5378,combined_wear,0.500000,combined,16,0.200000,36,0.362932,0.637068,65910,0.434671,0.469373,0.000535,0.079836,0.446462,0.000034,2,-0.647624,0,0,0.004,0.463
s5378,combined_wear,0.500000,combined,16,0.250000,45,0.411342,0.588658,102927,0.434429,0.476543,0.000591,0.096942,0.451792,0.000056,3,-0.615010,0,0,0.004,0.673
s5378,combined_wear,0.500000,combined,16,0.300000,54,0.460028,0.539972,145721,0.427119,0.469927,0.000547,0.100226,0.451982,0.000101,6,-0.544786,0,0,0.004,0.932
s5378,combined_wear,0.500000,combined,16,0.350000,63,0.501521,0.498479,193588,0.416880,0.468186,0.000543,0.123071,0.447226,0.000137,8,-0.489700,1,0,0.004,1.354
s5378,combined_wear,0.500000,combined,16,0.400000,72,0.543292,0.456708,249653,0.411610,0.470679,0.000600,0.143507,0.450031,0.000218,10,-0.453843,1,1,0.005,1.455
s5378,combined_wear,0.500000,combined,16,0.450000,81,0.587275,0.412725,324591,0.422844,0.477894,0.000516,0.130188,0.461440,0.000212,11,-0.415335,0,1,0.005,1.752
s5378,combined_wear,0.500000,combined,16,0.500000,90,0.601383,0.398617,401170,0.423309,0.474169,0.000399,0.120149,0.459360,0.000161,12,-0.379147,1,1,0.005,2.072
s5378,combined_wear,0.500000,combined,16,0.550000,98,0.609959,0.390041,485657,0.432207,0.480987,0.000354,0.112864,0.467387,0.000142,13,-0.379402,1,1,0.005,2.367
s5378,combined_wear,0.500000,combined,16,0.600000,107,0.619087,0.380913,593044,0.442724,0.494688,0.000399,0.117372,0.482232,0.000178,13,-0.402221,1,0,0.005,2.756
s5378,combined_wear,0.500000,combined,16,0.650000,116,0.654219,0.345781,701104,0.445329,0.498895,0.000415,0.120285,0.487212,0.000213,15,-0.376532,1,0,0.006,3.237
s5378,combined_wear,0.500000,combined,16,0.700000,125,0.716459,0.283541,810221,0.443198,0.503521,0.000566,0.136110,0.491624,0.000339,19,-0.340973,1,0,0.006,3.667
s5378,combined_wear,0.500000,combined,16,0.750000,134,0.778423,0.221577,937777,0.446379,0.510269,0.000687,0.143129,0.498800,0.000455,23,-0.308657,0,0,0.007,4.095
s5378,combined_wear,0.500000,combined,16,0.800000,143,0.837344,0.162656,1067877,0.446337,0.510191,0.000853,0.143060,0.505099,0.000623,26,-0.276727,1,0,0.007,4.564
s5378,combined_wear,0.500000,combined,16,0.850000,152,0.891010,0.108990,1225300,0.453283,0.521424,0.001092,0.150327,0.517059,0.000871,29,-0.280282,0,0,0.007,5.119
s5378,combined_wear,0.500000,combined,16,0.900000,161,0.948548,0.051452,1336692,0.440751,0.518979,0.001365,0.177486,0.512542,0.001094,31,-0.251179,1,1,0.007,5.685
s5378,combined_wear,0.500000,combined,16,0.950000,170,0.985615,0.014385,1530628,0.452674,0.525289,0.001416,0.160413,0.520620,0.001203,34,-0.241612,1,1,0.008,6.250
s5378,combined_wear,0.500000,combined,16,1.000000,179,1.000000,0.000000,1703514,0.454416,0.527336,0.001532,0.160469,0.524047,0.001324,37,-0.250000,1,1,0.008,6.934
s5378,combined_wear,0.750000,combined,16,0.050000,9,0.161826,0.838174,4298,0.453519,0.480532,0.000399,0.059563,0.453519,0.000000,0,-0.832734,0,0,0.010,0.053
s5378,combined_wear,0.750000,combined,16,0.100000,18,0.229046,0.770954,18139,0.478501,0.508072,0.001160,0.061801,0.488693,0.000027,1,-0.941971,0,0,0.005,0.174
s5378,combined_wear,0.750000,combined,16,0.150000,27,0.273582,0.726418,39298,0.460741,0.489079,0.000917,0.061504,0.476931,0.000055,0,-0.821220,0,0,0.004,0.296
s5378,combined_wear,0.750000,combined,16,0.200000,36,0.323375,0.676625,70220,0.463095,0.503799,0.001340,0.087895,0.486660,0.000262,0,-0.856884,0,0,0.004,0.466
s5378,combined_wear,0.750000,combined,16,0.250000,45,0.364039,0.635961,106399,0.449083,0.482811,0.000405,0.075104,0.460648,0.000036,3,-0.629035,0,0,0.004,0.662
s5378,combined_wear,0.750000,combined,16,0.300000,54,0.417704,0.582296,149597,0.438480,0.477683,0.000285,0.089407,0.446561,0.000021,4,-0.539949,0,0,0.004,0.955
s5378,combined_wear,0.750000,combined,16,0.350000,63,0.471369,0.528631,208523,0.449042,0.479311,0.000249,0.067407,0.467075,0.000041,6,-0.492910,0,0,0.004,1.276
s5378,combined_wear,0.750000,combined,16,0.400000,72,0.536653,0.463347,252072,0.415598,0.468780,0.000488,0.127963,0.449957,0.000168,9,-0.421767,1,1,0.004,1.540
s5378,combined_wear,0.750000,combined,16,0.450000,81,0.560166,0.439834,325185,0.423618,0.479371,0.000493,0.131611,0.461017,0.000188,11,-0.417517,0,1,0.004,1.740
s5378,combined_wear,0.750000,combined,16,0.500000,90,0.575657,0.424343,407688,0.430187,0.479297,0.000345,0.114161,0.462779,0.000119,11,-0.384600,1,1,0.004,2.063
s5378,combined_wear,0.750000,combined,16,0.550000,98,0.583679,0.416321,494143,0.439759,0.488662,0.000348,0.111205,0.473492,0.000136,12,-0.395989,1,1,0.005,2.391
s5378,combined_wear,0.750000,combined,16,0.600000,107,0.591148,0.408852,597255,0.445868,0.492931,0.000324,0.105553,0.479037,0.000141,13,-0.395013,1,0,0.005,2.791
s5378,combined_wear,0.750000,combined,16,0.650000,116,0.637344,0.362656,697986,0.443348,0.493590,0.000412,0.113323,0.483901,0.000212,15,-0.361216,1,0,0.006,3.198
s5378,combined_wear,0.750000,combined,16,0.700000,125,0.692393,0.307607,813750,0.445128,0.501949,0.000549,0.127650,0.492632,0.000343,19,-0.338303,1,0,0.006,3.634
s5378,combined_wear,0.750000,combined,16,0.750000,134,0.760996,0.239004,926886,0.441195,0.506315,0.000689,0.147597,0.493378,0.000463,23,-0.292474,1,0,0.006,4.046
s5378,combined_wear,0.750000,combined,16,0.800000,143,0.811895,0.188105,1054329,0.440675,0.514733,0.000996,0.168057,0.505405,0.000711,25,-0.299130,1,1,0.007,4.574
s5378,combined_wear,0.750000,combined,16,0.850000,152,0.876072,0.123928,1200600,0.444146,0.517881,0.001159,0.166017,0.511847,0.000902,29,-0.268231,1,0,0.006,5.105
s5378,combined_wear,0.750000,combined,16,0.900000,161,0.945505,0.054495,1346523,0.443993,0.520677,0.001358,0.172715,0.515561,0.001093,31,-0.233623,1,1,0.007,5.659
s5378,combined_wear,0.750000,combined,16,0.950000,170,0.985615,0.014385,1530628,0.452674,0.525289,0.001416,0.160413,0.520620,0.001203,34,-0.216542,1,1,0.007,6.282
s5378,combined_wear,0.750000,combined,16,1.000000,179,1.000000,0.000000,1703514,0.454416,0.527336,0.001532,0.160469,0.524047,0.001324,37,-0.224833,1,1,0.007,6.786
s5378,combined_wear,1.000000,combined,16,0.050000,9,0.153804,0.846196,4670,0.492772,0.537512,0.001703,0.090792,0.492772,0.000000,0,-1.056031,0,0,0.006,0.043
s5378,combined_wear,1.000000,combined,16,0.100000,18,0.214661,0.785339,17799,0.469531,0.519468,0.002029,0.106354,0.482045,0.000035,1,-0.994973,0,0,0.004,0.145
s5378,combined_wear,1.000000,combined,16,0.150000,27,0.265837,0.734163,40383,0.473462,0.510921,0.001754,0.079117,0.500811,0.000212,2,-0.905903,0,0,0.004,0.287
s5378,combined_wear,1.000000,combined,16,0.200000,36,0.307884,0.692116,71523,0.471688,0.500712,0.000847,0.061533,0.488693,0.000128,0,-0.740861,0,0,0.004,0.463
s5378,combined_wear,1.000000,combined,16,0.250000,45,0.344952,0.655048,114139,0.481752,0.508072,0.000328,0.054635,0.497056,0.000051,5,-0.656918,0,0,0.004,0.691
s5378,combined_wear,1.000000,combined,16,0.300000,54,0.397510,0.602490,153413,0.449665,0.471510,0.000222,0.048581,0.457849,0.000019,6,-0.524760,1,0,0.004,0.961
s5378,combined_wear,1.000000,combined,16,0.350000,63,0.449793,0.550207,205645,0.442844,0.476733,0.000236,0.076525,0.457986,0.000027,5,-0.472112,1,0,0.004,1.206
s5378,combined_wear,1.000000,combined,16,0.400000,72,0.479945,0.520055,265844,0.438305,0.487179,0.000387,0.111509,0.466910,0.000098,8,-0.465599,0,0,0.004,1.622
s5378,combined_wear,1.000000,combined,16,0.450000,81,0.504011,0.495989,351229,0.457546,0.486968,0.000191,0.064306,0.477096,0.000044,7,-0.436809,1,0,0.005,1.760
s5378,combined_wear,1.000000,combined,16,0.500000,90,0.529737,0.470263,431763,0.455590,0.494682,0.000236,0.085804,0.480656,0.000070,9,-0.421787,0,0,0.005,2.066
s5378,combined_wear,1.000000,combined,16,0.550000,98,0.538866,0.461134,519004,0.461884,0.501047,0.000235,0.084789,0.488166,0.000084,10,-0.424793,0,0,0.005,2.377
s5378,combined_wear,1.000000,combined,16,0.600000,107,0.591148,0.408852,597255,0.445868,0.492931,0.000324,0.105553,0.479037,0.000141,13,-0.359721,1,0,0.006,2.770
s5378,combined_wear,1.000000,combined,16,0.650000,116,0.629876,0.370124,692158,0.439646,0.493148,0.000425,0.121692,0.481009,0.000214,15,-0.327325,1,0,0.006,3.171
s5378,combined_wear,1.000000,combined,16,0.700000,125,0.679391,0.320609,810140,0.443154,0.496615,0.000545,0.120640,0.490248,0.000338,19,-0.299343,1,0,0.006,3.644
s5378,combined_wear,1.000000,combined,16,0.750000,134,0.741079,0.258921,920079,0.437955,0.506315,0.000777,0.156088,0.495738,0.000521,21,-0.270056,1,1,0.006,4.053
s5378,combined_wear,1.000000,combined,16,0.800000,143,0.803043,0.196957,1051824,0.439628,0.515570,0.001014,0.172742,0.504722,0.000721,25,-0.247498,1,1,0.007,4.613
s5378,combined_wear,1.000000,combined,16,0.850000,152,0.876072,0.123928,1200600,0.444146,0.517881,0.001159,0.166017,0.511847,0.000902,29,-0.199166,1,1,0.006,5.003
s5378,combined_wear,1.000000,combined,16,0.900000,161,0.940802,0.059198,1357863,0.447732,0.522854,0.001345,0.167783,0.518547,0.001089,31,-0.165609,1,1,0.007,5.450
s5378,combined_wear,1.000000,combined,16,0.950000,170,0.985615,0.014385,1530628,0.452674,0.525289,0.001416,0.160413,0.520620,0.001203,34,-0.136821,1,1,0.007,5.949
s5378,combined_wear,1.000000,combined,16,1.000000,179,1.000000,0.000000,1703514,0.454416,0.527336,0.001532,0.160469,0.524047,0.001324,37,-0.140390,1,1,0.007,6.548
s5378,combined_wear_leveling,0.000000,combined,16,0.050000,9,0.177870,0.822130,3928,0.414477,0.475783,0.000989,0.147912,0.414477,0.000000,0,-0.767489,1,1,0.246,0.058
s5378,combined_wear_leveling,0.000000,combined,16,0.100000,18,0.265007,0.734993,17810,0.469822,0.494302,0.000170,0.052106,0.470026,0.000000,1,-0.677445,1,0,0.721,0.204
s5378,combined_wear_leveling,0.000000,combined,16,0.150000,27,0.349654,0.650346,41092,0.481775,0.513454,0.000243,0.065755,0.491967,0.000039,2,-0.629194,1,0,1.522,0.392
s5378,combined_wear_leveling,0.000000,combined,16,0.200000,36,0.434302,0.565698,75244,0.496228,0.545109,0.000971,0.098506,0.527837,0.000437,5,-0.655320,0,0,1.789,0.459
s5378,combined_wear_leveling,0.000000,combined,16,0.250000,45,0.514523,0.485477,109220,0.460990,0.521937,0.001836,0.132210,0.508120,0.000969,7,-0.598244,0,0,2.316,0.647
s5378,combined_wear_leveling,0.000000,combined,16,0.300000,54,0.584509,0.415491,157962,0.462998,0.520734,0.001718,0.124701,0.508507,0.001201,10,-0.518279,0,0,3.356,0.921
s5378,combined_wear_leveling,0.000000,combined,16,0.350000,63,0.641770,0.358230,204603,0.440601,0.527744,0.002708,0.197783,0.507979,0.001755,11,-0.536251,0,0,4.305,1.210
s5378,combined_wear_leveling,0.000000,combined,16,0.400000,72,0.699032,0.300968,265667,0.438013,0.527066,0.002650,0.203311,0.509771,0.001853,13,-0.470409,0,0,5.378,1.495
s5378,combined_wear_leveling,0.000000,combined,16,0.450000,81,0.751591,0.248409,334620,0.435909,0.522106,0.002474,0.197741,0.508296,0.001826,15,-0.394933,0,0,6.600,1.676
s5378,combined_wear_leveling,0.000000,combined,16,0.500000,90,0.795021,0.204979,410230,0.432869,0.516619,0.002341,0.193477,0.504719,0.001849,18,-0.331173,0,0,7.887,2.040
s5378,combined_wear_leveling,0.000000,combined,16,0.550000,98,0.830152,0.169848,485505,0.432072,0.517705,0.002422,0.198192,0.506775,0.001945,20,-0.303719,0,1,9.087,2.235
s5378,combined_wear_leveling,0.000000,combined,16,0.600000,107,0.865284,0.134716,590784,0.441037,0.516016,0.001955,0.170005,0.508991,0.001638,22,-0.232906,0,1,9.663,2.724
s5378,combined_wear_leveling,0.000000,combined,16,0.650000,116,0.895712,0.104288,707610,0.449461,0.524904,0.001942,0.167852,0.518116,0.001637,24,-0.217945,0,0,11.293,3.155
s5378,combined_wear_leveling,0.000000,combined,16,0.700000,125,0.923651,0.076349,822534,0.449933,0.526222,0.001931,0.169557,0.519923,0.001619,26,-0.190693,0,0,12.538,3.581
s5378,combined_wear_leveling,0.000000,combined,16,0.750000,134,0.945505,0.054495,945111,0.449870,0.521750,0.001921,0.159779,0.518063,0.001658,29,-0.163735,0,0,13.201,3.879
s5378,combined_wear_leveling,0.000000,combined,16,0.800000,143,0.964315,0.035685,1068020,0.446397,0.518319,0.001816,0.161117,0.514864,0.001584,31,-0.128541,0,1,14.057,4.361
s5378,combined_wear_leveling,0.000000,combined,16,0.850000,152,0.978700,0.021300,1210211,0.447701,0.515632,0.001652,0.151733,0.512958,0.001460,33,-0.097894,1,1,14.849,4.926
s5378,combined_wear_leveling,0.000000,combined,16,0.900000,161,0.989488,0.010512,1361775,0.449022,0.520040,0.001605,0.158162,0.516384,0.001401,35,-0.088142,1,1,15.445,5.452
s5378,combined_wear_leveling,0.000000,combined,16,0.950000,170,0.995021,0.004979,1521155,0.449873,0.524585,0.001700,0.166074,0.521122,0.001472,36,-0.096414,1,1,15.747,5.999
s5378,combined_wear_leveling,0.000000,combined,16,1.000000,179,1.000000,0.000000,1703514,0.454416,0.527336,0.001532,0.160469,0.524047,0.001324,37,-0.083040,1,1,15.887,6.573
s5378,combined_wear_leveling,0.250000,combined,16,0.050000,9,0.177870,0.822130,3928,0.414477,0.475783,0.000989,0.147912,0.414477,0.000000,0,-0.758774,1,1,0.134,0.038
s5378,combined_wear_leveling,0.250000,combined,16,0.100000,18,0.265007,0.734993,17344,0.457529,0.498575,0.000280,0.089714,0.458630,0.000004,1,-0.661279,1,0,0.383,0.159
s5378,combined_wear_leveling,0.250000,combined,16,0.150000,27,0.349654,0.650346,42021,0.492666,0.559038,0.001041,0.134718,0.511574,0.000194,3,-0.743940,0,0,0.845,0.294
s5378,combined_wear_leveling,0.250000,combined,16,0.200000,36,0.434302,0.565698,76826,0.506661,0.554368,0.000937,0.094161,0.538283,0.000427,5,-0.658202,0,0,1.476,0.451
s5378,combined_wear_leveling,0.250000,combined,16,0.250000,45,0.514523,0.485477,109220,0.460990,0.521937,0.001836,0.132210,0.508120,0.000969,7,-0.596723,0,0,2.308,0.664
s5378,combined_wear_leveling,0.250000,combined,16,0.300000,54,0.584509,0.415491,157962,0.462998,0.520734,0.001718,0.124701,0.508507,0.001201,10,-0.515460,0,0,3.240,0.890
s5378,combined_wear_leveling,0.250000,combined,16,0.350000,63,0.641770,0.358230,215158,0.463330,0.524217,0.001667,0.131410,0.513736,0.001238,12,-0.456396,0,0,4.341,1.244
s5378,combined_wear_leveling,0.250000,combined,16,0.400000,72,0.699032,0.300968,266647,0.439629,0.516144,0.002358,0.174047,0.504704,0.001673,13,-0.439825,0,0,5.435,1.558
s5378,combined_wear_leveling,0.250000,combined,16,0.450000,81,0.751591,0.248409,326177,0.424910,0.511765,0.002330,0.204407,0.496393,0.001739,15,-0.365873,0,1,6.263,1.616
s5378,combined_wear_leveling,0.250000,combined,16,0.500000,90,0.795021,0.204979,408167,0.430692,0.516999,0.002346,0.200391,0.504570,0.001796,18,-0.334506,0,0,7.422,1.937
s5378,combined_wear_leveling,0.250000,combined,16,0.550000,98,0.830152,0.169848,485505,0.432072,0.517705,0.002422,0.198192,0.506775,0.001945,20,-0.309271,0,0,8.662,2.246
s5378,combined_wear_leveling,0.250000,combined,16,0.600000,107,0.865284,0.134716,574454,0.428846,0.510744,0.001989,0.190971,0.500734,0.001618,21,-0.219999,1,1,9.931,2.650
s5378,combined_wear_leveling,0.250000,combined,16,0.650000,116,0.895712,0.104288,706923,0.449025,0.523431,0.001826,0.165705,0.516951,0.001549,23,-0.204009,0,0,10.958,2.979
s5378,combined_wear_leveling,0.250000,combined,16,0.700000,125,0.923651,0.076349,822534,0.449933,0.526222,0.001931,0.169557,0.519923,0.001619,26,-0.190339,0,0,11.897,3.487
s5378,combined_wear_leveling,0.250000,combined,16,0.750000,134,0.945505,0.054495,955548,0.454838,0.529915,0.001825,0.165061,0.522253,0.001583,28,-0.165649,0,0,13.111,3.856
s5378,combined_wear_leveling,0.250000,combined,16,0.800000,143,0.964315,0.035685,1068020,0.446397,0.518319,0.001816,0.161117,0.514864,0.001584,31,-0.127183,1,1,14.067,4.302
s5378,combined_wear_leveling,0.250000,combined,16,0.850000,152,0.978700,0.021300,1211137,0.448044,0.518444,0.001619,0.157128,0.515193,0.001412,32,-0.094281,1,1,15.067,4.828
s5378,combined_wear_leveling,0.250000,combined,16,0.900000,161,0.989488,0.010512,1361775,0.449022,0.520040,0.001605,0.158162,0.516384,0.001401,35,-0.084399,1,1,15.358,5.359
s5378,combined_wear_leveling,0.250000,combined,16,0.950000,170,0.995021,0.004979,1521155,0.449873,0.524585,0.001700,0.166074,0.521122,0.001472,36,-0.093584,1,1,15.806,5.906
s5378,combined_wear_leveling,0.250000,combined,16,1.000000,179,1.000000,0.000000,1703514,0.454416,0.527336,0.001532,0.160469,0.524047,0.001324,37,-0.078227,1,1,15.847,6.459
s5378,combined_wear_leveling,0.500000,combined,16,0.050000,9,0.177870,0.822130,3928,0.414477,0.475783,0.000989,0.147912,0.414477,0.000000,0,-0.758774,1,1,0.154,0.039
s5378,combined_wear_leveling,0.500000,combined,16,0.100000,18,0.265007,0.734993,17344,0.457529,0.498575,0.000280,0.089714,0.458630,0.000004,1,-0.661279,1,0,0.386,0.160
s5378,combined_wear_leveling,0.500000,combined,16,0.150000,27,0.349654,0.650346,42021,0.492666,0.559038,0.001041,0.134718,0.511574,0.000194,3,-0.743940,0,0,0.839,0.301
s5378,combined_wear_leveling,0.500000,combined,16,0.200000,36,0.434302,0.565698,76826,0.506661,0.554368,0.000937,0.094161,0.538283,0.000427,5,-0.658202,0,0,1.449,0.451
s5378,combined_wear_leveling,0.500000,combined,16,0.250000,45,0.514523,0.485477,109220,0.460990,0.521937,0.001836,0.132210,0.508120,0.000969,7,-0.596723,0,0,2.401,0.645
s5378,combined_wear_leveling,0.500000,combined,16,0.300000,54,0.584509,0.415491,157962,0.462998,0.520734,0.001718,0.124701,0.508507,0.001201,10,-0.515460,0,0,3.268,0.878
s5378,combined_wear_leveling,0.500000,combined,16,0.350000,63,0.641770,0.358230,215158,0.463330,0.524217,0.001667,0.131410,0.513736,0.001238,12,-0.456396,0,0,4.322,1.157
s5378,combined_wear_leveling,0.500000,combined,16,0.400000,72,0.699032,0.300968,266647,0.439629,0.516144,0.002358,0.174047,0.504704,0.001673,13,-0.439825,0,0,5.587,1.616
s5378,combined_wear_leveling,0.500000,combined,16,0.450000,81,0.751591,0.248409,326177,0.424910,0.511765,0.002330,0.204407,0.496393,0.001739,15,-0.365873,0,1,6.624,1.687
s5378,combined_wear_leveling,0.500000,combined,16,0.500000,90,0.795021,0.204979,408167,0.430692,0.516999,0.002346,0.200391,0.504570,0.001796,18,-0.334506,0,0,7.822,1.958
s5378,combined_wear_leveling,0.500000,combined,16,0.550000,98,0.830152,0.169848,485505,0.432072,0.517705,0.002422,0.198192,0.506775,0.001945,20,-0.309271,0,0,8.406,2.240
s5378,combined_wear_leveling,0.500000,combined,16,0.600000,107,0.865284,0.134716,574454,0.428846,0.510744,0.001989,0.190971,0.500734,0.001618,21,-0.219999,1,1,9.849,2.691
s5378,combined_wear_leveling,0.500000,combined,16,0.650000,116,0.895712,0.104288,706923,0.449025,0.523431,0.001826,0.165705,0.516951,0.001549,23,-0.204009,0,0,10.768,3.049
s5378,combined_wear_leveling,0.500000,combined,16,0.700000,125,0.923651,0.076349,822534,0.449933,0.526222,0.001931,0.169557,0.519923,0.001619,26,-0.190339,0,0,11.974,3.456
s5378,combined_wear_leveling,0.500000,combined,16,0.750000,134,0.945505,0.054495,955548,0.454838,0.529915,0.001825,0.165061,0.522253,0.001583,28,-0.165649,0,0,13.009,3.898
s5378,combined_wear_leveling,0.500000,combined,16,0.800000,143,0.964315,0.035685,1068020,0.446397,0.518319,0.001816,0.161117,0.514864,0.001584,31,-0.127183,1,1,14.153,4.348
s5378,combined_wear_leveling,0.500000,combined,16,0.850000,152,0.978700,0.021300,1211137,0.448044,0.518444,0.001619,0.157128,0.515193,0.001412,32,-0.094281,1,1,15.236,5.067
s5378,combined_wear_leveling,0.500000,combined,16,0.900000,161,0.989488,0.010512,1361775,0.449022,0.520040,0.001605,0.158162,0.516384,0.001401,35,-0.084399,1,1,16.116,5.924
s5378,combined_wear_leveling,0.500000,combined,16,0.950000,170,0.995021,0.004979,1521155,0.449873,0.524585,0.001700,0.166074,0.521122,0.001472,36,-0.093584,1,1,16.612,6.183
s5378,combined_wear_leveling,0.500000,combined,16,1.000000,179,1.000000,0.000000,1703514,0.454416,0.527336,0.001532,0.160469,0.524047,0.001324,37,-0.078227,1,1,16.084,6.548
s5378,combined_wear_leveling,0.750000,combined,16,0.050000,9,0.177870,0.822130,3928,0.414477,0.475783,0.000989,0.147912,0.414477,0.000000,0,-0.758774,1,1,0.160,0.039
s5378,combined_wear_leveling,0.750000,combined,16,0.100000,18,0.265007,0.734993,17344,0.457529,0.498575,0.000280,0.089714,0.458630,0.000004,1,-0.661279,1,0,0.386,0.159
s5378,combined_wear_leveling,0.750000,combined,16,0.150000,27,0.349654,0.650346,42021,0.492666,0.559038,0.001041,0.134718,0.511574,0.000194,3,-0.743940,0,0,0.829,0.296
s5378,combined_wear_leveling,0.750000,combined,16,0.200000,36,0.434302,0.565698,76826,0.506661,0.554368,0.000937,0.094161,0.538283,0.000427,5,-0.658202,0,0,1.455,0.452
s5378,combined_wear_leveling,0.750000,combined,16,0.250000,45,0.514523,0.485477,109220,0.460990,0.521937,0.001836,0.132210,0.508120,0.000969,7,-0.596723,0,0,2.312,0.653
s5378,combined_wear_leveling,0.750000,combined,16,0.300000,54,0.584509,0.415491,157962,0.462998,0.520734,0.001718,0.124701,0.508507,0.001201,10,-0.515460,0,0,3.223,0.902
s5378,combined_wear_leveling,0.750000,combined,16,0.350000,63,0.641770,0.358230,215158,0.463330,0.524217,0.001667,0.131410,0.513736,0.001238,12,-0.456396,0,0,4.291,1.159
s5378,combined_wear_leveling,0.750000,combined,16,0.400000,72,0.699032,0.300968,266647,0.439629,0.516144,0.002358,0.174047,0.504704,0.001673,13,-0.439825,0,0,5.561,1.414
s5378,combined_wear_leveling,0.750000,combined,16,0.450000,81,0.751591,0.248409,326177,0.424910,0.511765,0.002330,0.204407,0.496393,0.001739,15,-0.365873,0,1,6.199,1.665
s5378,combined_wear_leveling,0.750000,combined,16,0.500000,90,0.795021,0.204979,408167,0.430692,0.516999,0.002346,0.200391,0.504570,0.001796,18,-0.334506,0,0,7.376,2.006
s5378,combined_wear_leveling,0.750000,combined,16,0.550000,98,0.830152,0.169848,485505,0.432072,0.517705,0.002422,0.198192,0.506775,0.001945,20,-0.309271,0,0,8.986,2.359
s5378,combined_wear_leveling,0.750000,combined,16,0.600000,107,0.865284,0.134716,574454,0.428846,0.510744,0.001989,0.190971,0.500734,0.001618,21,-0.219999,1,1,10.246,2.753
s5378,combined_wear_leveling,0.750000,combined,16,0.650000,116,0.895712,0.104288,706923,0.449025,0.523431,0.001826,0.165705,0.516951,0.001549,23,-0.204009,0,0,11.132,2.983
s5378,combined_wear_leveling,0.750000,combined,16,0.700000,125,0.923651,0.076349,822534,0.449933,0.526222,0.001931,0.169557,0.519923,0.001619,26,-0.190339,0,0,11.819,3.440
s5378,combined_wear_leveling,0.750000,combined,16,0.750000,134,0.945505,0.054495,955548,0.454838,0.529915,0.001825,0.165061,0.522253,0.001583,28,-0.165649,0,0,13.145,3.878
s5378,combined_wear_leveling,0.750000,combined,16,0.800000,143,0.964315,0.035685,1068020,0.446397,0.518319,0.001816,0.161117,0.514864,0.001584,31,-0.127183,1,1,14.045,4.294
s5378,combined_wear_leveling,0.750000,combined,16,0.850000,152,0.978700,0.021300,1211137,0.448044,0.518444,0.001619,0.157128,0.515193,0.001412,32,-0.094281,1,1,14.859,4.826
s5378,combined_wear_leveling,0.750000,combined,16,0.900000,161,0.989488,0.010512,1361775,0.449022,0.520040,0.001605,0.158162,0.516384,0.001401,35,-0.084399,1,1,15.293,5.370
s5378,combined_wear_leveling,0.750000,combined,16,0.950000,170,0.995021,0.004979,1521155,0.449873,0.524585,0.001700,0.166074,0.521122,0.001472,36,-0.093584,1,1,15.663,5.898
s5378,combined_wear_leveling,0.750000,combined,16,1.000000,179,1.000000,0.000000,1703514,0.454416,0.527336,0.001532,0.160469,0.524047,0.001324,37,-0.078227,1,1,15.771,6.487
s5378,combined_wear_leveling,1.000000,combined,16,0.050000,9,0.177870,0.822130,3928,0.414477,0.475783,0.000989,0.147912,0.414477,0.000000,0,-0.758774,1,1,0.250,0.056
s5378,combined_wear_leveling,1.000000,combined,16,0.100000,18,0.265007,0.734993,17344,0.457529,0.498575,0.000280,0.089714,0.458630,0.000004,1,-0.661279,1,0,0.739,0.221
s5378,combined_wear_leveling,1.000000,combined,16,0.150000,27,0.349654,0.650346,42021,0.492666,0.559038,0.001041,0.134718,0.511574,0.000194,3,-0.743940,0,0,1.529,0.422
s5378,combined_wear_leveling,1.000000,combined,16,0.200000,36,0.434302,0.565698,76826,0.506661,0.554368,0.000937,0.094161,0.538283,0.000427,5,-0.658202,0,0,2.633,0.675
s5378,combined_wear_leveling,1.000000,combined,16,0.250000,45,0.514523,0.485477,109220,0.460990,0.521937,0.001836,0.132210,0.508120,0.000969,7,-0.596723,0,0,4.051,0.991
s5378,combined_wear_leveling,1.000000,combined,16,0.300000,54,0.584509,0.415491,157962,0.462998,0.520734,0.001718,0.124701,0.508507,0.001201,10,-0.515460,0,0,5.644,1.365
s5378,combined_wear_leveling,1.000000,combined,16,0.350000,63,0.641770,0.358230,215158,0.463330,0.524217,0.001667,0.131410,0.513736,0.001238,12,-0.456396,0,0,4.341,1.257
s5378,combined_wear_leveling,1.000000,combined,16,0.400000,72,0.699032,0.300968,266647,0.439629,0.516144,0.002358,0.174047,0.504704,0.001673,13,-0.439825,0,0,5.376,1.490
s5378,combined_wear_leveling,1.000000,combined,16,0.450000,81,0.751591,0.248409,326177,0.424910,0.511765,0.002330,0.204407,0.496393,0.001739,15,-0.365873,0,1,6.615,1.696
s5378,combined_wear_leveling,1.000000,combined,16,0.500000,90,0.795021,0.204979,408167,0.430692,0.516999,0.002346,0.200391,0.504570,0.001796,18,-0.334506,0,0,7.849,2.139
s5378,combined_wear_leveling,1.000000,combined,16,0.550000,98,0.830152,0.169848,485505,0.432072,0.517705,0.002422,0.198192,0.506775,0.001945,20,-0.309271,0,0,8.534,2.246
s5378,combined_wear_leveling,1.000000,combined,16,0.600000,107,0.865284,0.134716,574454,0.428846,0.510744,0.001989,0.190971,0.500734,0.001618,21,-0.219999,1,1,9.897,2.698
s5378,combined_wear_leveling,1.000000,combined,16,0.650000,116,0.895712,0.104288,706923,0.449025,0.523431,0.001826,0.165705,0.516951,0.001549,23,-0.204009,0,0,10.847,2.987
s5378,combined_wear_leveling,1.000000,combined,16,0.700000,125,0.923651,0.076349,822534,0.449933,0.526222,0.001931,0.169557,0.519923,0.001619,26,-0.190339,0,0,12.021,3.405
s5378,combined_wear_leveling,1.000000,combined,16,0.750000,134,0.945505,0.054495,955548,0.454838,0.529915,0.001825,0.165061,0.522253,0.001583,28,-0.165649,0,0,13.579,4.058
s5378,combined_wear_leveling,1.000000,combined,16,0.800000,143,0.964315,0.035685,1068020,0.446397,0.518319,0.001816,0.161117,0.514864,0.001584,31,-0.127183,1,1,14.877,4.542
s5378,combined_wear_leveling,1.000000,combined,16,0.850000,152,0.978700,0.021300,1211137,0.448044,0.518444,0.001619,0.157128,0.515193,0.001412,32,-0.094281,1,1,15.487,4.823
s5378,combined_wear_leveling,1.000000,combined,16,0.900000,161,0.989488,0.010512,1361775,0.449022,0.520040,0.001605,0.158162,0.516384,0.001401,35,-0.084399,1,1,15.411,5.380
s5378,combined_wear_leveling,1.000000,combined,16,0.950000,170,0.995021,0.004979,1521155,0.449873,0.524585,0.001700,0.166074,0.521122,0.001472,36,-0.093584,1,1,15.710,5.849
s5378,combined_wear_leveling,1.000000,combined,16,1.000000,179,1.000000,0.000000,1703514,0.454416,0.527336,0.001532,0.160469,0.524047,0.001324,37,-0.078227,1,1,16.012,6.462
s5378,co_wear,0.000000,combined,16,0.050000,9,0.177870,0.822130,3928,0.414477,0.475783,0.000989,0.147912,0.414477,0.000000,0,-0.767489,1,1,0.009,0.048
s5378,co_wear,0.000000,combined,16,0.100000,18,0.265007,0.734993,17810,0.469822,0.494302,0.000170,0.052106,0.470026,0.000000,1,-0.677445,1,0,0.004,0.174
s5378,co_wear,0.000000,combined,16,0.150000,27,0.349654,0.650346,41092,0.481775,0.513454,0.000243,0.065755,0.491967,0.000039,2,-0.629194,1,0,0.004,0.279
s5378,co_wear,0.000000,combined,16,0.200000,36,0.434302,0.565698,75244,0.496228,0.545109,0.000971,0.098506,0.527837,0.000437,5,-0.655320,0,0,0.004,0.443
s5378,co_wear,0.000000,combined,16,0.250000,45,0.514523,0.485477,109220,0.460990,0.521937,0.001836,0.132210,0.508120,0.000969,7,-0.598244,0,0,0.004,0.689
s5378,co_wear,0.000000,combined,16,0.300000,54,0.584509,0.415491,157962,0.462998,0.520734,0.001718,0.124701,0.508507,0.001201,10,-0.518279,0,0,0.004,0.935
s5378,co_wear,0.000000,combined,16,0.350000,63,0.641770,0.358230,204603,0.440601,0.527744,0.002708,0.197783,0.507979,0.001755,11,-0.536251,0,0,0.004,1.262
s5378,co_wear,0.000000,combined,16,0.400000,72,0.699032,0.300968,265667,0.438013,0.527066,0.002650,0.203311,0.509771,0.001853,13,-0.470409,0,0,0.004,1.519
s5378,co_wear,0.000000,combined,16,0.450000,81,0.751591,0.248409,334620,0.435909,0.522106,0.002474,0.197741,0.508296,0.001826,15,-0.394933,0,0,0.004,1.704
s5378,co_wear,0.000000,combined,16,0.500000,90,0.795021,0.204979,410230,0.432869,0.516619,0.002341,0.193477,0.504719,0.001849,18,-0.331173,0,0,0.005,2.044
s5378,co_wear,0.000000,combined,16,0.550000,98,0.830152,0.169848,485505,0.432072,0.517705,0.002422,0.198192,0.506775,0.001945,20,-0.303719,0,1,0.005,2.371
s5378,co_wear,0.000000,combined,16,0.600000,107,0.865284,0.134716,590784,0.441037,0.516016,0.001955,0.170005,0.508991,0.001638,22,-0.232906,0,1,0.005,2.806
s5378,co_wear,0.000000,combined,16,0.650000,116,0.895712,0.104288,707610,0.449461,0.524904,0.001942,0.167852,0.518116,0.001637,24,-0.217945,0,0,0.006,3.231
s5378,co_wear,0.000000,combined,16,0.700000,125,0.923651,0.076349,822534,0.449933,0.526222,0.001931,0.169557,0.519923,0.001619,26,-0.190693,0,0,0.006,3.591
s5378,co_wear,0.000000,combined,16,0.750000,134,0.945505,0.054495,945111,0.449870,0.521750,0.001921,0.159779,0.518063,0.001658,29,-0.163735,0,0,0.006,4.080
s5378,co_wear,0.000000,combined,16,0.800000,143,0.964315,0.035685,1068020,0.446397,0.518319,0.001816,0.161117,0.514864,0.001584,31,-0.128541,0,1,0.007,4.573
s5378,co_wear,0.000000,combined,16,0.850000,152,0.978700,0.021300,1210211,0.447701,0.515632,0.001652,0.151733,0.512958,0.001460,33,-0.097894,1,1,0.007,4.923
s5378,co_wear,0.000000,combined,16,0.900000,161,0.989488,0.010512,1361775,0.449022,0.520040,0.001605,0.158162,0.516384,0.001401,35,-0.088142,1,1,0.007,5.396
s5378,co_wear,0.000000,combined,16,0.950000,170,0.995021,0.004979,1521155,0.449873,0.524585,0.001700,0.166074,0.521122,0.001472,36,-0.096414,1,1,0.007,5.966
s5378,co_wear,0.000000,combined,16,1.000000,179,1.000000,0.000000,1703514,0.454416,0.527336,0.001532,0.160469,0.524047,0.001324,37,-0.083040,1,1,0.007,6.500
s5378,co_wear,0.250000,combined,16,0.050000,9,0.175380,0.824620,4530,0.477999,0.501425,0.000258,0.049007,0.477999,0.000000,0,-0.833343,0,0,0.007,0.056
s5378,co_wear,0.250000,combined,16,0.100000,18,0.260858,0.739142,17127,0.451804,0.475783,0.000271,0.053074,0.450172,0.000000,1,-0.697807,0,0,0.005,0.180
s5378,co_wear,0.250000,combined,16,0.150000,27,0.331950,0.668050,33432,0.391967,0.451725,0.000846,0.152459,0.406517,0.000111,2,-0.615430,1,0,0.004,0.281
s5378,co_wear,0.250000,combined,16,0.200000,36,0.394467,0.605533,55473,0.365840,0.456078,0.001940,0.246661,0.406205,0.000544,5,-0.670646,1,1,0.004,0.463
s5378,co_wear,0.250000,combined,16,0.250000,45,0.453112,0.546888,93086,0.392892,0.466667,0.001492,0.187773,0.437049,0.000556,7,-0.592572,0,1,0.004,0.666
s5378,co_wear,0.250000,combined,16,0.300000,54,0.500692,0.499308,137805,0.403916,0.464229,0.000888,0.149320,0.443416,0.000314,8,-0.476476,1,1,0.004,0.920
s5378,co_wear,0.250000,combined,16,0.350000,63,0.559336,0.440664,192314,0.414137,0.488672,0.001229,0.179976,0.465558,0.000550,10,-0.495646,0,1,0.004,1.288
s5378,co_wear,0.250000,combined,16,0.400000,72,0.616598,0.383402,252357,0.416068,0.487179,0.000951,0.170913,0.464373,0.000500,12,-0.403139,1,1,0.005,1.697
s5378,co_wear,0.250000,combined,16,0.450000,81,0.647026,0.352974,322064,0.419552,0.489817,0.000903,0.167476,0.469545,0.000493,13,-0.372595,1,1,0.005,1.777
s5378,co_wear,0.250000,combined,16,0.500000,90,0.723098,0.276902,412846,0.435629,0.498006,0.001042,0.143187,0.489916,0.000686,16,-0.339101,1,1,0.005,2.086
s5378,co_wear,0.250000,combined,16,0.550000,98,0.760719,0.239281,497623,0.442856,0.501657,0.000951,0.132777,0.494227,0.000664,20,-0.300782,0,0,0.005,2.410
s5378,co_wear,0.250000,combined,16,0.600000,107,0.814108,0.185892,601721,0.449202,0.506350,0.000882,0.127222,0.500939,0.000646,21,-0.249585,0,0,0.005,2.850
s5378,co_wear,0.250000,combined,16,0.650000,116,0.845643,0.154357,687816,0.436888,0.499853,0.001042,0.144120,0.494492,0.000795,22,-0.219616,1,1,0.007,3.197
s5378,co_wear,0.250000,combined,16,0.700000,125,0.863624,0.136376,822481,0.449904,0.507487,0.000904,0.127990,0.502205,0.000717,25,-0.204706,0,0,0.006,3.640
s5378,co_wear,0.250000,combined,16,0.750000,134,0.880775,0.119225,946243,0.450409,0.506889,0.000787,0.125396,0.502779,0.000612,25,-0.172433,1,0,0.007,4.089
s5378,co_wear,0.250000,combined,16,0.800000,143,0.885754,0.114246,1094052,0.457278,0.513239,0.000750,0.122379,0.509388,0.000582,27,-0.175889,1,0,0.007,4.566
s5378,co_wear,0.250000,combined,16,0.850000,152,0.928354,0.071646,1209522,0.447446,0.516869,0.001038,0.155154,0.511450,0.000801,27,-0.163566,1,0,0.008,4.954
s5378,co_wear,0.250000,combined,16,0.900000,161,0.954357,0.045643,1336125,0.440564,0.520147,0.001359,0.180637,0.512412,0.001083,31,-0.174829,1,1,0.007,5.466
s5378,co_wear,0.250000,combined,16,0.950000,170,0.985615,0.014385,1530628,0.452674,0.525289,0.001416,0.160413,0.520620,0.001203,34,-0.168477,1,1,0.007,6.000
s5378,co_wear,0.250000,combined,16,1.000000,179,1.000000,0.000000,1703514,0.454416,0.527336,0.001532,0.160469,0.524047,0.001324,37,-0.172795,1,1,0.008,6.600
s5378,co_wear,0.500000,combined,16,0.050000,9,0.164592,0.835408,4300,0.453730,0.484330,0.000634,0.067442,0.453730,0.000000,0,-0.897264,0,0,0.007,0.052
s5378,co_wear,0.500000,combined,16,0.100000,18,0.243707,0.756293,16943,0.446951,0.465337,0.000268,0.041138,0.450825,0.000006,1,-0.733085,1,0,0.004,0.181
s5378,co_wear,0.500000,combined,16,0.150000,27,0.312863,0.687137,33401,0.391603,0.470719,0.001215,0.202030,0.406497,0.000074,2,-0.762565,0,1,0.005,0.276
s5378,co_wear,0.500000,combined,16,0.200000,36,0.362932,0.637068,65910,0.434671,0.469373,0.000535,0.079836,0.446462,0.000034,2,-0.647624,0,0,0.004,0.467
s5378,co_wear,0.500000,combined,16,0.250000,45,0.411342,0.588658,102927,0.434429,0.476543,0.000591,0.096942,0.451792,0.000056,3,-0.615010,0,0,0.004,0.694
s5378,co_wear,0.500000,combined,16,0.300000,54,0.460028,0.539972,145721,0.427119,0.469927,0.000547,0.100226,0.451982,0.000101,6,-0.544786,0,0,0.004,0.965
s5378,co_wear,0.500000,combined,16,0.350000,63,0.501521,0.498479,193588,0.416880,0.468186,0.000543,0.123071,0.447226,0.000137,8,-0.489700,1,0,0.004,1.282
s5378,co_wear,0.500000,combined,16,0.400000,72,0.543292,0.456708,249653,0.411610,0.470679,0.000600,0.143507,0.450031,0.000218,10,-0.453843,1,1,0.004,1.474
s5378,co_wear,0.500000,combined,16,0.450000,81,0.587275,0.412725,324591,0.422844,0.477894,0.000516,0.130188,0.461440,0.000212,11,-0.415335,0,1,0.005,1.753
s5378,co_wear,0.500000,combined,16,0.500000,90,0.601383,0.398617,401170,0.423309,0.474169,0.000399,0.120149,0.459360,0.000161,12,-0.379147,1,1,0.005,2.105
s5378,co_wear,0.500000,combined,16,0.550000,98,0.609959,0.390041,485657,0.432207,0.480987,0.000354,0.112864,0.467387,0.000142,13,-0.379402,1,1,0.005,2.373
s5378,co_wear,0.500000,combined,16,0.600000,107,0.619087,0.380913,593044,0.442724,0.494688,0.000399,0.117372,0.482232,0.000178,13,-0.402221,1,0,0.005,2.732
s5378,co_wear,0.500000,combined,16,0.650000,116,0.654219,0.345781,701104,0.445329,0.498895,0.000415,0.120285,0.487212,0.000213,15,-0.376532,1,0,0.006,3.248
s5378,co_wear,0.500000,combined,16,0.700000,125,0.716459,0.283541,810221,0.443198,0.503521,0.000566,0.136110,0.491624,0.000339,19,-0.340973,1,0,0.007,3.651
s5378,co_wear,0.500000,combined,16,0.750000,134,0.778423,0.221577,937777,0.446379,0.510269,0.000687,0.143129,0.498800,0.000455,23,-0.308657,0,0,0.007,4.064
s5378,co_wear,0.500000,combined,16,0.800000,143,0.837344,0.162656,1067877,0.446337,0.510191,0.000853,0.143060,0.505099,0.000623,26,-0.276727,1,0,0.006,4.603
s5378,co_wear,0.500000,combined,16,0.850000,152,0.891010,0.108990,1225300,0.453283,0.521424,0.001092,0.150327,0.517059,0.000871,29,-0.280282,0,0,0.007,5.279
s5378,co_wear,0.500000,combined,16,0.900000,161,0.948548,0.051452,1336692,0.440751,0.518979,0.001365,0.177486,0.512542,0.001094,31,-0.251179,1,1,0.010,5.535
s5378,co_wear,0.500000,combined,16,0.950000,170,0.985615,0.014385,1530628,0.452674,0.525289,0.001416,0.160413,0.520620,0.001203,34,-0.241612,1,1,0.008,5.957
s5378,co_wear,0.500000,combined,16,1.000000,179,1.000000,0.000000,1703514,0.454416,0.527336,0.001532,0.160469,0.524047,0.001324,37,-0.250000,1,1,0.008,6.494
s5378,co_wear,0.750000,combined,16,0.050000,9,0.161826,0.838174,4298,0.453519,0.480532,0.000399,0.059563,0.453519,0.000000,0,-0.832734,0,0,0.005,0.050
s5378,co_wear,0.750000,combined,16,0.100000,18,0.229046,0.770954,18139,0.478501,0.508072,0.001160,0.061801,0.488693,0.000027,1,-0.941971,0,0,0.004,0.146
s5378,co_wear,0.750000,combined,16,0.150000,27,0.273582,0.726418,39298,0.460741,0.489079,0.000917,0.061504,0.476931,0.000055,0,-0.821220,0,0,0.004,0.294
s5378,co_wear,0.750000,combined,16,0.200000,36,0.323375,0.676625,70220,0.463095,0.503799,0.001340,0.087895,0.486660,0.000262,0,-0.856884,0,0,0.004,0.459
s5378,co_wear,0.750000,combined,16,0.250000,45,0.364039,0.635961,106399,0.449083,0.482811,0.000405,0.075104,0.460648,0.000036,3,-0.629035,0,0,0.004,0.671
s5378,co_wear,0.750000,combined,16,0.300000,54,0.417704,0.582296,149597,0.438480,0.477683,0.000285,0.089407,0.446561,0.000021,4,-0.539949,0,0,0.004,0.932
s5378,co_wear,0.750000,combined,16,0.350000,63,0.471369,0.528631,208523,0.449042,0.479311,0.000249,0.067407,0.467075,0.000041,6,-0.492910,0,0,0.004,1.164
s5378,co_wear,0.750000,combined,16,0.400000,72,0.536653,0.463347,252072,0.415598,0.468780,0.000488,0.127963,0.449957,0.000168,9,-0.421767,1,1,0.004,1.663
s5378,co_wear,0.750000,combined,16,0.450000,81,0.560166,0.439834,325185,0.423618,0.479371,0.000493,0.131611,0.461017,0.000188,11,-0.417517,0,1,0.005,1.737
s5378,co_wear,0.750000,combined,16,0.500000,90,0.575657,0.424343,407688,0.430187,0.479297,0.000345,0.114161,0.462779,0.000119,11,-0.384600,1,1,0.005,2.044
s5378,co_wear,0.750000,combined,16,0.550000,98,0.583679,0.416321,494143,0.439759,0.488662,0.000348,0.111205,0.473492,0.000136,12,-0.395989,1,1,0.005,2.350
s5378,co_wear,0.750000,combined,16,0.600000,107,0.591148,0.408852,597255,0.445868,0.492931,0.000324,0.105553,0.479037,0.000141,13,-0.395013,1,0,0.005,2.694
s5378,co_wear,0.750000,combined,16,0.650000,116,0.637344,0.362656,697986,0.443348,0.493590,0.000412,0.113323,0.483901,0.000212,15,-0.361216,1,0,0.006,3.025
s5378,co_wear,0.750000,combined,16,0.700000,125,0.692393,0.307607,813750,0.445128,0.501949,0.000549,0.127650,0.492632,0.000343,19,-0.338303,1,0,0.006,3.492
s5378,co_wear,0.750000,combined,16,0.750000,134,0.760996,0.239004,926886,0.441195,0.506315,0.000689,0.147597,0.493378,0.000463,23,-0.292474,1,0,0.006,3.886
s5378,co_wear,0.750000,combined,16,0.800000,143,0.811895,0.188105,1054329,0.440675,0.514733,0.000996,0.168057,0.505405,0.000711,25,-0.299130,1,1,0.006,4.378
s5378,co_wear,0.750000,combined,16,0.850000,152,0.876072,0.123928,1200600,0.444146,0.517881,0.001159,0.166017,0.511847,0.000902,29,-0.268231,1,0,0.007,4.870
s5378,co_wear,0.750000,combined,16,0.900000,161,0.945505,0.054495,1346523,0.443993,0.520677,0.001358,0.172715,0.515561,0.001093,31,-0.233623,1,1,0.007,5.354
s5378,co_wear,0.750000,combined,16,0.950000,170,0.985615,0.014385,1530628,0.452674,0.525289,0.001416,0.160413,0.520620,0.001203,34,-0.216542,1,1,0.007,6.084
s5378,co_wear,0.750000,combined,16,1.000000,179,1.000000,0.000000,1703514,0.454416,0.527336,0.001532,0.160469,0.524047,0.001324,37,-0.224833,1,1,0.007,6.464
s5378,co_wear,1.000000,combined,16,0.050000,9,0.153804,0.846196,4670,0.492772,0.537512,0.001703,0.090792,0.492772,0.000000,0,-1.056031,0,0,0.007,0.051
s5378,co_wear,1.000000,combined,16,0.100000,18,0.214661,0.785339,17799,0.469531,0.519468,0.002029,0.106354,0.482045,0.000035,1,-0.994973,0,0,0.004,0.179
s5378,co_wear,1.000000,combined,16,0.150000,27,0.265837,0.734163,40383,0.473462,0.510921,0.001754,0.079117,0.500811,0.000212,2,-0.905903,0,0,0.004,0.286
s5378,co_wear,1.000000,combined,16,0.200000,36,0.307884,0.692116,71523,0.471688,0.500712,0.000847,0.061533,0.488693,0.000128,0,-0.740861,0,0,0.004,0.462
s5378,co_wear,1.000000,combined,16,0.250000,45,0.344952,0.655048,114139,0.481752,0.508072,0.000328,0.054635,0.497056,0.000051,5,-0.656918,0,0,0.004,0.673
s5378,co_wear,1.000000,combined,16,0.300000,54,0.397510,0.602490,153413,0.449665,0.471510,0.000222,0.048581,0.457849,0.000019,6,-0.524760,1,0,0.004,0.966
s5378,co_wear,1.000000,combined,16,0.350000,63,0.449793,0.550207,205645,0.442844,0.476733,0.000236,0.076525,0.457986,0.000027,5,-0.472112,1,0,0.004,1.223
s5378,co_wear,1.000000,combined,16,0.400000,72,0.479945,0.520055,265844,0.438305,0.487179,0.000387,0.111509,0.466910,0.000098,8,-0.465599,0,0,0.007,1.741
s5378,co_wear,1.000000,combined,16,0.450000,81,0.504011,0.495989,351229,0.457546,0.486968,0.000191,0.064306,0.477096,0.000044,7,-0.436809,1,0,0.005,1.732
s5378,co_wear,1.000000,combined,16,0.500000,90,0.529737,0.470263,431763,0.455590,0.494682,0.000236,0.085804,0.480656,0.000070,9,-0.421787,0,0,0.005,2.039
s5378,co_wear,1.000000,combined,16,0.550000,98,0.538866,0.461134,519004,0.461884,0.501047,0.000235,0.084789,0.488166,0.000084,10,-0.424793,0,0,0.005,2.364
s5378,co_wear,1.000000,combined,16,0.600000,107,0.591148,0.408852,597255,0.445868,0.492931,0.000324,0.105553,0.479037,0.000141,13,-0.359721,1,0,0.005,2.770
s5378,co_wear,1.000000,combined,16,0.650000,116,0.629876,0.370124,692158,0.439646,0.493148,0.000425,0.121692,0.481009,0.000214,15,-0.327325,1,0,0.006,3.178
s5378,co_wear,1.000000,combined,16,0.700000,125,0.679391,0.320609,810140,0.443154,0.496615,0.000545,0.120640,0.490248,0.000338,19,-0.299343,1,0,0.006,3.616
s5378,co_wear,1.000000,combined,16,0.750000,134,0.741079,0.258921,920079,0.437955,0.506315,0.000777,0.156088,0.495738,0.000521,21,-0.270056,1,1,0.007,4.083
s5378,co_wear,1.000000,combined,16,0.800000,143,0.803043,0.196957,1051824,0.439628,0.515570,0.001014,0.172742,0.504722,0.000721,25,-0.247498,1,1,0.007,4.583
s5378,co_wear,1.000000,combined,16,0.850000,152,0.876072,0.123928,1200600,0.444146,0.517881,0.001159,0.166017,0.511847,0.000902,29,-0.199166,1,1,0.007,5.593
s5378,co_wear,1.000000,combined,16,0.900000,161,0.940802,0.059198,1357863,0.447732,0.522854,0.001345,0.167783,0.518547,0.001089,31,-0.165609,1,1,0.010,5.600
s5378,co_wear,1.000000,combined,16,0.950000,170,0.985615,0.014385,1530628,0.452674,0.525289,0.001416,0.160413,0.520620,0.001203,34,-0.136821,1,1,0.008,6.261
s5378,co_wear,1.000000,combined,16,1.000000,179,1.000000,0.000000,1703514,0.454416,0.527336,0.001532,0.160469,0.524047,0.001324,37,-0.140390,1,1,0.008,6.916
s5378,co_wear_leveling,0.000000,combined,16,0.050000,9,0.177870,0.822130,3928,0.414477,0.475783,0.000989,0.147912,0.414477,0.000000,0,-0.767489,1,1,0.162,0.044
s5378,co_wear_leveling,0.000000,combined,16,0.100000,18,0.265007,0.734993,17810,0.469822,0.494302,0.000170,0.052106,0.470026,0.000000,1,-0.677445,1,0,0.389,0.146
s5378,co_wear_leveling,0.000000,combined,16,0.150000,27,0.349654,0.650346,41092,0.481775,0.513454,0.000243,0.065755,0.491967,0.000039,2,-0.629194,1,0,0.826,0.279
s5378,co_wear_leveling,0.000000,combined,16,0.200000,36,0.434302,0.565698,75244,0.496228,0.545109,0.000971,0.098506,0.527837,0.000437,5,-0.655320,0,0,1.443,0.447
s5378,co_wear_leveling,0.000000,combined,16,0.250000,45,0.514523,0.485477,109220,0.460990,0.521937,0.001836,0.132210,0.508120,0.000969,7,-0.598244,0,0,2.364,0.652
s5378,co_wear_leveling,0.000000,combined,16,0.300000,54,0.584509,0.415491,157962,0.462998,0.520734,0.001718,0.124701,0.508507,0.001201,10,-0.518279,0,0,3.227,0.922
s5378,co_wear_leveling,0.000000,combined,16,0.350000,63,0.641770,0.358230,204603,0.440601,0.527744,0.002708,0.197783,0.507979,0.001755,11,-0.536251,0,0,4.289,1.177
s5378,co_wear_leveling,0.000000,combined,16,0.400000,72,0.699032,0.300968,265667,0.438013,0.527066,0.002650,0.203311,0.509771,0.001853,13,-0.470409,0,0,5.150,1.453
s5378,co_wear_leveling,0.000000,combined,16,0.450000,81,0.751591,0.248409,334620,0.435909,0.522106,0.002474,0.197741,0.508296,0.001826,15,-0.394933,0,0,6.482,1.700
s5378,co_wear_leveling,0.000000,combined,16,0.500000,90,0.795021,0.204979,410230,0.432869,0.516619,0.002341,0.193477,0.504719,0.001849,18,-0.331173,0,0,7.711,2.021
s5378,co_wear_leveling,0.000000,combined,16,0.550000,98,0.830152,0.169848,485505,0.432072,0.517705,0.002422,0.198192,0.506775,0.001945,20,-0.303719,0,1,8.755,2.356
s5378,co_wear_leveling,0.000000,combined,16,0.600000,107,0.865284,0.134716,590784,0.441037,0.516016,0.001955,0.170005,0.508991,0.001638,22,-0.232906,0,1,9.940,2.643
s5378,co_wear_leveling,0.000000,combined,16,0.650000,116,0.895712,0.104288,707610,0.449461,0.524904,0.001942,0.167852,0.518116,0.001637,24,-0.217945,0,0,10.831,3.019
s5378,co_wear_leveling,0.000000,combined,16,0.700000,125,0.923651,0.076349,822534,0.449933,0.526222,0.001931,0.169557,0.519923,0.001619,26,-0.190693,0,0,11.927,3.402
s5378,co_wear_leveling,0.000000,combined,16,0.750000,134,0.945505,0.054495,945111,0.449870,0.521750,0.001921,0.159779,0.518063,0.001658,29,-0.163735,0,0,13.172,3.826
s5378,co_wear_leveling,0.000000,combined,16,0.800000,143,0.964315,0.035685,1068020,0.446397,0.518319,0.001816,0.161117,0.514864,0.001584,31,-0.128541,0,1,13.965,4.360
s5378,co_wear_leveling,0.000000,combined,16,0.850000,152,0.978700,0.021300,1210211,0.447701,0.515632,0.001652,0.151733,0.512958,0.001460,33,-0.097894,1,1,14.956,5.050
s5378,co_wear_leveling,0.000000,combined,16,0.900000,161,0.989488,0.010512,1361775,0.449022,0.520040,0.001605,0.158162,0.516384,0.001401,35,-0.088142,1,1,15.166,5.421
s5378,co_wear_leveling,0.000000,combined,16,0.950000,170,0.995021,0.004979,1521155,0.449873,0.524585,0.001700,0.166074,0.521122,0.001472,36,-0.096414,1,1,15.807,6.307
s5378,co_wear_leveling,0.000000,combined,16,1.000000,179,1.000000,0.000000,1703514,0.454416,0.527336,0.001532,0.160469,0.524047,0.001324,37,-0.083040,1,1,16.601,6.881
s5378,co_wear_leveling,0.250000,combined,16,0.050000,9,0.177870,0.822130,3928,0.414477,0.475783,0.000989,0.147912,0.414477,0.000000,0,-0.758774,1,1,0.246,0.057
s5378,co_wear_leveling,0.250000,combined,16,0.100000,18,0.265007,0.734993,17344,0.457529,0.498575,0.000280,0.089714,0.458630,0.000004,1,-0.661279,1,0,0.733,0.222
s5378,co_wear_leveling,0.250000,combined,16,0.150000,27,0.349654,0.650346,42021,0.492666,0.559038,0.001041,0.134718,0.511574,0.000194,3,-0.743940,0,0,1.523,0.423
s5378,co_wear_leveling,0.250000,combined,16,0.200000,36,0.434302,0.565698,76826,0.506661,0.554368,0.000937,0.094161,0.538283,0.000427,5,-0.658202,0,0,2.620,0.678
s5378,co_wear_leveling,0.250000,combined,16,0.250000,45,0.514523,0.485477,109220,0.460990,0.521937,0.001836,0.132210,0.508120,0.000969,7,-0.596723,0,0,4.077,0.984
s5378,co_wear_leveling,0.250000,combined,16,0.300000,54,0.584509,0.415491,157962,0.462998,0.520734,0.001718,0.124701,0.508507,0.001201,10,-0.515460,0,0,4.962,0.999
s5378,co_wear_leveling,0.250000,combined,16,0.350000,63,0.641770,0.358230,215158,0.463330,0.524217,0.001667,0.131410,0.513736,0.001238,12,-0.456396,0,0,4.348,1.171
s5378,co_wear_leveling,0.250000,combined,16,0.400000,72,0.699032,0.300968,266647,0.439629,0.516144,0.002358,0.174047,0.504704,0.001673,13,-0.439825,0,0,5.484,1.588
s5378,co_wear_leveling,0.250000,combined,16,0.450000,81,0.751591,0.248409,326177,0.424910,0.511765,0.002330,0.204407,0.496393,0.001739,15,-0.365873,0,1,6.609,1.725
s5378,co_wear_leveling,0.250000,combined,16,0.500000,90,0.795021,0.204979,408167,0.430692,0.516999,0.002346,0.200391,0.504570,0.001796,18,-0.334506,0,0,7.801,2.021
s5378,co_wear_leveling,0.250000,combined,16,0.550000,98,0.830152,0.169848,485505,0.432072,0.517705,0.002422,0.198192,0.506775,0.001945,20,-0.309271,0,0,8.838,2.245
s5378,co_wear_leveling,0.250000,combined,16,0.600000,107,0.865284,0.134716,574454,0.428846,0.510744,0.001989,0.190971,0.500734,0.001618,21,-0.219999,1,1,9.781,2.642
s5378,co_wear_leveling,0.250000,combined,16,0.650000,116,0.895712,0.104288,706923,0.449025,0.523431,0.001826,0.165705,0.516951,0.001549,23,-0.204009,0,0,10.923,3.012
s5378,co_wear_leveling,0.250000,combined,16,0.700000,125,0.923651,0.076349,822534,0.449933,0.526222,0.001931,0.169557,0.519923,0.001619,26,-0.190339,0,0,12.105,3.404
s5378,co_wear_leveling,0.250000,combined,16,0.750000,134,0.945505,0.054495,955548,0.454838,0.529915,0.001825,0.165061,0.522253,0.001583,28,-0.165649,0,0,13.604,4.078
s5378,co_wear_leveling,0.250000,combined,16,0.800000,143,0.964315,0.035685,1068020,0.446397,0.518319,0.001816,0.161117,0.514864,0.001584,31,-0.127183,1,1,14.956,4.623
s5378,co_wear_leveling,0.250000,combined,16,0.850000,152,0.978700,0.021300,1211137,0.448044,0.518444,0.001619,0.157128,0.515193,0.001412,32,-0.094281,1,1,15.623,5.122
s5378,co_wear_leveling,0.250000,combined,16,0.900000,161,0.989488,0.010512,1361775,0.449022,0.520040,0.001605,0.158162,0.516384,0.001401,35,-0.084399,1,1,16.232,5.655
s5378,co_wear_leveling,0.250000,combined,16,0.950000,170,0.995021,0.004979,1521155,0.449873,0.524585,0.001700,0.166074,0.521122,0.001472,36,-0.093584,1,1,15.861,5.895
s5378,co_wear_leveling,0.250000,combined,16,1.000000,179,1.000000,0.000000,1703514,0.454416,0.527336,0.001532,0.160469,0.524047,0.001324,37,-0.078227,1,1,15.804,6.490
s5378,co_wear_leveling,0.500000,combined,16,0.050000,9,0.177870,0.822130,3928,0.414477,0.475783,0.000989,0.147912,0.414477,0.000000,0,-0.758774,1,1,0.134,0.038
s5378,co_wear_leveling,0.500000,combined,16,0.100000,18,0.265007,0.734993,17344,0.457529,0.498575,0.000280,0.089714,0.458630,0.000004,1,-0.661279,1,0,0.392,0.160
s5378,co_wear_leveling,0.500000,combined,16,0.150000,27,0.349654,0.650346,42021,0.492666,0.559038,0.001041,0.134718,0.511574,0.000194,3,-0.743940,0,0,0.834,0.299
s5378,co_wear_leveling,0.500000,combined,16,0.200000,36,0.434302,0.565698,76826,0.506661,0.554368,0.000937,0.094161,0.538283,0.000427,5,-0.658202,0,0,1.464,0.469
s5378,co_wear_leveling,0.500000,combined,16,0.250000,45,0.514523,0.485477,109220,0.460990,0.521937,0.001836,0.132210,0.508120,0.000969,7,-0.596723,0,0,2.311,0.667
s5378,co_wear_leveling,0.500000,combined,16,0.300000,54,0.584509,0.415491,157962,0.462998,0.520734,0.001718,0.124701,0.508507,0.001201,10,-0.515460,0,0,3.253,0.933
s5378,co_wear_leveling,0.500000,combined,16,0.350000,63,0.641770,0.358230,215158,0.463330,0.524217,0.001667,0.131410,0.513736,0.001238,12,-0.456396,0,0,4.259,1.223
s5378,co_wear_leveling,0.500000,combined,16,0.400000,72,0.699032,0.300968,266647,0.439629,0.516144,0.002358,0.174047,0.504704,0.001673,13,-0.439825,0,0,5.259,1.514
s5378,co_wear_leveling,0.500000,combined,16,0.450000,81,0.751591,0.248409,326177,0.424910,0.511765,0.002330,0.204407,0.496393,0.001739,15,-0.365873,0,1,6.525,1.717
s5378,co_wear_leveling,0.500000,combined,16,0.500000,90,0.795021,0.204979,408167,0.430692,0.516999,0.002346,0.200391,0.504570,0.001796,18,-0.334506,0,0,7.809,2.033
s5378,co_wear_leveling,0.500000,combined,16,0.550000,98,0.830152,0.169848,485505,0.432072,0.517705,0.002422,0.198192,0.506775,0.001945,20,-0.309271,0,0,8.782,2.251
s5378,co_wear_leveling,0.500000,combined,16,0.600000,107,0.865284,0.134716,574454,0.428846,0.510744,0.001989,0.190971,0.500734,0.001618,21,-0.219999,1,1,9.877,2.652
s5378,co_wear_leveling,0.500000,combined,16,0.650000,116,0.895712,0.104288,706923,0.449025,0.523431,0.001826,0.165705,0.516951,0.001549,23,-0.204009,0,0,11.013,3.035
s5378,co_wear_leveling,0.500000,combined,16,0.700000,125,0.923651,0.076349,822534,0.449933,0.526222,0.001931,0.169557,0.519923,0.001619,26,-0.190339,0,0,11.915,3.388
s5378,co_wear_leveling,0.500000,combined,16,0.750000,134,0.945505,0.054495,955548,0.454838,0.529915,0.001825,0.165061,0.522253,0.001583,28,-0.165649,0,0,13.154,3.849
s5378,co_wear_leveling,0.500000,combined,16,0.800000,143,0.964315,0.035685,1068020,0.446397,0.518319,0.001816,0.161117,0.514864,0.001584,31,-0.127183,1,1,14.114,4.313
s5378,co_wear_leveling,0.500000,combined,16,0.850000,152,0.978700,0.021300,1211137,0.448044,0.518444,0.001619,0.157128,0.515193,0.001412,32,-0.094281,1,1,14.870,4.840
s5378,co_wear_leveling,0.500000,combined,16,0.900000,161,0.989488,0.010512,1361775,0.449022,0.520040,0.001605,0.158162,0.516384,0.001401,35,-0.084399,1,1,15.438,5.383
s5378,co_wear_leveling,0.500000,combined,16,0.950000,170,0.995021,0.004979,1521155,0.449873,0.524585,0.001700,0.166074,0.521122,0.001472,36,-0.093584,1,1,15.800,5.878
s5378,co_wear_leveling,0.500000,combined,16,1.000000,179,1.000000,0.000000,1703514,0.454416,0.527336,0.001532,0.160469,0.524047,0.001324,37,-0.078227,1,1,15.928,6.433
s5378,co_wear_leveling,0.750000,combined,16,0.050000,9,0.177870,0.822130,3928,0.414477,0.475783,0.000989,0.147912,0.414477,0.000000,0,-0.758774,1,1,0.247,0.057
s5378,co_wear_leveling,0.750000,combined,16,0.100000,18,0.265007,0.734993,17344,0.457529,0.498575,0.000280,0.089714,0.458630,0.000004,1,-0.661279,1,0,0.732,0.224
s5378,co_wear_leveling,0.750000,combined,16,0.150000,27,0.349654,0.650346,42021,0.492666,0.559038,0.001041,0.134718,0.511574,0.000194,3,-0.743940,0,0,1.530,0.423
s5378,co_wear_leveling,0.750000,combined,16,0.200000,36,0.434302,0.565698,76826,0.506661,0.554368,0.000937,0.094161,0.538283,0.000427,5,-0.658202,0,0,2.632,0.677
s5378,co_wear_leveling,0.750000,combined,16,0.250000,45,0.514523,0.485477,109220,0.460990,0.521937,0.001836,0.132210,0.508120,0.000969,7,-0.596723,0,0,4.044,0.993
s5378,co_wear_leveling,0.750000,combined,16,0.300000,54,0.584509,0.415491,157962,0.462998,0.520734,0.001718,0.124701,0.508507,0.001201,10,-0.515460,0,0,5.625,1.318
s5378,co_wear_leveling,0.750000,combined,16,0.350000,63,0.641770,0.358230,215158,0.463330,0.524217,0.001667,0.131410,0.513736,0.001238,12,-0.456396,0,0,4.457,1.152
s5378,co_wear_leveling,0.750000,combined,16,0.400000,72,0.699032,0.300968,266647,0.439629,0.516144,0.002358,0.174047,0.504704,0.001673,13,-0.439825,0,0,5.454,1.446
s5378,co_wear_leveling,0.750000,combined,16,0.450000,81,0.751591,0.248409,326177,0.424910,0.511765,0.002330,0.204407,0.496393,0.001739,15,-0.365873,0,1,6.236,1.610
s5378,co_wear_leveling,0.750000,combined,16,0.500000,90,0.795021,0.204979,408167,0.430692,0.516999,0.002346,0.200391,0.504570,0.001796,18,-0.334506,0,0,7.357,1.925
s5378,co_wear_leveling,0.750000,combined,16,0.550000,98,0.830152,0.169848,485505,0.432072,0.517705,0.002422,0.198192,0.506775,0.001945,20,-0.309271,0,0,8.414,2.283
s5378,co_wear_leveling,0.750000,combined,16,0.600000,107,0.865284,0.134716,574454,0.428846,0.510744,0.001989,0.190971,0.500734,0.001618,21,-0.219999,1,1,9.878,2.634
s5378,co_wear_leveling,0.750000,combined,16,0.650000,116,0.895712,0.104288,706923,0.449025,0.523431,0.001826,0.165705,0.516951,0.001549,23,-0.204009,0,0,10.978,3.016
s5378,co_wear_leveling,0.750000,combined,16,0.700000,125,0.923651,0.076349,822534,0.449933,0.526222,0.001931,0.169557,0.519923,0.001619,26,-0.190339,0,0,11.994,3.423
s5378,co_wear_leveling,0.750000,combined,16,0.750000,134,0.945505,0.054495,955548,0.454838,0.529915,0.001825,0.165061,0.522253,0.001583,28,-0.165649,0,0,13.343,3.917
s5378,co_wear_leveling,0.750000,combined,16,0.800000,143,0.964315,0.035685,1068020,0.446397,0.518319,0.001816,0.161117,0.514864,0.001584,31,-0.127183,1,1,14.283,4.335
s5378,co_wear_leveling,0.750000,combined,16,0.850000,152,0.978700,0.021300,1211137,0.448044,0.518444,0.001619,0.157128,0.515193,0.001412,32,-0.094281,1,1,15.212,4.893
s5378,co_wear_leveling,0.750000,combined,16,0.900000,161,0.989488,0.010512,1361775,0.449022,0.520040,0.001605,0.158162,0.516384,0.001401,35,-0.084399,1,1,15.843,5.418
s5378,co_wear_leveling,0.750000,combined,16,0.950000,170,0.995021,0.004979,1521155,0.449873,0.524585,0.001700,0.166074,0.521122,0.001472,36,-0.093584,1,1,15.994,6.001
s5378,co_wear_leveling,0.750000,combined,16,1.000000,179,1.000000,0.000000,1703514,0.454416,0.527336,0.001532,0.160469,0.524047,0.001324,37,-0.078227,1,1,16.526,6.623
s5378,co_wear_leveling,1.000000,combined,16,0.050000,9,0.177870,0.822130,3928,0.414477,0.475783,0.000989,0.147912,0.414477,0.000000,0,-0.758774,1,1,0.133,0.038
s5378,co_wear_leveling,1.000000,combined,16,0.100000,18,0.265007,0.734993,17344,0.457529,0.498575,0.000280,0.089714,0.458630,0.000004,1,-0.661279,1,0,0.390,0.160
s5378,co_wear_leveling,1.000000,combined,16,0.150000,27,0.349654,0.650346,42021,0.492666,0.559038,0.001041,0.134718,0.511574,0.000194,3,-0.743940,0,0,0.839,0.293
s5378,co_wear_leveling,1.000000,combined,16,0.200000,36,0.434302,0.565698,76826,0.506661,0.554368,0.000937,0.094161,0.538283,0.000427,5,-0.658202,0,0,1.481,0.448
s5378,co_wear_leveling,1.000000,combined,16,0.250000,45,0.514523,0.485477,109220,0.460990,0.521937,0.001836,0.132210,0.508120,0.000969,7,-0.596723,0,0,2.322,0.665
s5378,co_wear_leveling,1.000000,combined,16,0.300000,54,0.584509,0.415491,157962,0.462998,0.520734,0.001718,0.124701,0.508507,0.001201,10,-0.515460,0,0,3.282,0.880
s5378,co_wear_leveling,1.000000,combined,16,0.350000,63,0.641770,0.358230,215158,0.463330,0.524217,0.001667,0.131410,0.513736,0.001238,12,-0.456396,0,0,4.332,1.142
s5378,co_wear_leveling,1.000000,combined,16,0.400000,72,0.699032,0.300968,266647,0.439629,0.516144,0.002358,0.174047,0.504704,0.001673,13,-0.439825,0,0,5.446,1.471
s5378,co_wear_leveling,1.000000,combined,16,0.450000,81,0.751591,0.248409,326177,0.424910,0.511765,0.002330,0.204407,0.496393,0.001739,15,-0.365873,0,1,6.565,1.706
s5378,co_wear_leveling,1.000000,combined,16,0.500000,90,0.795021,0.204979,408167,0.430692,0.516999,0.002346,0.200391,0.504570,0.001796,18,-0.334506,0,0,7.770,2.022
s5378,co_wear_leveling,1.000000,combined,16,0.550000,98,0.830152,0.169848,485505,0.432072,0.517705,0.002422,0.198192,0.506775,0.001945,20,-0.309271,0,0,8.399,2.252
s5378,co_wear_leveling,1.000000,combined,16,0.600000,107,0.865284,0.134716,574454,0.428846,0.510744,0.001989,0.190971,0.500734,0.001618,21,-0.219999,1,1,9.902,2.639
s5378,co_wear_leveling,1.000000,combined,16,0.650000,116,0.895712,0.104288,706923,0.449025,0.523431,0.001826,0.165705,0.516951,0.001549,23,-0.204009,0,0,10.888,3.024
s5378,co_wear_leveling,1.000000,combined,16,0.700000,125,0.923651,0.076349,822534,0.449933,0.526222,0.001931,0.169557,0.519923,0.001619,26,-0.190339,0,0,11.985,3.406
s5378,co_wear_leveling,1.000000,combined,16,0.750000,134,0.945505,0.054495,955548,0.454838,0.529915,0.001825,0.165061,0.522253,0.001583,28,-0.165649,0,0,13.231,3.862
s5378,co_wear_leveling,1.000000,combined,16,0.800000,143,0.964315,0.035685,1068020,0.446397,0.518319,0.001816,0.161117,0.514864,0.001584,31,-0.127183,1,1,14.067,4.327
s5378,co_wear_leveling,1.000000,combined,16,0.850000,152,0.978700,0.021300,1211137,0.448044,0.518444,0.001619,0.157128,0.515193,0.001412,32,-0.094281,1,1,14.806,4.815
s5378,co_wear_leveling,1.000000,combined,16,0.900000,161,0.989488,0.010512,1361775,0.449022,0.520040,0.001605,0.158162,0.516384,0.001401,35,-0.084399,1,1,15.230,5.341
s5378,co_wear_leveling,1.000000,combined,16,0.950000,170,0.995021,0.004979,1521155,0.449873,0.524585,0.001700,0.166074,0.521122,0.001472,36,-0.093584,1,1,15.699,5.921
s5378,co_wear_leveling,1.000000,combined,16,1.000000,179,1.000000,0.000000,1703514,0.454416,0.527336,0.001532,0.160469,0.524047,0.001324,37,-0.078227,1,1,15.998,6.480
s5378,random,0.500000,combined,16,0.050000,9,0.042324,0.957676,4944,0.521684,0.549858,0.000488,0.054005,0.521684,0.000000,0,-1.037299,0,0,0.022,0.300
s5378,random,0.500000,combined,16,0.100000,18,0.109820,0.890180,18662,0.492297,0.516619,0.000140,0.049405,0.495133,0.000004,0,-0.854686,0,0,0.018,0.916
s5378,random,0.500000,combined,16,0.150000,27,0.154910,0.845090,43741,0.512832,0.544793,0.000322,0.062321,0.525384,0.000055,3,-0.884558,0,0,0.020,1.658
s5378,random,0.500000,combined,16,0.200000,36,0.234855,0.765145,75956,0.500923,0.523979,0.000105,0.046027,0.508132,0.000016,1,-0.738787,0,0,0.004,0.634
s5378,random,0.500000,combined,16,0.250000,45,0.275519,0.724481,116525,0.491822,0.515290,0.000140,0.047715,0.503977,0.000057,5,-0.687298,0,0,0.004,0.889
s5378,random,0.500000,combined,16,0.300000,54,0.317566,0.682434,162157,0.475294,0.500317,0.000152,0.052647,0.490375,0.000109,10,-0.617772,0,0,0.005,1.154
s5378,random,0.500000,combined,16,0.350000,63,0.346058,0.653942,224305,0.483028,0.496947,0.000056,0.028818,0.490961,0.000022,14,-0.577894,1,0,0.005,1.608
s5378,random,0.500000,combined,16,0.400000,72,0.419364,0.580636,293001,0.483079,0.498219,0.000061,0.031341,0.491779,0.000012,8,-0.506646,1,0,0.005,1.892
s5378,random,0.500000,combined,16,0.450000,81,0.467220,0.532780,374205,0.487477,0.507439,0.000170,0.040951,0.501899,0.000090,9,-0.489158,1,0,0.005,2.007
s5378,random,0.500000,combined,16,0.500000,90,0.512863,0.487137,469572,0.495486,0.516239,0.000157,0.041885,0.511206,0.000111,20,-0.457095,1,0,0.005,2.270
s5378,random,0.500000,combined,16,0.550000,98,0.567635,0.432365,550487,0.489902,0.523286,0.000438,0.068145,0.518740,0.000346,21,-0.449156,1,0,0.005,2.570
s5378,random,0.500000,combined,16,0.600000,107,0.609959,0.390041,663431,0.495270,0.529915,0.000444,0.069950,0.525751,0.000375,24,-0.418957,0,0,0.006,2.954
s5378,random,0.500000,combined,16,0.650000,116,0.645367,0.354633,782855,0.497255,0.532420,0.000466,0.070717,0.527953,0.000391,26,-0.391444,0,0,0.006,3.359
s5378,random,0.500000,combined,16,0.700000,125,0.702905,0.297095,901141,0.492932,0.535658,0.000740,0.086678,0.531556,0.000655,30,-0.377336,0,0,0.006,3.795
s5378,random,0.500000,combined,16,0.750000,134,0.737483,0.262517,1009195,0.480374,0.526343,0.000819,0.095693,0.521595,0.000732,32,-0.335187,0,0,0.006,4.218
s5378,random,0.500000,combined,16,0.800000,143,0.791148,0.208852,1129439,0.472068,0.529436,0.001090,0.121525,0.523422,0.000960,33,-0.320510,0,0,0.007,5.017
s5378,random,0.500000,combined,16,0.850000,152,0.835685,0.164315,1273522,0.471122,0.533626,0.001173,0.132670,0.527968,0.001019,33,-0.292476,0,0,0.008,5.166
s5378,random,0.500000,combined,16,0.900000,161,0.881604,0.118396,1416577,0.467092,0.532622,0.001361,0.140293,0.527340,0.001186,36,-0.272521,0,0,0.008,5.718
s5378,random,0.500000,combined,16,0.950000,170,0.933057,0.066943,1563613,0.462430,0.524837,0.001187,0.134955,0.521000,0.001029,37,-0.181039,1,0,0.008,6.425
s5378,random,0.500000,combined,16,1.000000,179,1.000000,0.000000,1703514,0.454416,0.527336,0.001532,0.160469,0.524047,0.001324,37,-0.165049,1,1,0.007,6.749
s9234,co,0.500000,combined,16,0.050000,11,0.194967,0.805033,9549,0.505880,0.516317,0.000067,0.020630,0.505880,0.000000,0,-0.979166,0,0,0.012,0.152
s9234,co,0.500000,combined,16,0.100000,21,0.318135,0.681865,32791,0.476641,0.492674,0.000058,0.033637,0.477469,0.000002,1,-0.779220,0,1,0.008,0.541
s9234,co,0.500000,combined,16,0.150000,32,0.441995,0.558005,78869,0.493721,0.506010,0.000042,0.024889,0.494466,0.000001,3,-0.641119,0,0,0.007,0.566
s9234,co,0.500000,combined,16,0.200000,42,0.539536,0.460464,134235,0.487801,0.495879,0.000030,0.016561,0.491930,0.000003,6,-0.492656,0,0,0.006,0.921
s9234,co,0.500000,combined,16,0.250000,53,0.638693,0.361307,211006,0.481525,0.491171,0.000036,0.020033,0.488147,0.000009,7,-0.402074,1,0,0.006,1.360
s9234,co,0.500000,combined,16,0.300000,63,0.719035,0.280965,297967,0.481241,0.492979,0.000053,0.024392,0.490773,0.000021,10,-0.370927,1,1,0.005,1.866
s9234,co,0.500000,combined,16,0.350000,74,0.784717,0.215283,416713,0.487808,0.498874,0.000042,0.022685,0.496817,0.000017,10,-0.286141,1,0,0.005,2.760
s9234,co,0.500000,combined,16,0.400000,84,0.832506,0.167494,532462,0.483733,0.500534,0.000089,0.034733,0.498722,0.000062,16,-0.366363,0,1,0.007,2.688
s9234,co,0.500000,combined,16,0.450000,95,0.877987,0.122013,691032,0.490825,0.502632,0.000041,0.024055,0.501560,0.000024,15,-0.196168,0,0,0.007,3.153
s9234,co,0.500000,combined,16,0.500000,106,0.908692,0.091308,852578,0.486405,0.499335,0.000044,0.026583,0.498190,0.000034,19,-0.165995,1,1,0.008,3.771
s9234,co,0.500000,combined,16,0.550000,116,0.927161,0.072839,1023792,0.487721,0.501824,0.000052,0.028916,0.500777,0.000042,20,-0.174338,1,1,0.008,4.387
s9234,co,0.500000,combined,16,0.600000,127,0.944707,0.055293,1236910,0.491593,0.503887,0.000034,0.025007,0.501672,0.000029,24,-0.110802,1,1,0.008,5.174
s9234,co,0.500000,combined,16,0.650000,137,0.958559,0.041441,1451610,0.495775,0.504726,0.000016,0.018055,0.502673,0.000013,21,-0.051839,1,1,0.008,5.653
s9234,co,0.500000,combined,16,0.700000,148,0.971603,0.028397,1701994,0.498092,0.509226,0.000022,0.022351,0.507141,0.000020,26,-0.062416,1,1,0.011,6.324
s9234,co,0.500000,combined,16,0.750000,158,0.982223,0.017777,1958384,0.502874,0.512618,0.000016,0.019376,0.510942,0.000013,25,-0.040729,1,1,0.009,7.242
s9234,co,0.500000,combined,16,0.800000,169,0.991804,0.008196,2242059,0.503210,0.517638,0.000038,0.028672,0.516071,0.000033,28,-0.098784,1,1,0.009,8.121
s9234,co,0.500000,combined,16,0.850000,179,0.994921,0.005079,2538350,0.507833,0.519947,0.000031,0.023854,0.518985,0.000026,30,-0.082842,1,1,0.009,8.938
s9234,co,0.500000,combined,16,0.900000,190,0.997460,0.002540,2868127,0.509292,0.524865,0.000056,0.030578,0.523958,0.000047,32,-0.156377,1,1,0.009,9.984
s9234,co,0.500000,combined,16,0.950000,200,0.998730,0.001270,3178293,0.509342,0.527660,0.000080,0.035965,0.526791,0.000069,35,-0.227181,0,1,0.009,11.030
s9234,co,0.500000,combined,16,1.000000,211,1.000000,0.000000,3539659,0.509650,0.526461,0.000062,0.032986,0.525637,0.000053,35,-0.173944,1,1,0.010,12.048
s9234,combined,0.500000,combined,16,0.050000,11,0.194967,0.805033,9549,0.505880,0.516317,0.000067,0.020630,0.505880,0.000000,0,-0.979166,0,0,0.009,0.152
s9234,combined,0.500000,combined,16,0.100000,21,0.318135,0.681865,32791,0.476641,0.492674,0.000058,0.033637,0.477469,0.000002,1,-0.779220,0,1,0.008,0.410
s9234,combined,0.500000,combined,16,0.150000,32,0.441995,0.558005,78869,0.493721,0.506010,0.000042,0.024889,0.494466,0.000001,3,-0.641119,0,0,0.008,0.834
s9234,combined,0.500000,combined,16,0.200000,42,0.539536,0.460464,134235,0.487801,0.495879,0.000030,0.016561,0.491930,0.000003,6,-0.492656,0,0,0.008,1.291
s9234,combined,0.500000,combined,16,0.250000,53,0.638693,0.361307,211006,0.481525,0.491171,0.000036,0.020033,0.488147,0.000009,7,-0.402074,1,0,0.008,1.890
s9234,combined,0.500000,combined,16,0.300000,63,0.719035,0.280965,297967,0.481241,0.492979,0.000053,0.024392,0.490773,0.000021,10,-0.370927,1,1,0.008,2.530
s9234,combined,0.500000,combined,16,0.350000,74,0.784717,0.215283,416713,0.487808,0.498874,0.000042,0.022685,0.496817,0.000017,10,-0.286141,1,0,0.008,3.214
s9234,combined,0.500000,combined,16,0.400000,84,0.832506,0.167494,532462,0.483733,0.500534,0.000089,0.034733,0.498722,0.000062,16,-0.366363,0,1,0.009,2.743
s9234,combined,0.500000,combined,16,0.450000,95,0.877987,0.122013,691032,0.490825,0.502632,0.000041,0.024055,0.501560,0.000024,15,-0.196168,0,0,0.010,3.658
s9234,combined,0.500000,combined,16,0.500000,106,0.908692,0.091308,852578,0.486405,0.499335,0.000044,0.026583,0.498190,0.000034,19,-0.165995,1,1,0.008,3.775
s9234,combined,0.500000,combined,16,0.550000,116,0.927161,0.072839,1023792,0.487721,0.501824,0.000052,0.028916,0.500777,0.000042,20,-0.174338,1,1,0.008,4.291
s9234,combined,0.500000,combined,16,0.600000,127,0.944707,0.055293,1236910,0.491593,0.503887,0.000034,0.025007,0.501672,0.000029,24,-0.110802,1,1,0.007,4.873
s9234,combined,0.500000,combined,16,0.650000,137,0.958559,0.041441,1451610,0.495775,0.504726,0.000016,0.018055,0.502673,0.000013,21,-0.051839,1,1,0.008,5.443
s9234,combined,0.500000,combined,16,0.700000,148,0.971603,0.028397,1701994,0.498092,0.509226,0.000022,0.022351,0.507141,0.000020,26,-0.062416,1,1,0.008,6.248
s9234,combined,0.500000,combined,16,0.750000,158,0.982223,0.017777,1958384,0.502874,0.512618,0.000016,0.019376,0.510942,0.000013,25,-0.040729,1,1,0.009,7.058
s9234,combined,0.500000,combined,16,0.800000,169,0.991804,0.008196,2242059,0.503210,0.517638,0.000038,0.028672,0.516071,0.000033,28,-0.098784,1,1,0.008,7.909
s9234,combined,0.500000,combined,16,0.850000,179,0.994921,0.005079,2538350,0.507833,0.519947,0.000031,0.023854,0.518985,0.000026,30,-0.082842,1,1,0.009,8.767
s9234,combined,0.500000,combined,16,0.900000,190,0.997460,0.002540,2868127,0.509292,0.524865,0.000056,0.030578,0.523958,0.000047,32,-0.156377,1,1,0.008,9.736
s9234,combined,0.500000,combined,16,0.950000,200,0.998730,0.001270,3178293,0.509342,0.527660,0.000080,0.035965,0.526791,0.000069,35,-0.227181,0,1,0.009,10.717
s9234,combined,0.500000,combined,16,1.000000,211,1.000000,0.000000,3539659,0.509650,0.526461,0.000062,0.032986,0.525637,0.000053,35,-0.173944,1,1,0.009,11.759
s9234,combined_wear,0.000000,combined,16,0.050000,11,0.194967,0.805033,9549,0.505880,0.516317,0.000067,0.020630,0.505880,0.000000,0,-0.979166,0,0,0.013,0.101
s9234,combined_wear,0.000000,combined,16,0.100000,21,0.318135,0.681865,32791,0.476641,0.492674,0.000058,0.033637,0.477469,0.000002,1,-0.779220,0,1,0.005,0.280
s9234,combined_wear,0.000000,combined,16,0.150000,32,0.441995,0.558005,78869,0.493721,0.506010,0.000042,0.024889,0.494466,0.000001,3,-0.641119,0,0,0.005,0.592
s9234,combined_wear,0.000000,combined,16,0.200000,42,0.539536,0.460464,134235,0.487801,0.495879,0.000030,0.016561,0.491930,0.000003,6,-0.492656,0,0,0.005,0.941
s9234,combined_wear,0.000000,combined,16,0.250000,53,0.638693,0.361307,211006,0.481525,0.491171,0.000036,0.020033,0.488147,0.000009,7,-0.402074,1,0,0.005,1.315
s9234,combined_wear,0.000000,combined,16,0.300000,63,0.719035,0.280965,297967,0.481241,0.492979,0.000053,0.024392,0.490773,0.000021,10,-0.370927,1,1,0.006,1.846
s9234,combined_wear,0.000000,combined,16,0.350000,74,0.784717,0.215283,416713,0.487808,0.498874,0.000042,0.022685,0.496817,0.000017,10,-0.286141,1,0,0.006,2.203
s9234,combined_wear,0.000000,combined,16,0.400000,84,0.832506,0.167494,532462,0.483733,0.500534,0.000089,0.034733,0.498722,0.000062,16,-0.366363,0,1,0.008,2.762
s9234,combined_wear,0.000000,combined,16,0.450000,95,0.877987,0.122013,691032,0.490825,0.502632,0.000041,0.024055,0.501560,0.000024,15,-0.196168,0,0,0.010,4.254
s9234,combined_wear,0.000000,combined,16,0.500000,106,0.908692,0.091308,852578,0.486405,0.499335,0.000044,0.026583,0.498190,0.000034,19,-0.165995,1,1,0.012,4.238
s9234,combined_wear,0.000000,combined,16,0.550000,116,0.927161,0.072839,1023792,0.487721,0.501824,0.000052,0.028916,0.500777,0.000042,20,-0.174338,1,1,0.008,4.412
s9234,combined_wear,0.000000,combined,16,0.600000,127,0.944707,0.055293,1236910,0.491593,0.503887,0.000034,0.025007,0.501672,0.000029,24,-0.110802,1,1,0.008,5.204
s9234,combined_wear,0.000000,combined,16,0.650000,137,0.958559,0.041441,1451610,0.495775,0.504726,0.000016,0.018055,0.502673,0.000013,21,-0.051839,1,1,0.008,5.762
s9234,combined_wear,0.000000,combined,16,0.700000,148,0.971603,0.028397,1701994,0.498092,0.509226,0.000022,0.022351,0.507141,0.000020,26,-0.062416,1,1,0.009,6.561
s9234,combined_wear,0.000000,combined,16,0.750000,158,0.982223,0.017777,1958384,0.502874,0.512618,0.000016,0.019376,0.510942,0.000013,25,-0.040729,1,1,0.009,7.403
s9234,combined_wear,0.000000,combined,16,0.800000,169,0.991804,0.008196,2242059,0.503210,0.517638,0.000038,0.028672,0.516071,0.000033,28,-0.098784,1,1,0.009,8.166
s9234,combined_wear,0.000000,combined,16,0.850000,179,0.994921,0.005079,2538350,0.507833,0.519947,0.000031,0.023854,0.518985,0.000026,30,-0.082842,1,1,0.009,8.775
s9234,combined_wear,0.000000,combined,16,0.900000,190,0.997460,0.002540,2868127,0.509292,0.524865,0.000056,0.030578,0.523958,0.000047,32,-0.156377,1,1,0.009,9.838
s9234,combined_wear,0.000000,combined,16,0.950000,200,0.998730,0.001270,3178293,0.509342,0.527660,0.000080,0.035965,0.526791,0.000069,35,-0.227181,0,1,0.009,10.752
s9234,combined_wear,0.000000,combined,16,1.000000,211,1.000000,0.000000,3539659,0.509650,0.526461,0.000062,0.032986,0.525637,0.000053,35,-0.173944,1,1,0.010,12.263
s9234,combined_wear,0.250000,combined,16,0.050000,11,0.191042,0.808958,9400,0.497987,0.510490,0.000064,0.025106,0.497987,0.000000,0,-0.920687,0,0,0.012,0.121
s9234,combined_wear,0.250000,combined,16,0.100000,21,0.314441,0.685559,35074,0.509826,0.524420,0.000116,0.028625,0.515282,0.000007,1,-0.933621,0,0,0.007,0.293
s9234,combined_wear,0.250000,combined,16,0.150000,32,0.431375,0.568625,78398,0.490773,0.504006,0.000047,0.026965,0.492964,0.000001,2,-0.630419,0,0,0.005,0.576
s9234,combined_wear,0.250000,combined,16,0.200000,42,0.521990,0.478010,133683,0.485795,0.498168,0.000072,0.025471,0.491224,0.000012,0,-0.582318,0,0,0.005,0.921
s9234,combined_wear,0.250000,combined,16,0.250000,53,0.632460,0.367540,213681,0.487629,0.498428,0.000062,0.022145,0.495086,0.000016,6,-0.453189,0,0,0.005,1.446
s9234,combined_wear,0.250000,combined,16,0.300000,63,0.706106,0.293894,301366,0.486730,0.494709,0.000022,0.016392,0.491548,0.000007,11,-0.288577,1,0,0.006,1.963
s9234,combined_wear,0.250000,combined,16,0.350000,74,0.768440,0.231560,413990,0.484621,0.494889,0.000035,0.021189,0.492723,0.000019,10,-0.251526,1,1,0.006,2.625
s9234,combined_wear,0.250000,combined,16,0.400000,84,0.825695,0.174305,536642,0.487530,0.496566,0.000019,0.018534,0.494167,0.000010,9,-0.165017,0,0,0.007,2.636
s9234,combined_wear,0.250000,combined,16,0.450000,95,0.874986,0.125014,684075,0.485883,0.496154,0.000028,0.021138,0.494690,0.000018,15,-0.132228,0,1,0.007,3.134
s9234,combined_wear,0.250000,combined,16,0.500000,106,0.897841,0.102159,857064,0.488964,0.496553,0.000019,0.015520,0.495241,0.000013,20,-0.093565,0,0,0.008,3.878
s9234,combined_wear,0.250000,combined,16,0.550000,116,0.912155,0.087845,1024325,0.487975,0.495966,0.000015,0.016377,0.494767,0.000010,14,-0.069601,1,1,0.009,4.361
s9234,combined_wear,0.250000,combined,16,0.600000,127,0.934896,0.065104,1235962,0.491217,0.501363,0.000018,0.020655,0.500164,0.000011,17,-0.062126,1,1,0.010,5.145
s9234,combined_wear,0.250000,combined,16,0.650000,137,0.946439,0.053561,1451397,0.495702,0.502948,0.000011,0.014618,0.501837,0.000008,12,-0.041923,1,0,0.009,5.757
s9234,combined_wear,0.250000,combined,16,0.700000,148,0.957636,0.042364,1688443,0.494127,0.505587,0.000023,0.023194,0.504559,0.000015,21,-0.056693,1,1,0.009,6.578
s9234,combined_wear,0.250000,combined,16,0.750000,158,0.964908,0.035092,1940086,0.498175,0.506857,0.000012,0.017426,0.505893,0.000007,19,-0.029912,1,0,0.009,7.197
s9234,combined_wear,0.250000,combined,16,0.800000,169,0.975066,0.024934,2218397,0.497899,0.508838,0.000021,0.021970,0.508236,0.000015,23,-0.041703,1,0,0.009,7.955
s9234,combined_wear,0.250000,combined,16,0.850000,179,0.981300,0.018700,2483340,0.496827,0.509705,0.000030,0.025920,0.509136,0.000022,25,-0.055333,1,1,0.009,8.806
s9234,combined_wear,0.250000,combined,16,0.900000,190,0.986725,0.013275,2817325,0.500271,0.513192,0.000032,0.025828,0.512656,0.000024,27,-0.059732,1,1,0.009,9.822
s9234,combined_wear,0.250000,combined,16,0.950000,200,0.996652,0.003348,3161431,0.506640,0.521763,0.000041,0.029850,0.520220,0.000035,32,-0.084942,1,1,0.009,10.717
s9234,combined_wear,0.250000,combined,16,1.000000,211,1.000000,0.000000,3539659,0.509650,0.526461,0.000062,0.032986,0.525637,0.000053,35,-0.133367,1,1,0.009,11.800
s9234,combined_wear,0.500000,combined,16,0.050000,11,0.180653,0.819347,8782,0.465247,0.486014,0.000168,0.044637,0.465247,0.000000,0,-0.975822,1,1,0.011,0.133
s9234,combined_wear,0.500000,combined,16,0.100000,21,0.298049,0.701951,35481,0.515742,0.533578,0.000134,0.034582,0.520871,0.000004,1,-0.901083,0,0,0.008,0.395
s9234,combined_wear,0.500000,combined,16,0.150000,32,0.421794,0.578206,78592,0.491987,0.506811,0.000069,0.030130,0.497221,0.000003,3,-0.632428,0,0,0.008,0.810
s9234,combined_wear,0.500000,combined,16,0.200000,42,0.517026,0.482974,132618,0.481925,0.493284,0.000074,0.023571,0.486197,0.000010,0,-0.522701,0,0,0.008,1.277
s9234,combined_wear,0.500000,combined,16,0.250000,53,0.603371,0.396629,211357,0.482326,0.491413,0.000039,0.018840,0.486741,0.000012,2,-0.382249,0,0,0.008,1.894
s9234,combined_wear,0.500000,combined,16,0.300000,63,0.663050,0.336950,297199,0.480000,0.487790,0.000017,0.016228,0.484629,0.000006,9,-0.285375,1,1,0.008,2.519
s9234,combined_wear,0.500000,combined,16,0.350000,74,0.735888,0.264112,418487,0.489885,0.500780,0.000030,0.022240,0.497867,0.000016,8,-0.252660,0,0,0.009,2.313
s9234,combined_wear,0.500000,combined,16,0.400000,84,0.781715,0.218285,538295,0.489032,0.494582,0.000010,0.011349,0.492822,0.000004,9,-0.170066,1,1,0.008,2.611
s9234,combined_wear,0.500000,combined,16,0.450000,95,0.824657,0.175343,688870,0.489289,0.498043,0.000013,0.017892,0.495234,0.000007,11,-0.136517,1,1,0.009,3.173
s9234,combined_wear,0.500000,combined,16,0.500000,106,0.851668,0.148332,866244,0.494201,0.502298,0.000018,0.016383,0.499565,0.000014,14,-0.124835,0,0,0.008,3.834
s9234,combined_wear,0.500000,combined,16,0.550000,116,0.864135,0.135865,1031514,0.491399,0.498066,0.000010,0.013566,0.496546,0.000006,12,-0.093802,1,0,0.009,4.430
s9234,combined_wear,0.500000,combined,16,0.600000,127,0.894263,0.105737,1231478,0.489435,0.499243,0.000018,0.020040,0.497981,0.000011,17,-0.075324,1,1,0.008,5.127
s9234,combined_wear,0.500000,combined,16,0.650000,137,0.919197,0.080803,1443792,0.493104,0.503790,0.000018,0.021670,0.501521,0.000010,22,-0.057613,0,1,0.009,5.543
s9234,combined_wear,0.500000,combined,16,0.700000,148,0.933626,0.066374,1686367,0.493519,0.503248,0.000016,0.019714,0.501887,0.000009,17,-0.040114,0,1,0.008,6.238
s9234,combined_wear,0.500000,combined,16,0.750000,158,0.950941,0.049059,1926810,0.494766,0.502475,0.000012,0.015580,0.501595,0.000008,17,-0.017954,1,1,0.010,7.035
s9234,combined_wear,0.500000,combined,16,0.800000,169,0.956482,0.043518,2220452,0.498360,0.505955,0.000014,0.015240,0.505132,0.000010,29,-0.021447,1,1,0.009,7.925
s9234,combined_wear,0.500000,combined,16,0.850000,179,0.963408,0.036592,2496299,0.499420,0.509347,0.000021,0.019877,0.508570,0.000015,24,-0.029153,1,1,0.009,9.033
s9234,combined_wear,0.500000,combined,16,0.900000,190,0.981300,0.018700,2819958,0.500738,0.516363,0.000041,0.031203,0.515562,0.000031,26,-0.049307,1,1,0.010,10.338
s9234,combined_wear,0.500000,combined,16,0.950000,200,0.996422,0.003578,3172393,0.508396,0.523494,0.000042,0.029696,0.522202,0.000035,32,-0.049836,1,1,0.010,11.304
s9234,combined_wear,0.500000,combined,16,1.000000,211,1.000000,0.000000,3539659,0.509650,0.526461,0.000062,0.032986,0.525637,0.000053,35,-0.079954,1,1,0.010,11.990
s9234,combined_wear,0.750000,combined,16,0.050000,11,0.180653,0.819347,8782,0.465247,0.486014,0.000168,0.044637,0.465247,0.000000,0,-0.987370,1,1,0.012,0.131
s9234,combined_wear,0.750000,combined,16,0.100000,21,0.287660,0.712340,33606,0.488488,0.504274,0.000107,0.032316,0.491644,0.000002,1,-0.829749,0,0,0.006,0.333
s9234,combined_wear,0.750000,combined,16,0.150000,32,0.398476,0.601524,79422,0.497183,0.514423,0.000113,0.034676,0.504845,0.000012,0,-0.745887,0,0,0.006,0.738
s9234,combined_wear,0.750000,combined,16,0.200000,42,0.488976,0.511024,132299,0.480766,0.490995,0.000055,0.021278,0.486197,0.000017,0,-0.530441,1,1,0.007,1.006
s9234,combined_wear,0.750000,combined,16,0.250000,53,0.571742,0.428258,213057,0.486205,0.496855,0.000031,0.021905,0.491405,0.000015,6,-0.423568,0,0,0.005,1.495
s9234,combined_wear,0.750000,combined,16,0.300000,63,0.638347,0.361653,303755,0.490589,0.500407,0.000017,0.020013,0.496229,0.000009,12,-0.342854,0,0,0.007,2.019
s9234,combined_wear,0.750000,combined,16,0.350000,74,0.693755,0.306245,413934,0.484555,0.494889,0.000018,0.021327,0.491121,0.000006,7,-0.278565,1,1,0.005,2.578
s9234,combined_wear,0.750000,combined,16,0.400000,84,0.723768,0.276232,535799,0.486764,0.497634,0.000019,0.022331,0.494563,0.000007,9,-0.255233,1,1,0.007,2.595
s9234,combined_wear,0.750000,combined,16,0.450000,95,0.745931,0.254069,703362,0.499582,0.508097,0.000015,0.017044,0.504909,0.000012,16,-0.249394,0,0,0.007,3.087
s9234,combined_wear,0.750000,combined,16,0.500000,106,0.772365,0.227635,864215,0.493044,0.501512,0.000013,0.017175,0.498825,0.000005,21,-0.207238,0,0,0.007,3.607
s9234,combined_wear,0.750000,combined,16,0.550000,116,0.791527,0.208473,1032494,0.491866,0.498176,0.000009,0.012829,0.496391,0.000003,23,-0.176993,1,1,0.007,4.268
s9234,combined_wear,0.750000,combined,16,0.600000,127,0.804917,0.195083,1245723,0.495096,0.500909,0.000008,0.011740,0.499098,0.000004,25,-0.168369,0,0,0.008,5.079
s9234,combined_wear,0.750000,combined,16,0.650000,137,0.836777,0.163223,1445602,0.493723,0.500094,0.000009,0.012904,0.498719,0.000005,29,-0.135870,1,1,0.008,5.751
s9234,combined_wear,0.750000,combined,16,0.700000,148,0.875909,0.124091,1689878,0.494547,0.502989,0.000013,0.017070,0.501121,0.000008,28,-0.105935,1,1,0.009,6.691
s9234,combined_wear,0.750000,combined,16,0.750000,158,0.893109,0.106891,1927892,0.495044,0.505802,0.000020,0.021730,0.504113,0.000013,23,-0.102153,1,1,0.008,7.380
s9234,combined_wear,0.750000,combined,16,0.800000,169,0.916772,0.083228,2219818,0.498218,0.506638,0.000017,0.016900,0.505562,0.000013,21,-0.078746,1,1,0.010,8.367
s9234,combined_wear,0.750000,combined,16,0.850000,179,0.951864,0.048136,2499467,0.500054,0.511209,0.000023,0.022308,0.510083,0.000017,24,-0.058867,1,1,0.008,9.155
s9234,combined_wear,0.750000,combined,16,0.900000,190,0.976452,0.023548,2837786,0.503904,0.517645,0.000034,0.027269,0.516913,0.000026,28,-0.060555,1,1,0.010,10.357
s9234,combined_wear,0.750000,combined,16,0.950000,200,0.995498,0.004502,3164400,0.507115,0.523494,0.000047,0.032297,0.522372,0.000039,31,-0.070009,1,1,0.010,11.039
s9234,combined_wear,0.750000,combined,16,1.000000,211,1.000000,0.000000,3539659,0.509650,0.526461,0.000062,0.032986,0.525637,0.000053,35,-0.092529,1,1,0.010,12.028
s9234,combined_wear,1.000000,combined,16,0.050000,11,0.174766,0.825234,9315,0.493484,0.508159,0.000112,0.029737,0.493484,0.000000,0,-1.041991,0,0,0.012,0.124
s9234,combined_wear,1.000000,combined,16,0.100000,21,0.287660,0.712340,33606,0.488488,0.504274,0.000107,0.032316,0.491644,0.000002,1,-0.909551,0,0,0.006,0.285
s9234,combined_wear,1.000000,combined,16,0.150000,32,0.387164,0.612836,79289,0.496350,0.513622,0.000107,0.034797,0.504044,0.000016,0,-0.828215,0,0,0.005,0.567
s9234,combined_wear,1.000000,combined,16,0.200000,42,0.454000,0.546000,130591,0.474559,0.487485,0.000056,0.027238,0.481447,0.000029,7,-0.600626,1,1,0.005,0.927
s9234,combined_wear,1.000000,combined,16,0.250000,53,0.538843,0.461157,214119,0.488629,0.498791,0.000021,0.020797,0.493340,0.000011,9,-0.460508,0,0,0.005,1.389
s9234,combined_wear,1.000000,combined,16,0.300000,63,0.597484,0.402516,300426,0.485212,0.492470,0.000011,0.014959,0.488400,0.000004,9,-0.371342,1,1,0.005,1.881
s9234,combined_wear,1.000000,combined,16,0.350000,74,0.630613,0.369387,417855,0.489145,0.496881,0.000013,0.015816,0.491689,0.000003,11,-0.349264,1,1,0.005,2.587
s9234,combined_wear,1.000000,combined,16,0.400000,84,0.648159,0.351841,546903,0.496852,0.503663,0.000008,0.013708,0.499566,0.000003,15,-0.335957,0,0,0.007,2.679
s9234,combined_wear,1.000000,combined,16,0.450000,95,0.696179,0.303821,698620,0.496214,0.502497,0.000011,0.012661,0.499890,0.000004,19,-0.291850,0,0,0.007,3.177
s9234,combined_wear,1.000000,combined,16,0.500000,106,0.730809,0.269191,870552,0.496659,0.502117,0.000007,0.010988,0.499263,0.000003,14,-0.249953,0,0,0.007,3.804
s9234,combined_wear,1.000000,combined,16,0.550000,116,0.765555,0.234445,1036884,0.493958,0.500497,0.000008,0.013240,0.497879,0.000003,15,-0.211494,1,1,0.008,4.379
s9234,combined_wear,1.000000,combined,16,0.600000,127,0.793951,0.206049,1248415,0.496166,0.502423,0.000007,0.012610,0.500132,0.000004,24,-0.186730,0,0,0.008,4.995
s9234,combined_wear,1.000000,combined,16,0.650000,137,0.811035,0.188965,1447852,0.494491,0.501918,0.000009,0.015020,0.500406,0.000005,26,-0.171891,1,1,0.010,5.727
s9234,combined_wear,1.000000,combined,16,0.700000,148,0.823271,0.176729,1693016,0.495465,0.502729,0.000011,0.014660,0.501391,0.000007,30,-0.164865,1,1,0.008,6.562
s9234,combined_wear,1.000000,combined,16,0.750000,158,0.830890,0.169110,1943047,0.498936,0.505315,0.000012,0.012786,0.504047,0.000009,37,-0.166225,1,1,0.009,7.381
s9234,combined_wear,1.000000,combined,16,0.800000,169,0.866674,0.133326,2227882,0.500028,0.509483,0.000018,0.018909,0.507833,0.000012,27,-0.147034,1,1,0.009,8.349
s9234,combined_wear,1.000000,combined,16,0.850000,179,0.915849,0.084151,2504167,0.500994,0.513931,0.000028,0.025822,0.512845,0.000020,22,-0.126153,1,1,0.009,9.117
s9234,combined_wear,1.000000,combined,16,0.900000,190,0.976452,0.023548,2837786,0.503904,0.517645,0.000034,0.027269,0.516913,0.000026,28,-0.086120,1,1,0.009,9.826
s9234,combined_wear,1.000000,combined,16,0.950000,200,0.994690,0.005310,3161083,0.506584,0.522981,0.000047,0.032368,0.521725,0.000039,31,-0.104114,1,1,0.009,10.750
s9234,combined_wear,1.000000,combined,16,1.000000,211,1.000000,0.000000,3539659,0.509650,0.526461,0.000062,0.032986,0.525637,0.000053,35,-0.138898,1,1,0.009,11.834
s9234,combined_wear_leveling,0.000000,combined,16,0.050000,11,0.194967,0.805033,9549,0.505880,0.516317,0.000067,0.020630,0.505880,0.000000,0,-0.979166,0,0,0.222,0.100
s9234,combined_wear_leveling,0.000000,combined,16,0.100000,21,0.318135,0.681865,32791,0.476641,0.492674,0.000058,0.033637,0.477469,0.000002,1,-0.779220,0,1,0.596,0.286
s9234,combined_wear_leveling,0.000000,combined,16,0.150000,32,0.441995,0.558005,78869,0.493721,0.506010,0.000042,0.024889,0.494466,0.000001,3,-0.641119,0,0,1.389,0.562
s9234,combined_wear_leveling,0.000000,combined,16,0.200000,42,0.539536,0.460464,134235,0.487801,0.495879,0.000030,0.016561,0.491930,0.000003,6,-0.492656,0,0,2.453,0.893
s9234,combined_wear_leveling,0.000000,combined,16,0.250000,53,0.638693,0.361307,211006,0.481525,0.491171,0.000036,0.020033,0.488147,0.000009,7,-0.402074,1,0,3.831,1.327
s9234,combined_wear_leveling,0.000000,combined,16,0.300000,63,0.719035,0.280965,297967,0.481241,0.492979,0.000053,0.024392,0.490773,0.000021,10,-0.370927,1,1,5.324,1.883
s9234,combined_wear_leveling,0.000000,combined,16,0.350000,74,0.784717,0.215283,416713,0.487808,0.498874,0.000042,0.022685,0.496817,0.000017,10,-0.286141,1,0,7.388,2.704
s9234,combined_wear_leveling,0.000000,combined,16,0.400000,84,0.832506,0.167494,532462,0.483733,0.500534,0.000089,0.034733,0.498722,0.000062,16,-0.366363,0,1,9.213,2.626
s9234,combined_wear_leveling,0.000000,combined,16,0.450000,95,0.877987,0.122013,691032,0.490825,0.502632,0.000041,0.024055,0.501560,0.000024,15,-0.196168,0,0,11.388,3.168
s9234,combined_wear_leveling,0.000000,combined,16,0.500000,106,0.908692,0.091308,852578,0.486405,0.499335,0.000044,0.026583,0.498190,0.000034,19,-0.165995,1,1,13.481,3.592
s9234,combined_wear_leveling,0.000000,combined,16,0.550000,116,0.927161,0.072839,1023792,0.487721,0.501824,0.000052,0.028916,0.500777,0.000042,20,-0.174338,1,1,15.290,4.184
s9234,combined_wear_leveling,0.000000,combined,16,0.600000,127,0.944707,0.055293,1236910,0.491593,0.503887,0.000034,0.025007,0.501672,0.000029,24,-0.110802,1,1,17.476,4.863
s9234,combined_wear_leveling,0.000000,combined,16,0.650000,137,0.958559,0.041441,1451610,0.495775,0.504726,0.000016,0.018055,0.502673,0.000013,21,-0.051839,1,1,19.399,5.560
s9234,combined_wear_leveling,0.000000,combined,16,0.700000,148,0.971603,0.028397,1701994,0.498092,0.509226,0.000022,0.022351,0.507141,0.000020,26,-0.062416,1,1,21.909,6.345
s9234,combined_wear_leveling,0.000000,combined,16,0.750000,158,0.982223,0.017777,1958384,0.502874,0.512618,0.000016,0.019376,0.510942,0.000013,25,-0.040729,1,1,23.818,7.081
s9234,combined_wear_leveling,0.000000,combined,16,0.800000,169,0.991804,0.008196,2242059,0.503210,0.517638,0.000038,0.028672,0.516071,0.000033,28,-0.098784,1,1,25.585,7.948
s9234,combined_wear_leveling,0.000000,combined,16,0.850000,179,0.994921,0.005079,2538350,0.507833,0.519947,0.000031,0.023854,0.518985,0.000026,30,-0.082842,1,1,26.935,8.862
s9234,combined_wear_leveling,0.000000,combined,16,0.900000,190,0.997460,0.002540,2868127,0.509292,0.524865,0.000056,0.030578,0.523958,0.000047,32,-0.156377,1,1,28.163,10.040
s9234,combined_wear_leveling,0.000000,combined,16,0.950000,200,0.998730,0.001270,3178293,0.509342,0.527660,0.000080,0.035965,0.526791,0.000069,35,-0.227181,0,1,29.765,11.251
s9234,combined_wear_leveling,0.000000,combined,16,1.000000,211,1.000000,0.000000,3539659,0.509650,0.526461,0.000062,0.032986,0.525637,0.000053,35,-0.173944,1,1,30.511,12.601
s9234,combined_wear_leveling,0.250000,combined,16,0.050000,11,0.194967,0.805033,9549,0.505880,0.516317,0.000067,0.020630,0.505880,0.000000,0,-0.979898,0,0,0.242,0.100
s9234,combined_wear_leveling,0.250000,combined,16,0.100000,21,0.318135,0.681865,32791,0.476641,0.492674,0.000058,0.033637,0.477469,0.000002,1,-0.779923,0,1,0.608,0.283
s9234,combined_wear_leveling,0.250000,combined,16,0.150000,32,0.441995,0.558005,80413,0.503387,0.516426,0.000047,0.025904,0.504883,0.000001,3,-0.675145,0,0,1.393,0.562
s9234,combined_wear_leveling,0.250000,combined,16,0.200000,42,0.539536,0.460464,134235,0.487801,0.495879,0.000030,0.016561,0.491930,0.000003,6,-0.493357,0,0,2.431,0.883
s9234,combined_wear_leveling,0.250000,combined,16,0.250000,53,0.638693,0.361307,211006,0.481525,0.491171,0.000036,0.020033,0.488147,0.000009,7,-0.402770,1,1,3.813,1.380
s9234,combined_wear_leveling,0.250000,combined,16,0.300000,63,0.719035,0.280965,298490,0.482086,0.496235,0.000070,0.029351,0.493036,0.000024,9,-0.422022,1,1,5.411,1.801
s9234,combined_wear_leveling,0.250000,combined,16,0.350000,74,0.784717,0.215283,416713,0.487808,0.498874,0.000042,0.022685,0.496817,0.000017,10,-0.286849,1,0,6.972,2.606
s9234,combined_wear_leveling,0.250000,combined,16,0.400000,84,0.832506,0.167494,532462,0.483733,0.500534,0.000089,0.034733,0.498722,0.000062,16,-0.367078,0,1,8.637,2.512
s9234,combined_wear_leveling,0.250000,combined,16,0.450000,95,0.877987,0.122013,691032,0.490825,0.502632,0.000041,0.024055,0.501560,0.000024,15,-0.196882,0,0,10.706,3.027
s9234,combined_wear_leveling,0.250000,combined,16,0.500000,106,0.908692,0.091308,852578,0.486405,0.499335,0.000044,0.026583,0.498190,0.000034,19,-0.166705,1,1,13.686,3.750
s9234,combined_wear_leveling,0.250000,combined,16,0.550000,116,0.927161,0.072839,1023792,0.487721,0.501824,0.000052,0.028916,0.500777,0.000042,20,-0.175052,1,1,16.207,4.385
s9234,combined_wear_leveling,0.250000,combined,16,0.600000,127,0.944707,0.055293,1241705,0.493499,0.503584,0.000023,0.020435,0.501432,0.000018,20,-0.081421,1,1,18.474,5.227
s9234,combined_wear_leveling,0.250000,combined,16,0.650000,137,0.958559,0.041441,1450660,0.495450,0.504726,0.000016,0.018722,0.502731,0.000013,21,-0.051885,1,1,19.726,5.548
s9234,combined_wear_leveling,0.250000,combined,16,0.700000,148,0.971603,0.028397,1706230,0.499332,0.509399,0.000017,0.020160,0.507498,0.000014,23,-0.049918,1,1,21.619,6.356
s9234,combined_wear_leveling,0.250000,combined,16,0.750000,158,0.982223,0.017777,1959275,0.503103,0.515539,0.000026,0.024719,0.513903,0.000022,25,-0.073923,1,1,24.203,7.177
s9234,combined_wear_leveling,0.250000,combined,16,0.800000,169,0.991804,0.008196,2242059,0.503210,0.517638,0.000038,0.028672,0.516071,0.000033,28,-0.099521,1,1,25.698,8.022
s9234,combined_wear_leveling,0.250000,combined,16,0.850000,179,0.994921,0.005079,2525765,0.505315,0.519804,0.000036,0.028673,0.518362,0.000031,28,-0.094724,1,1,27.020,8.918
s9234,combined_wear_leveling,0.250000,combined,16,0.900000,190,0.997460,0.002540,2872357,0.510043,0.525810,0.000053,0.030913,0.524888,0.000045,31,-0.152572,0,0,28.541,9.944
s9234,combined_wear_leveling,0.250000,combined,16,0.950000,200,0.998730,0.001270,3166470,0.507447,0.524776,0.000066,0.034148,0.523948,0.000055,33,-0.181974,1,1,28.774,10.814
s9234,combined_wear_leveling,0.250000,combined,16,1.000000,211,1.000000,0.000000,3539659,0.509650,0.526461,0.000062,0.032986,0.525637,0.000053,35,-0.174695,1,1,29.101,12.007
s9234,combined_wear_leveling,0.500000,combined,16,0.050000,11,0.194967,0.805033,9549,0.505880,0.516317,0.000067,0.020630,0.505880,0.000000,0,-0.979898,0,0,0.392,0.138
s9234,combined_wear_leveling,0.500000,combined,16,0.100000,21,0.318135,0.681865,32791,0.476641,0.492674,0.000058,0.033637,0.477469,0.000002,1,-0.779923,0,1,1.114,0.392
s9234,combined_wear_leveling,0.500000,combined,16,0.150000,32,0.441995,0.558005,80413,0.503387,0.516426,0.000047,0.025904,0.504883,0.000001,3,-0.675145,0,0,2.512,0.741
s9234,combined_wear_leveling,0.500000,combined,16,0.200000,42,0.539536,0.460464,134235,0.487801,0.495879,0.000030,0.016561,0.491930,0.000003,6,-0.493357,0,0,2.471,0.917
s9234,combined_wear_leveling,0.500000,combined,16,0.250000,53,0.638693,0.361307,211006,0.481525,0.491171,0.000036,0.020033,0.488147,0.000009,7,-0.402770,1,1,3.789,1.344
s9234,combined_wear_leveling,0.500000,combined,16,0.300000,63,0.719035,0.280965,298490,0.482086,0.496235,0.000070,0.029351,0.493036,0.000024,9,-0.422022,1,1,5.371,1.861
s9234,combined_wear_leveling,0.500000,combined,16,0.350000,74,0.784717,0.215283,416713,0.487808,0.498874,0.000042,0.022685,0.496817,0.000017,10,-0.286849,1,0,7.266,2.530
s9234,combined_wear_leveling,0.500000,combined,16,0.400000,84,0.832506,0.167494,532462,0.483733,0.500534,0.000089,0.034733,0.498722,0.000062,16,-0.367078,0,1,8.589,2.474
s9234,combined_wear_leveling,0.500000,combined,16,0.450000,95,0.877987,0.122013,691032,0.490825,0.502632,0.000041,0.024055,0.501560,0.000024,15,-0.196882,0,0,10.768,2.988
s9234,combined_wear_leveling,0.500000,combined,16,0.500000,106,0.908692,0.091308,852578,0.486405,0.499335,0.000044,0.026583,0.498190,0.000034,19,-0.166705,1,1,13.037,3.558
s9234,combined_wear_leveling,0.500000,combined,16,0.550000,116,0.927161,0.072839,1023792,0.487721,0.501824,0.000052,0.028916,0.500777,0.000042,20,-0.175052,1,1,15.194,4.155
s9234,combined_wear_leveling,0.500000,combined,16,0.600000,127,0.944707,0.055293,1241705,0.493499,0.503584,0.000023,0.020435,0.501432,0.000018,20,-0.081421,1,1,17.608,4.763
s9234,combined_wear_leveling,0.500000,combined,16,0.650000,137,0.958559,0.041441,1450660,0.495450,0.504726,0.000016,0.018722,0.502731,0.000013,21,-0.051885,1,1,19.558,5.547
s9234,combined_wear_leveling,0.500000,combined,16,0.700000,148,0.971603,0.028397,1706230,0.499332,0.509399,0.000017,0.020160,0.507498,0.000014,23,-0.049918,1,1,21.744,6.292
s9234,combined_wear_leveling,0.500000,combined,16,0.750000,158,0.982223,0.017777,1959275,0.503103,0.515539,0.000026,0.024719,0.513903,0.000022,25,-0.073923,1,1,23.862,7.003
s9234,combined_wear_leveling,0.500000,combined,16,0.800000,169,0.991804,0.008196,2242059,0.503210,0.517638,0.000038,0.028672,0.516071,0.000033,28,-0.099521,1,1,25.679,7.962
s9234,combined_wear_leveling,0.500000,combined,16,0.850000,179,0.994921,0.005079,2525765,0.505315,0.519804,0.000036,0.028673,0.518362,0.000031,28,-0.094724,1,1,27.666,9.611
s9234,combined_wear_leveling,0.500000,combined,16,0.900000,190,0.997460,0.002540,2872357,0.510043,0.525810,0.000053,0.030913,0.524888,0.000045,31,-0.152572,0,0,28.732,9.792
s9234,combined_wear_leveling,0.500000,combined,16,0.950000,200,0.998730,0.001270,3166470,0.507447,0.524776,0.000066,0.034148,0.523948,0.000055,33,-0.181974,1,1,28.680,10.893
s9234,combined_wear_leveling,0.500000,combined,16,1.000000,211,1.000000,0.000000,3539659,0.509650,0.526461,0.000062,0.032986,0.525637,0.000053,35,-0.174695,1,1,29.258,11.860
s9234,combined_wear_leveling,0.750000,combined,16,0.050000,11,0.194967,0.805033,9549,0.505880,0.516317,0.000067,0.020630,0.505880,0.000000,0,-0.979898,0,0,0.235,0.100
s9234,combined_wear_leveling,0.750000,combined,16,0.100000,21,0.318135,0.681865,32791,0.476641,0.492674,0.000058,0.033637,0.477469,0.000002,1,-0.779923,0,1,0.595,0.282
s9234,combined_wear_leveling,0.750000,combined,16,0.150000,32,0.441995,0.558005,80413,0.503387,0.516426,0.000047,0.025904,0.504883,0.000001,3,-0.675145,0,0,1.392,0.561
s9234,combined_wear_leveling,0.750000,combined,16,0.200000,42,0.539536,0.460464,134235,0.487801,0.495879,0.000030,0.016561,0.491930,0.000003,6,-0.493357,0,0,2.464,0.885
s9234,combined_wear_leveling,0.750000,combined,16,0.250000,53,0.638693,0.361307,211006,0.481525,0.491171,0.000036,0.020033,0.488147,0.000009,7,-0.402770,1,1,3.782,1.320
s9234,combined_wear_leveling,0.750000,combined,16,0.300000,63,0.719035,0.280965,298490,0.482086,0.496235,0.000070,0.029351,0.493036,0.000024,9,-0.422022,1,1,5.398,1.982
s9234,combined_wear_leveling,0.750000,combined,16,0.350000,74,0.784717,0.215283,416713,0.487808,0.498874,0.000042,0.022685,0.496817,0.000017,10,-0.286849,1,0,7.272,2.677
s9234,combined_wear_leveling,0.750000,combined,16,0.400000,84,0.832506,0.167494,532462,0.483733,0.500534,0.000089,0.034733,0.498722,0.000062,16,-0.367078,0,1,9.011,2.489
s9234,combined_wear_leveling,0.750000,combined,16,0.450000,95,0.877987,0.122013,691032,0.490825,0.502632,0.000041,0.024055,0.501560,0.000024,15,-0.196882,0,0,10.662,3.005
s9234,combined_wear_leveling,0.750000,combined,16,0.500000,106,0.908692,0.091308,852578,0.486405,0.499335,0.000044,0.026583,0.498190,0.000034,19,-0.166705,1,1,13.077,3.575
s9234,combined_wear_leveling,0.750000,combined,16,0.550000,116,0.927161,0.072839,1023792,0.487721,0.501824,0.000052,0.028916,0.500777,0.000042,20,-0.175052,1,1,15.447,4.177
s9234,combined_wear_leveling,0.750000,combined,16,0.600000,127,0.944707,0.055293,1241705,0.493499,0.503584,0.000023,0.020435,0.501432,0.000018,20,-0.081421,1,1,17.549,4.853
s9234,combined_wear_leveling,0.750000,combined,16,0.650000,137,0.958559,0.041441,1450660,0.495450,0.504726,0.000016,0.018722,0.502731,0.000013,21,-0.051885,1,1,19.771,5.549
s9234,combined_wear_leveling,0.750000,combined,16,0.700000,148,0.971603,0.028397,1706230,0.499332,0.509399,0.000017,0.020160,0.507498,0.000014,23,-0.049918,1,1,23.254,6.614
s9234,combined_wear_leveling,0.750000,combined,16,0.750000,158,0.982223,0.017777,1959275,0.503103,0.515539,0.000026,0.024719,0.513903,0.000022,25,-0.073923,1,1,24.841,7.071
s9234,combined_wear_leveling,0.750000,combined,16,0.800000,169,0.991804,0.008196,2242059,0.503210,0.517638,0.000038,0.028672,0.516071,0.000033,28,-0.099521,1,1,25.729,8.040
s9234,combined_wear_leveling,0.750000,combined,16,0.850000,179,0.994921,0.005079,2525765,0.505315,0.519804,0.000036,0.028673,0.518362,0.000031,28,-0.094724,1,1,27.962,8.934
s9234,combined_wear_leveling,0.750000,combined,16,0.900000,190,0.997460,0.002540,2872357,0.510043,0.525810,0.000053,0.030913,0.524888,0.000045,31,-0.152572,0,0,28.281,9.886
s9234,combined_wear_leveling,0.750000,combined,16,0.950000,200,0.998730,0.001270,3166470,0.507447,0.524776,0.000066,0.034148,0.523948,0.000055,33,-0.181974,1,1,28.913,11.256
s9234,combined_wear_leveling,0.750000,combined,16,1.000000,211,1.000000,0.000000,3539659,0.509650,0.526461,0.000062,0.032986,0.525637,0.000053,35,-0.174695,1,1,29.107,12.023
s9234,combined_wear_leveling,1.000000,combined,16,0.050000,11,0.194967,0.805033,9549,0.505880,0.516317,0.000067,0.020630,0.505880,0.000000,0,-0.979898,0,0,0.209,0.100
s9234,combined_wear_leveling,1.000000,combined,16,0.100000,21,0.318135,0.681865,32791,0.476641,0.492674,0.000058,0.033637,0.477469,0.000002,1,-0.779923,0,1,0.618,0.275
s9234,combined_wear_leveling,1.000000,combined,16,0.150000,32,0.441995,0.558005,80413,0.503387,0.516426,0.000047,0.025904,0.504883,0.000001,3,-0.675145,0,0,1.401,0.570
s9234,combined_wear_leveling,1.000000,combined,16,0.200000,42,0.539536,0.460464,134235,0.487801,0.495879,0.000030,0.016561,0.491930,0.000003,6,-0.493357,0,0,2.424,0.906
s9234,combined_wear_leveling,1.000000,combined,16,0.250000,53,0.638693,0.361307,211006,0.481525,0.491171,0.000036,0.020033,0.488147,0.000009,7,-0.402770,1,1,4.290,2.089
s9234,combined_wear_leveling,1.000000,combined,16,0.300000,63,0.719035,0.280965,298490,0.482086,0.496235,0.000070,0.029351,0.493036,0.000024,9,-0.422022,1,1,7.853,1.919
s9234,combined_wear_leveling,1.000000,combined,16,0.350000,74,0.784717,0.215283,416713,0.487808,0.498874,0.000042,0.022685,0.496817,0.000017,10,-0.286849,1,0,6.953,2.392
s9234,combined_wear_leveling,1.000000,combined,16,0.400000,84,0.832506,0.167494,532462,0.483733,0.500534,0.000089,0.034733,0.498722,0.000062,16,-0.367078,0,1,8.544,2.477
s9234,combined_wear_leveling,1.000000,combined,16,0.450000,95,0.877987,0.122013,691032,0.490825,0.502632,0.000041,0.024055,0.501560,0.000024,15,-0.196882,0,0,10.829,3.047
s9234,combined_wear_leveling,1.000000,combined,16,0.500000,106,0.908692,0.091308,852578,0.486405,0.499335,0.000044,0.026583,0.498190,0.000034,19,-0.166705,1,1,13.093,3.623
s9234,combined_wear_leveling,1.000000,combined,16,0.550000,116,0.927161,0.072839,1023792,0.487721,0.501824,0.000052,0.028916,0.500777,0.000042,20,-0.175052,1,1,15.162,4.177
s9234,combined_wear_leveling,1.000000,combined,16,0.600000,127,0.944707,0.055293,1241705,0.493499,0.503584,0.000023,0.020435,0.501432,0.000018,20,-0.081421,1,1,17.877,5.092
s9234,combined_wear_leveling,1.000000,combined,16,0.650000,137,0.958559,0.041441,1450660,0.495450,0.504726,0.000016,0.018722,0.502731,0.000013,21,-0.051885,1,1,20.636,5.626
s9234,combined_wear_leveling,1.000000,combined,16,0.700000,148,0.971603,0.028397,1706230,0.499332,0.509399,0.000017,0.020160,0.507498,0.000014,23,-0.049918,1,1,21.856,6.387
s9234,combined_wear_leveling,1.000000,combined,16,0.750000,158,0.982223,0.017777,1959275,0.503103,0.515539,0.000026,0.024719,0.513903,0.000022,25,-0.073923,1,1,23.841,7.227
s9234,combined_wear_leveling,1.000000,combined,16,0.800000,169,0.991804,0.008196,2242059,0.503210,0.517638,0.000038,0.028672,0.516071,0.000033,28,-0.099521,1,1,25.550,8.267
s9234,combined_wear_leveling,1.000000,combined,16,0.850000,179,0.994921,0.005079,2525765,0.505315,0.519804,0.000036,0.028673,0.518362,0.000031,28,-0.094724,1,1,28.439,8.888
s9234,combined_wear_leveling,1.000000,combined,16,0.900000,190,0.997460,0.002540,2872357,0.510043,0.525810,0.000053,0.030913,0.524888,0.000045,31,-0.152572,0,0,28.285,9.839
s9234,combined_wear_leveling,1.000000,combined,16,0.950000,200,0.998730,0.001270,3166470,0.507447,0.524776,0.000066,0.034148,0.523948,0.000055,33,-0.181974,1,1,28.841,10.848
s9234,combined_wear_leveling,1.000000,combined,16,1.000000,211,1.000000,0.000000,3539659,0.509650,0.526461,0.000062,0.032986,0.525637,0.000053,35,-0.174695,1,1,29.076,12.161
s9234,co_wear,0.000000,combined,16,0.050000,11,0.194967,0.805033,9549,0.505880,0.516317,0.000067,0.020630,0.505880,0.000000,0,-0.979166,0,0,0.011,0.122
s9234,co_wear,0.000000,combined,16,0.100000,21,0.318135,0.681865,32791,0.476641,0.492674,0.000058,0.033637,0.477469,0.000002,1,-0.779220,0,1,0.007,0.282
s9234,co_wear,0.000000,combined,16,0.150000,32,0.441995,0.558005,78869,0.493721,0.506010,0.000042,0.024889,0.494466,0.000001,3,-0.641119,0,0,0.005,0.577
s9234,co_wear,0.000000,combined,16,0.200000,42,0.539536,0.460464,134235,0.487801,0.495879,0.000030,0.016561,0.491930,0.000003,6,-0.492656,0,0,0.005,0.885
s9234,co_wear,0.000000,combined,16,0.250000,53,0.638693,0.361307,211006,0.481525,0.491171,0.000036,0.020033,0.488147,0.000009,7,-0.402074,1,0,0.005,1.390
s9234,co_wear,0.000000,combined,16,0.300000,63,0.719035,0.280965,297967,0.481241,0.492979,0.000053,0.024392,0.490773,0.000021,10,-0.370927,1,1,0.005,1.898
s9234,co_wear,0.000000,combined,16,0.350000,74,0.784717,0.215283,416713,0.487808,0.498874,0.000042,0.022685,0.496817,0.000017,10,-0.286141,1,0,0.006,2.494
s9234,co_wear,0.000000,combined,16,0.400000,84,0.832506,0.167494,532462,0.483733,0.500534,0.000089,0.034733,0.498722,0.000062,16,-0.366363,0,1,0.007,2.661
s9234,co_wear,0.000000,combined,16,0.450000,95,0.877987,0.122013,691032,0.490825,0.502632,0.000041,0.024055,0.501560,0.000024,15,-0.196168,0,0,0.007,3.208
s9234,co_wear,0.000000,combined,16,0.500000,106,0.908692,0.091308,852578,0.486405,0.499335,0.000044,0.026583,0.498190,0.000034,19,-0.165995,1,1,0.008,3.790
s9234,co_wear,0.000000,combined,16,0.550000,116,0.927161,0.072839,1023792,0.487721,0.501824,0.000052,0.028916,0.500777,0.000042,20,-0.174338,1,1,0.008,4.410
s9234,co_wear,0.000000,combined,16,0.600000,127,0.944707,0.055293,1236910,0.491593,0.503887,0.000034,0.025007,0.501672,0.000029,24,-0.110802,1,1,0.008,5.132
s9234,co_wear,0.000000,combined,16,0.650000,137,0.958559,0.041441,1451610,0.495775,0.504726,0.000016,0.018055,0.502673,0.000013,21,-0.051839,1,1,0.008,5.734
s9234,co_wear,0.000000,combined,16,0.700000,148,0.971603,0.028397,1701994,0.498092,0.509226,0.000022,0.022351,0.507141,0.000020,26,-0.062416,1,1,0.008,6.370
s9234,co_wear,0.000000,combined,16,0.750000,158,0.982223,0.017777,1958384,0.502874,0.512618,0.000016,0.019376,0.510942,0.000013,25,-0.040729,1,1,0.009,7.099
s9234,co_wear,0.000000,combined,16,0.800000,169,0.991804,0.008196,2242059,0.503210,0.517638,0.000038,0.028672,0.516071,0.000033,28,-0.098784,1,1,0.009,8.083
s9234,co_wear,0.000000,combined,16,0.850000,179,0.994921,0.005079,2538350,0.507833,0.519947,0.000031,0.023854,0.518985,0.000026,30,-0.082842,1,1,0.009,8.895
s9234,co_wear,0.000000,combined,16,0.900000,190,0.997460,0.002540,2868127,0.509292,0.524865,0.000056,0.030578,0.523958,0.000047,32,-0.156377,1,1,0.009,9.946
s9234,co_wear,0.000000,combined,16,0.950000,200,0.998730,0.001270,3178293,0.509342,0.527660,0.000080,0.035965,0.526791,0.000069,35,-0.227181,0,1,0.010,10.907
s9234,co_wear,0.000000,combined,16,1.000000,211,1.000000,0.000000,3539659,0.509650,0.526461,0.000062,0.032986,0.525637,0.000053,35,-0.173944,1,1,0.010,11.880
s9234,co_wear,0.250000,combined,16,0.050000,11,0.191042,0.808958,9400,0.497987,0.510490,0.000064,0.025106,0.497987,0.000000,0,-0.920687,0,0,0.011,0.120
s9234,co_wear,0.250000,combined,16,0.100000,21,0.314441,0.685559,35074,0.509826,0.524420,0.000116,0.028625,0.515282,0.000007,1,-0.933621,0,0,0.007,0.302
s9234,co_wear,0.250000,combined,16,0.150000,32,0.431375,0.568625,78398,0.490773,0.504006,0.000047,0.026965,0.492964,0.000001,2,-0.630419,0,0,0.005,0.558
s9234,co_wear,0.250000,combined,16,0.200000,42,0.521990,0.478010,133683,0.485795,0.498168,0.000072,0.025471,0.491224,0.000012,0,-0.582318,0,0,0.005,0.919
s9234,co_wear,0.250000,combined,16,0.250000,53,0.632460,0.367540,213681,0.487629,0.498428,0.000062,0.022145,0.495086,0.000016,6,-0.453189,0,0,0.005,1.431
s9234,co_wear,0.250000,combined,16,0.300000,63,0.706106,0.293894,301366,0.486730,0.494709,0.000022,0.016392,0.491548,0.000007,11,-0.288577,1,0,0.005,1.904
s9234,co_wear,0.250000,combined,16,0.350000,74,0.768440,0.231560,413990,0.484621,0.494889,0.000035,0.021189,0.492723,0.000019,10,-0.251526,1,1,0.005,2.751
s9234,co_wear,0.250000,combined,16,0.400000,84,0.825695,0.174305,536642,0.487530,0.496566,0.000019,0.018534,0.494167,0.000010,9,-0.165017,0,0,0.007,2.645
s9234,co_wear,0.250000,combined,16,0.450000,95,0.874986,0.125014,684075,0.485883,0.496154,0.000028,0.021138,0.494690,0.000018,15,-0.132228,0,1,0.007,3.200
s9234,co_wear,0.250000,combined,16,0.500000,106,0.897841,0.102159,857064,0.488964,0.496553,0.000019,0.015520,0.495241,0.000013,20,-0.093565,0,0,0.008,3.676
s9234,co_wear,0.250000,combined,16,0.550000,116,0.912155,0.087845,1024325,0.487975,0.495966,0.000015,0.016377,0.494767,0.000010,14,-0.069601,1,1,0.007,4.172
s9234,co_wear,0.250000,combined,16,0.600000,127,0.934896,0.065104,1235962,0.491217,0.501363,0.000018,0.020655,0.500164,0.000011,17,-0.062126,1,1,0.007,4.858
s9234,co_wear,0.250000,combined,16,0.650000,137,0.946439,0.053561,1451397,0.495702,0.502948,0.000011,0.014618,0.501837,0.000008,12,-0.041923,1,0,0.008,5.500
s9234,co_wear,0.250000,combined,16,0.700000,148,0.957636,0.042364,1688443,0.494127,0.505587,0.000023,0.023194,0.504559,0.000015,21,-0.056693,1,1,0.008,6.273
s9234,co_wear,0.250000,combined,16,0.750000,158,0.964908,0.035092,1940086,0.498175,0.506857,0.000012,0.017426,0.505893,0.000007,19,-0.029912,1,0,0.008,7.007
s9234,co_wear,0.250000,combined,16,0.800000,169,0.975066,0.024934,2218397,0.497899,0.508838,0.000021,0.021970,0.508236,0.000015,23,-0.041703,1,0,0.008,7.887
s9234,co_wear,0.250000,combined,16,0.850000,179,0.981300,0.018700,2483340,0.496827,0.509705,0.000030,0.025920,0.509136,0.000022,25,-0.055333,1,1,0.009,8.809
s9234,co_wear,0.250000,combined,16,0.900000,190,0.986725,0.013275,2817325,0.500271,0.513192,0.000032,0.025828,0.512656,0.000024,27,-0.059732,1,1,0.009,9.725
s9234,co_wear,0.250000,combined,16,0.950000,200,0.996652,0.003348,3161431,0.506640,0.521763,0.000041,0.029850,0.520220,0.000035,32,-0.084942,1,1,0.009,10.708
s9234,co_wear,0.250000,combined,16,1.000000,211,1.000000,0.000000,3539659,0.509650,0.526461,0.000062,0.032986,0.525637,0.000053,35,-0.133367,1,1,0.010,11.822
s9234,co_wear,0.500000,combined,16,0.050000,11,0.180653,0.819347,8782,0.465247,0.486014,0.000168,0.044637,0.465247,0.000000,0,-0.975822,1,1,0.011,0.135
s9234,co_wear,0.500000,combined,16,0.100000,21,0.298049,0.701951,35481,0.515742,0.533578,0.000134,0.034582,0.520871,0.000004,1,-0.901083,0,0,0.008,0.398
s9234,co_wear,0.500000,combined,16,0.150000,32,0.421794,0.578206,78592,0.491987,0.506811,0.000069,0.030130,0.497221,0.000003,3,-0.632428,0,0,0.008,0.815
s9234,co_wear,0.500000,combined,16,0.200000,42,0.517026,0.482974,132618,0.481925,0.493284,0.000074,0.023571,0.486197,0.000010,0,-0.522701,0,0,0.008,1.422
s9234,co_wear,0.500000,combined,16,0.250000,53,0.603371,0.396629,211357,0.482326,0.491413,0.000039,0.018840,0.486741,0.000012,2,-0.382249,0,0,0.007,1.378
s9234,co_wear,0.500000,combined,16,0.300000,63,0.663050,0.336950,297199,0.480000,0.487790,0.000017,0.016228,0.484629,0.000006,9,-0.285375,1,1,0.007,1.922
s9234,co_wear,0.500000,combined,16,0.350000,74,0.735888,0.264112,418487,0.489885,0.500780,0.000030,0.022240,0.497867,0.000016,8,-0.252660,0,0,0.006,2.399
s9234,co_wear,0.500000,combined,16,0.400000,84,0.781715,0.218285,538295,0.489032,0.494582,0.000010,0.011349,0.492822,0.000004,9,-0.170066,1,1,0.008,2.518
s9234,co_wear,0.500000,combined,16,0.450000,95,0.824657,0.175343,688870,0.489289,0.498043,0.000013,0.017892,0.495234,0.000007,11,-0.136517,1,1,0.009,3.318
s9234,co_wear,0.500000,combined,16,0.500000,106,0.851668,0.148332,866244,0.494201,0.502298,0.000018,0.016383,0.499565,0.000014,14,-0.124835,0,0,0.010,4.192
s9234,co_wear,0.500000,combined,16,0.550000,116,0.864135,0.135865,1031514,0.491399,0.498066,0.000010,0.013566,0.496546,0.000006,12,-0.093802,1,0,0.008,4.216
s9234,co_wear,0.500000,combined,16,0.600000,127,0.894263,0.105737,1231478,0.489435,0.499243,0.000018,0.020040,0.497981,0.000011,17,-0.075324,1,1,0.008,4.827
s9234,co_wear,0.500000,combined,16,0.650000,137,0.919197,0.080803,1443792,0.493104,0.503790,0.000018,0.021670,0.501521,0.000010,22,-0.057613,0,1,0.008,5.519
s9234,co_wear,0.500000,combined,16,0.700000,148,0.933626,0.066374,1686367,0.493519,0.503248,0.000016,0.019714,0.501887,0.000009,17,-0.040114,0,1,0.008,6.266
s9234,co_wear,0.500000,combined,16,0.750000,158,0.950941,0.049059,1926810,0.494766,0.502475,0.000012,0.015580,0.501595,0.000008,17,-0.017954,1,1,0.008,7.184
s9234,co_wear,0.500000,combined,16,0.800000,169,0.956482,0.043518,2220452,0.498360,0.505955,0.000014,0.015240,0.505132,0.000010,29,-0.021447,1,1,0.009,8.027
s9234,co_wear,0.500000,combined,16,0.850000,179,0.963408,0.036592,2496299,0.499420,0.509347,0.000021,0.019877,0.508570,0.000015,24,-0.029153,1,1,0.009,8.773
s9234,co_wear,0.500000,combined,16,0.900000,190,0.981300,0.018700,2819958,0.500738,0.516363,0.000041,0.031203,0.515562,0.000031,26,-0.049307,1,1,0.009,9.853
s9234,co_wear,0.500000,combined,16,0.950000,200,0.996422,0.003578,3172393,0.508396,0.523494,0.000042,0.029696,0.522202,0.000035,32,-0.049836,1,1,0.009,11.163
s9234,co_wear,0.500000,combined,16,1.000000,211,1.000000,0.000000,3539659,0.509650,0.526461,0.000062,0.032986,0.525637,0.000053,35,-0.079954,1,1,0.010,12.458
s9234,co_wear,0.750000,combined,16,0.050000,11,0.180653,0.819347,8782,0.465247,0.486014,0.000168,0.044637,0.465247,0.000000,0,-0.987370,1,1,0.011,0.134
s9234,co_wear,0.750000,combined,16,0.100000,21,0.287660,0.712340,33606,0.488488,0.504274,0.000107,0.032316,0.491644,0.000002,1,-0.829749,0,0,0.008,0.396
s9234,co_wear,0.750000,combined,16,0.150000,32,0.398476,0.601524,79422,0.497183,0.514423,0.000113,0.034676,0.504845,0.000012,0,-0.745887,0,0,0.008,0.808
s9234,co_wear,0.750000,combined,16,0.200000,42,0.488976,0.511024,132299,0.480766,0.490995,0.000055,0.021278,0.486197,0.000017,0,-0.530441,1,1,0.008,1.286
s9234,co_wear,0.750000,combined,16,0.250000,53,0.571742,0.428258,213057,0.486205,0.496855,0.000031,0.021905,0.491405,0.000015,6,-0.423568,0,0,0.008,1.893
s9234,co_wear,0.750000,combined,16,0.300000,63,0.638347,0.361653,303755,0.490589,0.500407,0.000017,0.020013,0.496229,0.000009,12,-0.342854,0,0,0.008,2.469
s9234,co_wear,0.750000,combined,16,0.350000,74,0.693755,0.306245,413934,0.484555,0.494889,0.000018,0.021327,0.491121,0.000006,7,-0.278565,1,1,0.008,2.669
s9234,co_wear,0.750000,combined,16,0.400000,84,0.723768,0.276232,535799,0.486764,0.497634,0.000019,0.022331,0.494563,0.000007,9,-0.255233,1,1,0.008,2.644
s9234,co_wear,0.750000,combined,16,0.450000,95,0.745931,0.254069,703362,0.499582,0.508097,0.000015,0.017044,0.504909,0.000012,16,-0.249394,0,0,0.008,3.166
s9234,co_wear,0.750000,combined,16,0.500000,106,0.772365,0.227635,864215,0.493044,0.501512,0.000013,0.017175,0.498825,0.000005,21,-0.207238,0,0,0.008,3.772
s9234,co_wear,0.750000,combined,16,0.550000,116,0.791527,0.208473,1032494,0.491866,0.498176,0.000009,0.012829,0.496391,0.000003,23,-0.176993,1,1,0.008,5.973
s9234,co_wear,0.750000,combined,16,0.600000,127,0.804917,0.195083,1245723,0.495096,0.500909,0.000008,0.011740,0.499098,0.000004,25,-0.168369,0,0,0.008,5.063
s9234,co_wear,0.750000,combined,16,0.650000,137,0.836777,0.163223,1445602,0.493723,0.500094,0.000009,0.012904,0.498719,0.000005,29,-0.135870,1,1,0.009,5.613
s9234,co_wear,0.750000,combined,16,0.700000,148,0.875909,0.124091,1689878,0.494547,0.502989,0.000013,0.017070,0.501121,0.000008,28,-0.105935,1,1,0.009,6.283
s9234,co_wear,0.750000,combined,16,0.750000,158,0.893109,0.106891,1927892,0.495044,0.505802,0.000020,0.021730,0.504113,0.000013,23,-0.102153,1,1,0.009,7.176
s9234,co_wear,0.750000,combined,16,0.800000,169,0.916772,0.083228,2219818,0.498218,0.506638,0.000017,0.016900,0.505562,0.000013,21,-0.078746,1,1,0.009,8.037
s9234,co_wear,0.750000,combined,16,0.850000,179,0.951864,0.048136,2499467,0.500054,0.511209,0.000023,0.022308,0.510083,0.000017,24,-0.058867,1,1,0.009,8.914
s9234,co_wear,0.750000,combined,16,0.900000,190,0.976452,0.023548,2837786,0.503904,0.517645,0.000034,0.027269,0.516913,0.000026,28,-0.060555,1,1,0.009,9.919
s9234,co_wear,0.750000,combined,16,0.950000,200,0.995498,0.004502,3164400,0.507115,0.523494,0.000047,0.032297,0.522372,0.000039,31,-0.070009,1,1,0.009,10.922
s9234,co_wear,0.750000,combined,16,1.000000,211,1.000000,0.000000,3539659,0.509650,0.526461,0.000062,0.032986,0.525637,0.000053,35,-0.092529,1,1,0.009,12.000
s9234,co_wear,1.000000,combined,16,0.050000,11,0.174766,0.825234,9315,0.493484,0.508159,0.000112,0.029737,0.493484,0.000000,0,-1.041991,0,0,0.011,0.135
s9234,co_wear,1.000000,combined,16,0.100000,21,0.287660,0.712340,33606,0.488488,0.504274,0.000107,0.032316,0.491644,0.000002,1,-0.909551,0,0,0.008,0.396
s9234,co_wear,1.000000,combined,16,0.150000,32,0.387164,0.612836,79289,0.496350,0.513622,0.000107,0.034797,0.504044,0.000016,0,-0.828215,0,0,0.008,0.810
s9234,co_wear,1.000000,combined,16,0.200000,42,0.454000,0.546000,130591,0.474559,0.487485,0.000056,0.027238,0.481447,0.000029,7,-0.600626,1,1,0.008,1.275
s9234,co_wear,1.000000,combined,16,0.250000,53,0.538843,0.461157,214119,0.488629,0.498791,0.000021,0.020797,0.493340,0.000011,9,-0.460508,0,0,0.008,1.899
s9234,co_wear,1.000000,combined,16,0.300000,63,0.597484,0.402516,300426,0.485212,0.492470,0.000011,0.014959,0.488400,0.000004,9,-0.371342,1,1,0.008,2.540
s9234,co_wear,1.000000,combined,16,0.350000,74,0.630613,0.369387,417855,0.489145,0.496881,0.000013,0.015816,0.491689,0.000003,11,-0.349264,1,1,0.008,3.220
s9234,co_wear,1.000000,combined,16,0.400000,84,0.648159,0.351841,546903,0.496852,0.503663,0.000008,0.013708,0.499566,0.000003,15,-0.335957,0,0,0.008,3.968
s9234,co_wear,1.000000,combined,16,0.450000,95,0.696179,0.303821,698620,0.496214,0.502497,0.000011,0.012661,0.499890,0.000004,19,-0.291850,0,0,0.009,4.876
s9234,co_wear,1.000000,combined,16,0.500000,106,0.730809,0.269191,870552,0.496659,0.502117,0.000007,0.010988,0.499263,0.000003,14,-0.249953,0,0,0.009,5.854
s9234,co_wear,1.000000,combined,16,0.550000,116,0.765555,0.234445,1036884,0.493958,0.500497,0.000008,0.013240,0.497879,0.000003,15,-0.211494,1,1,0.009,6.877
s9234,co_wear,1.000000,combined,16,0.600000,127,0.793951,0.206049,1248415,0.496166,0.502423,0.000007,0.012610,0.500132,0.000004,24,-0.186730,0,0,0.009,5.574
s9234,co_wear,1.000000,combined,16,0.650000,137,0.811035,0.188965,1447852,0.494491,0.501918,0.000009,0.015020,0.500406,0.000005,26,-0.171891,1,1,0.011,5.740
s9234,co_wear,1.000000,combined,16,0.700000,148,0.823271,0.176729,1693016,0.495465,0.502729,0.000011,0.014660,0.501391,0.000007,30,-0.164865,1,1,0.010,6.274
s9234,co_wear,1.000000,combined,16,0.750000,158,0.830890,0.169110,1943047,0.498936,0.505315,0.000012,0.012786,0.504047,0.000009,37,-0.166225,1,1,0.009,6.985
s9234,co_wear,1.000000,combined,16,0.800000,169,0.866674,0.133326,2227882,0.500028,0.509483,0.000018,0.018909,0.507833,0.000012,27,-0.147034,1,1,0.009,7.963
s9234,co_wear,1.000000,combined,16,0.850000,179,0.915849,0.084151,2504167,0.500994,0.513931,0.000028,0.025822,0.512845,0.000020,22,-0.126153,1,1,0.008,8.799
s9234,co_wear,1.000000,combined,16,0.900000,190,0.976452,0.023548,2837786,0.503904,0.517645,0.000034,0.027269,0.516913,0.000026,28,-0.086120,1,1,0.009,9.728
s9234,co_wear,1.000000,combined,16,0.950000,200,0.994690,0.005310,3161083,0.506584,0.522981,0.000047,0.032368,0.521725,0.000039,31,-0.104114,1,1,0.009,10.693
s9234,co_wear,1.000000,combined,16,1.000000,211,1.000000,0.000000,3539659,0.509650,0.526461,0.000062,0.032986,0.525637,0.000053,35,-0.138898,1,1,0.009,11.708
s9234,co_wear_leveling,0.000000,combined,16,0.050000,11,0.194967,0.805033,9549,0.505880,0.516317,0.000067,0.020630,0.505880,0.000000,0,-0.979166,0,0,0.249,0.099
s9234,co_wear_leveling,0.000000,combined,16,0.100000,21,0.318135,0.681865,32791,0.476641,0.492674,0.000058,0.033637,0.477469,0.000002,1,-0.779220,0,1,0.599,0.283
s9234,co_wear_leveling,0.000000,combined,16,0.150000,32,0.441995,0.558005,78869,0.493721,0.506010,0.000042,0.024889,0.494466,0.000001,3,-0.641119,0,0,1.372,0.561
s9234,co_wear_leveling,0.000000,combined,16,0.200000,42,0.539536,0.460464,134235,0.487801,0.495879,0.000030,0.016561,0.491930,0.000003,6,-0.492656,0,0,2.455,0.874
s9234,co_wear_leveling,0.000000,combined,16,0.250000,53,0.638693,0.361307,211006,0.481525,0.491171,0.000036,0.020033,0.488147,0.000009,7,-0.402074,1,0,3.896,1.289
s9234,co_wear_leveling,0.000000,combined,16,0.300000,63,0.719035,0.280965,297967,0.481241,0.492979,0.000053,0.024392,0.490773,0.000021,10,-0.370927,1,1,5.376,1.843
s9234,co_wear_leveling,0.000000,combined,16,0.350000,74,0.784717,0.215283,416713,0.487808,0.498874,0.000042,0.022685,0.496817,0.000017,10,-0.286141,1,0,6.900,2.441
s9234,co_wear_leveling,0.000000,combined,16,0.400000,84,0.832506,0.167494,532462,0.483733,0.500534,0.000089,0.034733,0.498722,0.000062,16,-0.366363,0,1,8.757,2.504
s9234,co_wear_leveling,0.000000,combined,16,0.450000,95,0.877987,0.122013,691032,0.490825,0.502632,0.000041,0.024055,0.501560,0.000024,15,-0.196168,0,0,10.965,3.002
s9234,co_wear_leveling,0.000000,combined,16,0.500000,106,0.908692,0.091308,852578,0.486405,0.499335,0.000044,0.026583,0.498190,0.000034,19,-0.165995,1,1,13.107,3.566
s9234,co_wear_leveling,0.000000,combined,16,0.550000,116,0.927161,0.072839,1023792,0.487721,0.501824,0.000052,0.028916,0.500777,0.000042,20,-0.174338,1,1,15.530,4.171
s9234,co_wear_leveling,0.000000,combined,16,0.600000,127,0.944707,0.055293,1236910,0.491593,0.503887,0.000034,0.025007,0.501672,0.000029,24,-0.110802,1,1,17.831,5.064
s9234,co_wear_leveling,0.000000,combined,16,0.650000,137,0.958559,0.041441,1451610,0.495775,0.504726,0.000016,0.018055,0.502673,0.000013,21,-0.051839,1,1,19.503,5.446
s9234,co_wear_leveling,0.000000,combined,16,0.700000,148,0.971603,0.028397,1701994,0.498092,0.509226,0.000022,0.022351,0.507141,0.000020,26,-0.062416,1,1,21.720,6.242
s9234,co_wear_leveling,0.000000,combined,16,0.750000,158,0.982223,0.017777,1958384,0.502874,0.512618,0.000016,0.019376,0.510942,0.000013,25,-0.040729,1,1,23.837,7.003
s9234,co_wear_leveling,0.000000,combined,16,0.800000,169,0.991804,0.008196,2242059,0.503210,0.517638,0.000038,0.028672,0.516071,0.000033,28,-0.098784,1,1,25.423,7.902
s9234,co_wear_leveling,0.000000,combined,16,0.850000,179,0.994921,0.005079,2538350,0.507833,0.519947,0.000031,0.023854,0.518985,0.000026,30,-0.082842,1,1,26.763,8.740
s9234,co_wear_leveling,0.000000,combined,16,0.900000,190,0.997460,0.002540,2868127,0.509292,0.524865,0.000056,0.030578,0.523958,0.000047,32,-0.156377,1,1,28.032,9.781
s9234,co_wear_leveling,0.000000,combined,16,0.950000,200,0.998730,0.001270,3178293,0.509342,0.527660,0.000080,0.035965,0.526791,0.000069,35,-0.227181,0,1,28.711,10.696
s9234,co_wear_leveling,0.000000,combined,16,1.000000,211,1.000000,0.000000,3539659,0.509650,0.526461,0.000062,0.032986,0.525637,0.000053,35,-0.173944,1,1,30.120,12.238
s9234,co_wear_leveling,0.250000,combined,16,0.050000,11,0.194967,0.805033,9549,0.505880,0.516317,0.000067,0.020630,0.505880,0.000000,0,-0.979898,0,0,0.247,0.099
s9234,co_wear_leveling,0.250000,combined,16,0.100000,21,0.318135,0.681865,32791,0.476641,0.492674,0.000058,0.033637,0.477469,0.000002,1,-0.779923,0,1,0.608,0.352
s9234,co_wear_leveling,0.250000,combined,16,0.150000,32,0.441995,0.558005,80413,0.503387,0.516426,0.000047,0.025904,0.504883,0.000001,3,-0.675145,0,0,1.413,0.563
s9234,co_wear_leveling,0.250000,combined,16,0.200000,42,0.539536,0.460464,134235,0.487801,0.495879,0.000030,0.016561,0.491930,0.000003,6,-0.493357,0,0,2.461,0.916
s9234,co_wear_leveling,0.250000,combined,16,0.250000,53,0.638693,0.361307,211006,0.481525,0.491171,0.000036,0.020033,0.488147,0.000009,7,-0.402770,1,1,3.900,1.396
s9234,co_wear_leveling,0.250000,combined,16,0.300000,63,0.719035,0.280965,298490,0.482086,0.496235,0.000070,0.029351,0.493036,0.000024,9,-0.422022,1,1,5.495,1.864
s9234,co_wear_leveling,0.250000,combined,16,0.350000,74,0.784717,0.215283,416713,0.487808,0.498874,0.000042,0.022685,0.496817,0.000017,10,-0.286849,1,0,6.900,2.505
s9234,co_wear_leveling,0.250000,combined,16,0.400000,84,0.832506,0.167494,532462,0.483733,0.500534,0.000089,0.034733,0.498722,0.000062,16,-0.367078,0,1,8.673,2.505
s9234,co_wear_leveling,0.250000,combined,16,0.450000,95,0.877987,0.122013,691032,0.490825,0.502632,0.000041,0.024055,0.501560,0.000024,15,-0.196882,0,0,10.685,3.040
s9234,co_wear_leveling,0.250000,combined,16,0.500000,106,0.908692,0.091308,852578,0.486405,0.499335,0.000044,0.026583,0.498190,0.000034,19,-0.166705,1,1,13.216,3.583
s9234,co_wear_leveling,0.250000,combined,16,0.550000,116,0.927161,0.072839,1023792,0.487721,0.501824,0.000052,0.028916,0.500777,0.000042,20,-0.175052,1,1,15.207,4.156
s9234,co_wear_leveling,0.250000,combined,16,0.600000,127,0.944707,0.055293,1241705,0.493499,0.503584,0.000023,0.020435,0.501432,0.000018,20,-0.081421,1,1,18.016,5.062
s9234,co_wear_leveling,0.250000,combined,16,0.650000,137,0.958559,0.041441,1450660,0.495450,0.504726,0.000016,0.018722,0.502731,0.000013,21,-0.051885,1,1,20.662,5.765
s9234,co_wear_leveling,0.250000,combined,16,0.700000,148,0.971603,0.028397,1706230,0.499332,0.509399,0.000017,0.020160,0.507498,0.000014,23,-0.049918,1,1,23.066,6.587
s9234,co_wear_leveling,0.250000,combined,16,0.750000,158,0.982223,0.017777,1959275,0.503103,0.515539,0.000026,0.024719,0.513903,0.000022,25,-0.073923,1,1,24.409,6.979
s9234,co_wear_leveling,0.250000,combined,16,0.800000,169,0.991804,0.008196,2242059,0.503210,0.517638,0.000038,0.028672,0.516071,0.000033,28,-0.099521,1,1,25.712,7.945
s9234,co_wear_leveling,0.250000,combined,16,0.850000,179,0.994921,0.005079,2525765,0.505315,0.519804,0.000036,0.028673,0.518362,0.000031,28,-0.094724,1,1,27.072,8.703
s9234,co_wear_leveling,0.250000,combined,16,0.900000,190,0.997460,0.002540,2872357,0.510043,0.525810,0.000053,0.030913,0.524888,0.000045,31,-0.152572,0,0,28.135,9.770
s9234,co_wear_leveling,0.250000,combined,16,0.950000,200,0.998730,0.001270,3166470,0.507447,0.524776,0.000066,0.034148,0.523948,0.000055,33,-0.181974,1,1,28.967,10.795
s9234,co_wear_leveling,0.250000,combined,16,1.000000,211,1.000000,0.000000,3539659,0.509650,0.526461,0.000062,0.032986,0.525637,0.000053,35,-0.174695,1,1,29.021,11.770
s9234,co_wear_leveling,0.500000,combined,16,0.050000,11,0.194967,0.805033,9549,0.505880,0.516317,0.000067,0.020630,0.505880,0.000000,0,-0.979898,0,0,0.245,0.099
s9234,co_wear_leveling,0.500000,combined,16,0.100000,21,0.318135,0.681865,32791,0.476641,0.492674,0.000058,0.033637,0.477469,0.000002,1,-0.779923,0,1,0.602,0.280
s9234,co_wear_leveling,0.500000,combined,16,0.150000,32,0.441995,0.558005,80413,0.503387,0.516426,0.000047,0.025904,0.504883,0.000001,3,-0.675145,0,0,1.389,0.556
s9234,co_wear_leveling,0.500000,combined,16,0.200000,42,0.539536,0.460464,134235,0.487801,0.495879,0.000030,0.016561,0.491930,0.000003,6,-0.493357,0,0,2.436,0.877
s9234,co_wear_leveling,0.500000,combined,16,0.250000,53,0.638693,0.361307,211006,0.481525,0.491171,0.000036,0.020033,0.488147,0.000009,7,-0.402770,1,1,3.865,1.367
s9234,co_wear_leveling,0.500000,combined,16,0.300000,63,0.719035,0.280965,298490,0.482086,0.496235,0.000070,0.029351,0.493036,0.000024,9,-0.422022,1,1,5.325,1.996
s9234,co_wear_leveling,0.500000,combined,16,0.350000,74,0.784717,0.215283,416713,0.487808,0.498874,0.000042,0.022685,0.496817,0.000017,10,-0.286849,1,0,7.167,2.462
s9234,co_wear_leveling,0.500000,combined,16,0.400000,84,0.832506,0.167494,532462,0.483733,0.500534,0.000089,0.034733,0.498722,0.000062,16,-0.367078,0,1,8.718,2.496
s9234,co_wear_leveling,0.500000,combined,16,0.450000,95,0.877987,0.122013,691032,0.490825,0.502632,0.000041,0.024055,0.501560,0.000024,15,-0.196882,0,0,10.634,3.011
s9234,co_wear_leveling,0.500000,combined,16,0.500000,106,0.908692,0.091308,852578,0.486405,0.499335,0.000044,0.026583,0.498190,0.000034,19,-0.166705,1,1,12.943,3.567
s9234,co_wear_leveling,0.500000,combined,16,0.550000,116,0.927161,0.072839,1023792,0.487721,0.501824,0.000052,0.028916,0.500777,0.000042,20,-0.175052,1,1,15.082,4.206
s9234,co_wear_leveling,0.500000,combined,16,0.600000,127,0.944707,0.055293,1241705,0.493499,0.503584,0.000023,0.020435,0.501432,0.000018,20,-0.081421,1,1,17.791,4.943
s9234,co_wear_leveling,0.500000,combined,16,0.650000,137,0.958559,0.041441,1450660,0.495450,0.504726,0.000016,0.018722,0.502731,0.000013,21,-0.051885,1,1,19.932,5.654
s9234,co_wear_leveling,0.500000,combined,16,0.700000,148,0.971603,0.028397,1706230,0.499332,0.509399,0.000017,0.020160,0.507498,0.000014,23,-0.049918,1,1,22.017,6.496
s9234,co_wear_leveling,0.500000,combined,16,0.750000,158,0.982223,0.017777,1959275,0.503103,0.515539,0.000026,0.024719,0.513903,0.000022,25,-0.073923,1,1,24.892,7.032
s9234,co_wear_leveling,0.500000,combined,16,0.800000,169,0.991804,0.008196,2242059,0.503210,0.517638,0.000038,0.028672,0.516071,0.000033,28,-0.099521,1,1,25.597,7.967
s9234,co_wear_leveling,0.500000,combined,16,0.850000,179,0.994921,0.005079,2525765,0.505315,0.519804,0.000036,0.028673,0.518362,0.000031,28,-0.094724,1,1,28.080,9.232
s9234,co_wear_leveling,0.500000,combined,16,0.900000,190,0.997460,0.002540,2872357,0.510043,0.525810,0.000053,0.030913,0.524888,0.000045,31,-0.152572,0,0,29.733,10.327
s9234,co_wear_leveling,0.500000,combined,16,0.950000,200,0.998730,0.001270,3166470,0.507447,0.524776,0.000066,0.034148,0.523948,0.000055,33,-0.181974,1,1,29.991,10.835
s9234,co_wear_leveling,0.500000,combined,16,1.000000,211,1.000000,0.000000,3539659,0.509650,0.526461,0.000062,0.032986,0.525637,0.000053,35,-0.174695,1,1,29.041,11.852
s9234,co_wear_leveling,0.750000,combined,16,0.050000,11,0.194967,0.805033,9549,0.505880,0.516317,0.000067,0.020630,0.505880,0.000000,0,-0.979898,0,0,0.235,0.100
s9234,co_wear_leveling,0.750000,combined,16,0.100000,21,0.318135,0.681865,32791,0.476641,0.492674,0.000058,0.033637,0.477469,0.000002,1,-0.779923,0,1,0.612,0.278
s9234,co_wear_leveling,0.750000,combined,16,0.150000,32,0.441995,0.558005,80413,0.503387,0.516426,0.000047,0.025904,0.504883,0.000001,3,-0.675145,0,0,1.394,0.574
s9234,co_wear_leveling,0.750000,combined,16,0.200000,42,0.539536,0.460464,134235,0.487801,0.495879,0.000030,0.016561,0.491930,0.000003,6,-0.493357,0,0,2.538,0.884
s9234,co_wear_leveling,0.750000,combined,16,0.250000,53,0.638693,0.361307,211006,0.481525,0.491171,0.000036,0.020033,0.488147,0.000009,7,-0.402770,1,1,3.952,1.463
s9234,co_wear_leveling,0.750000,combined,16,0.300000,63,0.719035,0.280965,298490,0.482086,0.496235,0.000070,0.029351,0.493036,0.000024,9,-0.422022,1,1,5.289,1.959
s9234,co_wear_leveling,0.750000,combined,16,0.350000,74,0.784717,0.215283,416713,0.487808,0.498874,0.000042,0.022685,0.496817,0.000017,10,-0.286849,1,0,7.055,2.517
s9234,co_wear_leveling,0.750000,combined,16,0.400000,84,0.832506,0.167494,532462,0.483733,0.500534,0.000089,0.034733,0.498722,0.000062,16,-0.367078,0,1,8.700,2.449
s9234,co_wear_leveling,0.750000,combined,16,0.450000,95,0.877987,0.122013,691032,0.490825,0.502632,0.000041,0.024055,0.501560,0.000024,15,-0.196882,0,0,10.771,2.994
s9234,co_wear_leveling,0.750000,combined,16,0.500000,106,0.908692,0.091308,852578,0.486405,0.499335,0.000044,0.026583,0.498190,0.000034,19,-0.166705,1,1,13.158,3.633
s9234,co_wear_leveling,0.750000,combined,16,0.550000,116,0.927161,0.072839,1023792,0.487721,0.501824,0.000052,0.028916,0.500777,0.000042,20,-0.175052,1,1,15.341,4.400
s9234,co_wear_leveling,0.750000,combined,16,0.600000,127,0.944707,0.055293,1241705,0.493499,0.503584,0.000023,0.020435,0.501432,0.000018,20,-0.081421,1,1,18.398,5.079
s9234,co_wear_leveling,0.750000,combined,16,0.650000,137,0.958559,0.041441,1450660,0.495450,0.504726,0.000016,0.018722,0.502731,0.000013,21,-0.051885,1,1,20.797,5.494
s9234,co_wear_leveling,0.750000,combined,16,0.700000,148,0.971603,0.028397,1706230,0.499332,0.509399,0.000017,0.020160,0.507498,0.000014,23,-0.049918,1,1,21.740,6.377
s9234,co_wear_leveling,0.750000,combined,16,0.750000,158,0.982223,0.017777,1959275,0.503103,0.515539,0.000026,0.024719,0.513903,0.000022,25,-0.073923,1,1,24.892,7.391
s9234,co_wear_leveling,0.750000,combined,16,0.800000,169,0.991804,0.008196,2242059,0.503210,0.517638,0.000038,0.028672,0.516071,0.000033,28,-0.099521,1,1,27.229,8.282
s9234,co_wear_leveling,0.750000,combined,16,0.850000,179,0.994921,0.005079,2525765,0.505315,0.519804,0.000036,0.028673,0.518362,0.000031,28,-0.094724,1,1,27.377,8.941
s9234,co_wear_leveling,0.750000,combined,16,0.900000,190,0.997460,0.002540,2872357,0.510043,0.525810,0.000053,0.030913,0.524888,0.000045,31,-0.152572,0,0,28.673,9.887
s9234,co_wear_leveling,0.750000,combined,16,0.950000,200,0.998730,0.001270,3166470,0.507447,0.524776,0.000066,0.034148,0.523948,0.000055,33,-0.181974,1,1,28.793,11.052
s9234,co_wear_leveling,0.750000,combined,16,1.000000,211,1.000000,0.000000,3539659,0.509650,0.526461,0.000062,0.032986,0.525637,0.000053,35,-0.174695,1,1,29.361,11.940
s9234,co_wear_leveling,1.000000,combined,16,0.050000,11,0.194967,0.805033,9549,0.505880,0.516317,0.000067,0.020630,0.505880,0.000000,0,-0.979898,0,0,0.249,0.099
s9234,co_wear_leveling,1.000000,combined,16,0.100000,21,0.318135,0.681865,32791,0.476641,0.492674,0.000058,0.033637,0.477469,0.000002,1,-0.779923,0,1,0.595,0.279
s9234,co_wear_leveling,1.000000,combined,16,0.150000,32,0.441995,0.558005,80413,0.503387,0.516426,0.000047,0.025904,0.504883,0.000001,3,-0.675145,0,0,1.362,0.569
s9234,co_wear_leveling,1.000000,combined,16,0.200000,42,0.539536,0.460464,134235,0.487801,0.495879,0.000030,0.016561,0.491930,0.000003,6,-0.493357,0,0,2.443,0.912
s9234,co_wear_leveling,1.000000,combined,16,0.250000,53,0.638693,0.361307,211006,0.481525,0.491171,0.000036,0.020033,0.488147,0.000009,7,-0.402770,1,1,3.955,1.313
s9234,co_wear_leveling,1.000000,combined,16,0.300000,63,0.719035,0.280965,298490,0.482086,0.496235,0.000070,0.029351,0.493036,0.000024,9,-0.422022,1,1,5.351,1.947
s9234,co_wear_leveling,1.000000,combined,16,0.350000,74,0.784717,0.215283,416713,0.487808,0.498874,0.000042,0.022685,0.496817,0.000017,10,-0.286849,1,0,7.090,2.706
s9234,co_wear_leveling,1.000000,combined,16,0.400000,84,0.832506,0.167494,532462,0.483733,0.500534,0.000089,0.034733,0.498722,0.000062,16,-0.367078,0,1,9.024,2.634
s9234,co_wear_leveling,1.000000,combined,16,0.450000,95,0.877987,0.122013,691032,0.490825,0.502632,0.000041,0.024055,0.501560,0.000024,15,-0.196882,0,0,11.347,3.173
s9234,co_wear_leveling,1.000000,combined,16,0.500000,106,0.908692,0.091308,852578,0.486405,0.499335,0.000044,0.026583,0.498190,0.000034,19,-0.166705,1,1,13.179,3.565
s9234,co_wear_leveling,1.000000,combined,16,0.550000,116,0.927161,0.072839,1023792,0.487721,0.501824,0.000052,0.028916,0.500777,0.000042,20,-0.175052,1,1,15.082,4.123
s9234,co_wear_leveling,1.000000,combined,16,0.600000,127,0.944707,0.055293,1241705,0.493499,0.503584,0.000023,0.020435,0.501432,0.000018,20,-0.081421,1,1,18.504,5.080
s9234,co_wear_leveling,1.000000,combined,16,0.650000,137,0.958559,0.041441,1450660,0.495450,0.504726,0.000016,0.018722,0.502731,0.000013,21,-0.051885,1,1,19.765,5.539
s9234,co_wear_leveling,1.000000,combined,16,0.700000,148,0.971603,0.028397,1706230,0.499332,0.509399,0.000017,0.020160,0.507498,0.000014,23,-0.049918,1,1,22.122,6.582
s9234,co_wear_leveling,1.000000,combined,16,0.750000,158,0.982223,0.017777,1959275,0.503103,0.515539,0.000026,0.024719,0.513903,0.000022,25,-0.073923,1,1,25.024,7.448
s9234,co_wear_leveling,1.000000,combined,16,0.800000,169,0.991804,0.008196,2242059,0.503210,0.517638,0.000038,0.028672,0.516071,0.000033,28,-0.099521,1,1,25.930,7.910
s9234,co_wear_leveling,1.000000,combined,16,0.850000,179,0.994921,0.005079,2525765,0.505315,0.519804,0.000036,0.028673,0.518362,0.000031,28,-0.094724,1,1,26.910,8.757
s9234,co_wear_leveling,1.000000,combined,16,0.900000,190,0.997460,0.002540,2872357,0.510043,0.525810,0.000053,0.030913,0.524888,0.000045,31,-0.152572,0,0,28.700,10.303
s9234,co_wear_leveling,1.000000,combined,16,0.950000,200,0.998730,0.001270,3166470,0.507447,0.524776,0.000066,0.034148,0.523948,0.000055,33,-0.181974,1,1,30.158,11.109
s9234,co_wear_leveling,1.000000,combined,16,1.000000,211,1.000000,0.000000,3539659,0.509650,0.526461,0.000062,0.032986,0.525637,0.000053,35,-0.174695,1,1,28.975,11.731
s9234,random,0.500000,combined,16,0.050000,11,0.066605,0.933395,9034,0.478597,0.494755,0.000047,0.033761,0.478597,0.000000,0,-0.945707,0,0,0.004,0.103
s9234,random,0.500000,combined,16,0.100000,21,0.142099,0.857901,33289,0.483880,0.492979,0.000024,0.018805,0.485348,0.000000,0,-0.838695,0,0,0.003,0.292
s9234,random,0.500000,combined,16,0.150000,32,0.169456,0.830544,75774,0.474346,0.485176,0.000068,0.022831,0.480181,0.000010,2,-0.863506,1,1,0.003,0.585
s9234,random,0.500000,combined,16,0.200000,42,0.201893,0.798107,135688,0.493081,0.513126,0.000160,0.040652,0.506277,0.000102,8,-1.019186,0,0,0.003,0.913
s9234,random,0.500000,combined,16,0.250000,53,0.234676,0.765324,213506,0.487230,0.502419,0.000064,0.031175,0.498405,0.000043,9,-0.820387,0,0,0.004,1.533
s9234,random,0.500000,combined,16,0.300000,63,0.271730,0.728270,300129,0.484733,0.495421,0.000053,0.022051,0.493259,0.000019,11,-0.756719,1,1,0.005,2.009
s9234,random,0.500000,combined,16,0.350000,74,0.334295,0.665705,419287,0.490821,0.502685,0.000037,0.024172,0.495782,0.000013,14,-0.682074,1,1,0.004,2.555
s9234,random,0.500000,combined,16,0.400000,84,0.363615,0.636385,543537,0.493794,0.506487,0.000039,0.025704,0.500777,0.000017,17,-0.662733,1,0,0.005,2.663
s9234,random,0.500000,combined,16,0.450000,95,0.397553,0.602447,700086,0.497255,0.510189,0.000046,0.026010,0.507802,0.000022,9,-0.647082,0,0,0.004,3.226
s9234,random,0.500000,combined,16,0.500000,106,0.429990,0.570010,867696,0.495030,0.509615,0.000040,0.029464,0.507476,0.000022,12,-0.602551,0,0,0.005,3.946
s9234,random,0.500000,combined,16,0.550000,116,0.478933,0.521067,1036492,0.493771,0.509229,0.000046,0.031306,0.507187,0.000027,14,-0.560545,1,1,0.008,4.696
s9234,random,0.500000,combined,16,0.600000,127,0.524760,0.475240,1249700,0.496677,0.511054,0.000036,0.028947,0.508902,0.000022,14,-0.504353,1,1,0.007,5.155
s9234,random,0.500000,combined,16,0.650000,137,0.564123,0.435877,1469305,0.501818,0.515394,0.000033,0.027054,0.513598,0.000021,17,-0.469172,1,0,0.007,5.826
s9234,random,0.500000,combined,16,0.700000,148,0.645504,0.354496,1711936,0.501002,0.516675,0.000040,0.031284,0.515013,0.000028,19,-0.399066,1,1,0.006,6.581
s9234,random,0.500000,combined,16,0.750000,158,0.699988,0.300012,1968158,0.505384,0.519109,0.000030,0.027158,0.517570,0.000022,21,-0.336237,0,0,0.007,7.441
s9234,random,0.500000,combined,16,0.800000,169,0.766824,0.233176,2240854,0.502939,0.518889,0.000040,0.031714,0.517128,0.000028,24,-0.281079,1,1,0.007,8.444
s9234,random,0.500000,combined,16,0.850000,179,0.808842,0.191158,2528515,0.505865,0.521988,0.000042,0.031872,0.520663,0.000031,26,-0.248409,0,0,0.008,9.278
s9234,random,0.500000,combined,16,0.900000,190,0.860441,0.139559,2842088,0.504668,0.521660,0.000048,0.033670,0.520412,0.000037,28,-0.205809,1,1,0.008,10.399
s9234,random,0.500000,combined,16,0.950000,200,0.950133,0.049867,3156815,0.505900,0.523013,0.000052,0.033827,0.522151,0.000042,31,-0.124507,1,1,0.008,11.201
s9234,random,0.500000,combined,16,1.000000,211,1.000000,0.000000,3539659,0.509650,0.526461,0.000062,0.032986,0.525637,0.000053,35,-0.096882,1,1,0.008,12.007
s953,co,0.500000,combined,16,0.050000,1,0.361905,0.638095,27,0.303371,0.303371,0.000000,0.000000,0.303371,0.000000,0,-0.249300,1,1,0.005,0.005
s953,co,0.500000,combined,16,0.100000,3,0.685714,0.314286,385,0.480649,0.513109,0.000536,0.067532,0.480649,0.000000,0,-0.337849,0,0,0.002,0.020
s953,co,0.500000,combined,16,0.150000,4,0.723810,0.276190,597,0.419242,0.446629,0.000254,0.065327,0.419242,0.000000,0,-0.158691,0,0,0.001,0.032
s953,co,0.500000,combined,16,0.200000,6,0.780952,0.219048,1247,0.389201,0.417603,0.000226,0.072975,0.389201,0.000000,0,-0.040789,1,0,0.001,0.069
s953,co,0.500000,combined,16,0.250000,7,0.790476,0.209524,1697,0.389131,0.418941,0.000322,0.076606,0.389131,0.000000,0,-0.036692,1,0,0.001,0.093
s953,co,0.500000,combined,16,0.300000,9,0.809524,0.190476,2933,0.406853,0.448190,0.001393,0.101602,0.406853,0.000000,0,-0.111677,0,0,0.001,0.183
s953,co,0.500000,combined,16,0.350000,10,0.819048,0.180952,3539,0.397640,0.446067,0.002149,0.121786,0.397640,0.000000,0,-0.123733,0,0,0.001,0.203
s953,co,0.500000,combined,16,0.400000,12,0.838095,0.161905,5194,0.405275,0.467228,0.003650,0.152869,0.405275,0.000000,0,-0.199207,0,0,0.001,0.269
s953,co,0.500000,combined,16,0.450000,13,0.847619,0.152381,5881,0.390998,0.458946,0.004260,0.173780,0.390998,0.000000,0,-0.193568,0,0,0.001,0.289
s953,co,0.500000,combined,16,0.500000,15,0.866667,0.133333,7645,0.381773,0.460674,0.005391,0.206671,0.381773,0.000000,0,-0.216323,0,0,0.001,0.369
s953,co,0.500000,combined,16,0.550000,16,0.876190,0.123810,8939,0.392337,0.475421,0.005688,0.211769,0.392337,0.000000,0,-0.245217,0,0,0.001,0.385
s953,co,0.500000,combined,16,0.600000,17,0.885714,0.114286,9711,0.377551,0.463318,0.005659,0.227165,0.385121,0.000042,0,-0.207232,0,0,0.002,0.441
s953,co,0.500000,combined,16,0.650000,19,0.904762,0.095238,11737,0.365309,0.454760,0.005428,0.244867,0.384795,0.000174,1,-0.156932,0,0,0.002,0.493
s953,co,0.500000,combined,16,0.700000,20,0.914286,0.085714,12826,0.360281,0.450000,0.005080,0.249025,0.383532,0.000245,1,-0.122278,0,0,0.002,0.547
s953,co,0.500000,combined,16,0.750000,22,0.933333,0.066667,15703,0.364542,0.455056,0.004620,0.248297,0.394631,0.000412,2,-0.092340,0,0,0.002,0.642
s953,co,0.500000,combined,16,0.800000,23,0.942857,0.057143,17417,0.369937,0.460674,0.004423,0.245278,0.402876,0.000501,2,-0.085274,0,0,0.001,0.684
s953,co,0.500000,combined,16,0.850000,25,0.961905,0.038095,19740,0.354876,0.445393,0.004014,0.255066,0.392219,0.000661,2,-0.017694,0,0,0.002,0.780
s953,co,0.500000,combined,16,0.900000,26,0.971429,0.028571,20955,0.348298,0.438634,0.003841,0.259365,0.387505,0.000726,2,0.012870,0,0,0.001,0.459
s953,co,0.500000,combined,16,0.950000,28,0.990476,0.009524,23707,0.339759,0.428973,0.003445,0.262581,0.381496,0.000813,3,0.067610,0,0,0.000,0.178
s953,co,0.500000,combined,16,1.000000,29,1.000000,0.000000,24933,0.333111,0.421929,0.003302,0.266635,0.376090,0.000838,3,0.097197,1,1,0.000,0.188
s953,combined,0.500000,combined,16,0.050000,1,0.361905,0.638095,27,0.303371,0.303371,0.000000,0.000000,0.303371,0.000000,0,-0.249300,1,1,0.014,0.007
s953,combined,0.500000,combined,16,0.100000,3,0.685714,0.314286,385,0.480649,0.513109,0.000536,0.067532,0.480649,0.000000,0,-0.337849,0,0,0.003,0.033
s953,combined,0.500000,combined,16,0.150000,4,0.723810,0.276190,597,0.419242,0.446629,0.000254,0.065327,0.419242,0.000000,0,-0.158691,0,0,0.002,0.133
s953,combined,0.500000,combined,16,0.200000,6,0.780952,0.219048,1247,0.389201,0.417603,0.000226,0.072975,0.389201,0.000000,0,-0.040789,1,0,0.006,0.090
s953,combined,0.500000,combined,16,0.250000,7,0.790476,0.209524,1697,0.389131,0.418941,0.000322,0.076606,0.389131,0.000000,0,-0.036692,1,0,0.002,0.116
s953,combined,0.500000,combined,16,0.300000,9,0.809524,0.190476,2933,0.406853,0.448190,0.001393,0.101602,0.406853,0.000000,0,-0.111677,0,0,0.001,0.213
s953,combined,0.500000,combined,16,0.350000,10,0.819048,0.180952,3539,0.397640,0.446067,0.002149,0.121786,0.397640,0.000000,0,-0.123733,0,0,0.001,0.250
s953,combined,0.500000,combined,16,0.400000,12,0.838095,0.161905,5194,0.405275,0.467228,0.003650,0.152869,0.405275,0.000000,0,-0.199207,0,0,0.001,0.347
s953,combined,0.500000,combined,16,0.450000,13,0.847619,0.152381,5881,0.390998,0.458946,0.004260,0.173780,0.390998,0.000000,0,-0.193568,0,0,0.002,0.351
s953,combined,0.500000,combined,16,0.500000,15,0.866667,0.133333,7645,0.381773,0.460674,0.005391,0.206671,0.381773,0.000000,0,-0.216323,0,0,0.001,0.443
s953,combined,0.500000,combined,16,0.550000,16,0.876190,0.123810,8939,0.392337,0.475421,0.005688,0.211769,0.392337,0.000000,0,-0.245217,0,0,0.001,0.490
s953,combined,0.500000,combined,16,0.600000,17,0.885714,0.114286,9711,0.377551,0.463318,0.005659,0.227165,0.385121,0.000042,0,-0.207232,0,0,0.003,0.531
s953,combined,0.500000,combined,16,0.650000,19,0.904762,0.095238,11737,0.365309,0.454760,0.005428,0.244867,0.384795,0.000174,1,-0.156932,0,0,0.002,0.612
s953,combined,0.500000,combined,16,0.700000,20,0.914286,0.085714,12826,0.360281,0.450000,0.005080,0.249025,0.383532,0.000245,1,-0.122278,0,0,0.002,0.665
s953,combined,0.500000,combined,16,0.750000,22,0.933333,0.066667,15703,0.364542,0.455056,0.004620,0.248297,0.394631,0.000412,2,-0.092340,0,0,0.002,0.763
s953,combined,0.500000,combined,16,0.800000,23,0.942857,0.057143,17417,0.369937,0.460674,0.004423,0.245278,0.402876,0.000501,2,-0.085274,0,0,0.002,0.807
s953,combined,0.500000,combined,16,0.850000,25,0.961905,0.038095,19740,0.354876,0.445393,0.004014,0.255066,0.392219,0.000661,2,-0.017694,0,0,0.002,0.896
s953,combined,0.500000,combined,16,0.900000,26,0.971429,0.028571,20955,0.348298,0.438634,0.003841,0.259365,0.387505,0.000726,2,0.012870,0,0,0.002,0.947
s953,combined,0.500000,combined,16,0.950000,28,0.990476,0.009524,23707,0.339759,0.428973,0.003445,0.262581,0.381496,0.000813,3,0.067610,0,0,0.002,1.049
s953,combined,0.500000,combined,16,1.000000,29,1.000000,0.000000,24933,0.333111,0.421929,0.003302,0.266635,0.376090,0.000838,3,0.097197,1,1,0.002,1.097
s953,combined_wear,0.000000,combined,16,0.050000,1,0.361905,0.638095,27,0.303371,0.303371,0.000000,0.000000,0.303371,0.000000,0,-0.249300,1,1,0.008,0.005
s953,combined_wear,0.000000,combined,16,0.100000,3,0.685714,0.314286,385,0.480649,0.513109,0.000536,0.067532,0.480649,0.000000,0,-0.337849,0,0,0.002,0.020
s953,combined_wear,0.000000,combined,16,0.150000,4,0.723810,0.276190,597,0.419242,0.446629,0.000254,0.065327,0.419242,0.000000,0,-0.158691,0,0,0.001,0.030
s953,combined_wear,0.000000,combined,16,0.200000,6,0.780952,0.219048,1247,0.389201,0.417603,0.000226,0.072975,0.389201,0.000000,0,-0.040789,1,0,0.001,0.066
s953,combined_wear,0.000000,combined,16,0.250000,7,0.790476,0.209524,1697,0.389131,0.418941,0.000322,0.076606,0.389131,0.000000,0,-0.036692,1,0,0.001,0.093
s953,combined_wear,0.000000,combined,16,0.300000,9,0.809524,0.190476,2933,0.406853,0.448190,0.001393,0.101602,0.406853,0.000000,0,-0.111677,0,0,0.001,0.170
s953,combined_wear,0.000000,combined,16,0.350000,10,0.819048,0.180952,3539,0.397640,0.446067,0.002149,0.121786,0.397640,0.000000,0,-0.123733,0,0,0.001,0.196
s953,combined_wear,0.000000,combined,16,0.400000,12,0.838095,0.161905,5194,0.405275,0.467228,0.003650,0.152869,0.405275,0.000000,0,-0.199207,0,0,0.001,0.266
s953,combined_wear,0.000000,combined,16,0.450000,13,0.847619,0.152381,5881,0.390998,0.458946,0.004260,0.173780,0.390998,0.000000,0,-0.193568,0,0,0.001,0.282
s953,combined_wear,0.000000,combined,16,0.500000,15,0.866667,0.133333,7645,0.381773,0.460674,0.005391,0.206671,0.381773,0.000000,0,-0.216323,0,0,0.001,0.362
s953,combined_wear,0.000000,combined,16,0.550000,16,0.876190,0.123810,8939,0.392337,0.475421,0.005688,0.211769,0.392337,0.000000,0,-0.245217,0,0,0.001,0.396
s953,combined_wear,0.000000,combined,16,0.600000,17,0.885714,0.114286,9711,0.377551,0.463318,0.005659,0.227165,0.385121,0.000042,0,-0.207232,0,0,0.002,0.429
s953,combined_wear,0.000000,combined,16,0.650000,19,0.904762,0.095238,11737,0.365309,0.454760,0.005428,0.244867,0.384795,0.000174,1,-0.156932,0,0,0.002,0.494
s953,combined_wear,0.000000,combined,16,0.700000,20,0.914286,0.085714,12826,0.360281,0.450000,0.005080,0.249025,0.383532,0.000245,1,-0.122278,0,0,0.002,0.537
s953,combined_wear,0.000000,combined,16,0.750000,22,0.933333,0.066667,15703,0.364542,0.455056,0.004620,0.248297,0.394631,0.000412,2,-0.092340,0,0,0.002,0.636
s953,combined_wear,0.000000,combined,16,0.800000,23,0.942857,0.057143,17417,0.369937,0.460674,0.004423,0.245278,0.402876,0.000501,2,-0.085274,0,0,0.002,0.700
s953,combined_wear,0.000000,combined,16,0.850000,25,0.961905,0.038095,19740,0.354876,0.445393,0.004014,0.255066,0.392219,0.000661,2,-0.017694,0,0,0.002,0.772
s953,combined_wear,0.000000,combined,16,0.900000,26,0.971429,0.028571,20955,0.348298,0.438634,0.003841,0.259365,0.387505,0.000726,2,0.012870,0,0,0.002,0.810
s953,combined_wear,0.000000,combined,16,0.950000,28,0.990476,0.009524,23707,0.339759,0.428973,0.003445,0.262581,0.381496,0.000813,3,0.067610,0,0,0.002,0.914
s953,combined_wear,0.000000,combined,16,1.000000,29,1.000000,0.000000,24933,0.333111,0.421929,0.003302,0.266635,0.376090,0.000838,3,0.097197,1,1,0.002,0.988
s953,combined_wear,0.250000,combined,16,0.050000,1,0.361905,0.638095,27,0.303371,0.303371,0.000000,0.000000,0.303371,0.000000,0,-0.240544,1,1,0.003,0.001
s953,combined_wear,0.250000,combined,16,0.100000,3,0.609524,0.390476,376,0.469413,0.543071,0.005577,0.156915,0.469413,0.000000,0,-0.622298,0,0,0.001,0.008
s953,combined_wear,0.250000,combined,16,0.150000,4,0.619048,0.380952,547,0.384129,0.474719,0.006014,0.235832,0.384129,0.000000,0,-0.477180,0,0,0.001,0.012
s953,combined_wear,0.250000,combined,16,0.200000,6,0.638095,0.361905,1153,0.359863,0.417603,0.001494,0.160451,0.359863,0.000000,0,-0.191821,0,0,0.001,0.024
s953,combined_wear,0.250000,combined,16,0.250000,7,0.647619,0.352381,1469,0.336849,0.396469,0.001358,0.176991,0.336849,0.000000,0,-0.132645,0,0,0.001,0.028
s953,combined_wear,0.250000,combined,16,0.300000,9,0.742857,0.257143,2323,0.322236,0.380774,0.001382,0.181662,0.322236,0.000000,0,-0.008390,0,0,0.001,0.042
s953,combined_wear,0.250000,combined,16,0.350000,10,0.752381,0.247619,2825,0.317416,0.369663,0.001009,0.164602,0.317416,0.000000,0,0.031993,0,0,0.001,0.049
s953,combined_wear,0.250000,combined,16,0.400000,12,0.771429,0.228571,4062,0.316948,0.367978,0.000942,0.161004,0.316948,0.000000,0,0.055891,1,0,0.001,0.067
s953,combined_wear,0.250000,combined,16,0.450000,13,0.780952,0.219048,4705,0.312812,0.375972,0.001469,0.201913,0.312812,0.000000,0,0.040536,1,1,0.001,0.076
s953,combined_wear,0.250000,combined,16,0.500000,15,0.800000,0.200000,6857,0.342422,0.379775,0.000661,0.109086,0.342422,0.000000,0,0.058150,1,0,0.001,0.099
s953,combined_wear,0.250000,combined,16,0.550000,16,0.809524,0.190476,7939,0.348446,0.379916,0.000540,0.090314,0.348446,0.000000,0,0.066122,1,0,0.001,0.109
s953,combined_wear,0.250000,combined,16,0.600000,17,0.819048,0.180952,8961,0.348392,0.385327,0.000643,0.106015,0.351330,0.000007,0,0.066464,1,0,0.001,0.119
s953,combined_wear,0.250000,combined,16,0.650000,19,0.838095,0.161905,10841,0.337421,0.396807,0.001092,0.175999,0.345173,0.000044,1,0.067952,1,0,0.001,0.141
s953,combined_wear,0.250000,combined,16,0.700000,20,0.847619,0.152381,11690,0.328371,0.402809,0.001544,0.226689,0.339712,0.000095,1,0.062799,0,0,0.001,0.147
s953,combined_wear,0.250000,combined,16,0.750000,22,0.895238,0.104762,14033,0.325773,0.398876,0.001756,0.224400,0.342792,0.000177,2,0.108018,1,0,0.001,0.174
s953,combined_wear,0.250000,combined,16,0.800000,23,0.904762,0.095238,15217,0.323209,0.406937,0.002254,0.259052,0.344437,0.000272,2,0.092142,1,1,0.001,0.184
s953,combined_wear,0.250000,combined,16,0.850000,25,0.952381,0.047619,18489,0.332387,0.416629,0.002603,0.253448,0.360281,0.000426,2,0.106526,0,0,0.001,0.218
s953,combined_wear,0.250000,combined,16,0.900000,26,0.961905,0.038095,19992,0.332292,0.415298,0.002698,0.249800,0.362900,0.000500,2,0.113428,1,1,0.001,0.235
s953,combined_wear,0.250000,combined,16,0.950000,28,0.990476,0.009524,23295,0.333854,0.424157,0.003245,0.270487,0.373320,0.000739,3,0.109446,0,0,0.001,0.264
s953,combined_wear,0.250000,combined,16,1.000000,29,1.000000,0.000000,24933,0.333111,0.421929,0.003302,0.266635,0.376090,0.000838,3,0.119442,1,1,0.001,0.278
s953,combined_wear,0.500000,combined,16,0.050000,1,0.361905,0.638095,27,0.303371,0.303371,0.000000,0.000000,0.303371,0.000000,0,-0.240544,1,1,0.008,0.004
s953,combined_wear,0.500000,combined,16,0.100000,3,0.609524,0.390476,376,0.469413,0.543071,0.005577,0.156915,0.469413,0.000000,0,-0.622298,0,0,0.002,0.016
s953,combined_wear,0.500000,combined,16,0.150000,4,0.619048,0.380952,547,0.384129,0.474719,0.006014,0.235832,0.384129,0.000000,0,-0.477180,0,0,0.001,0.023
s953,combined_wear,0.500000,combined,16,0.200000,6,0.638095,0.361905,1153,0.359863,0.417603,0.001494,0.160451,0.359863,0.000000,0,-0.191821,0,0,0.001,0.050
s953,combined_wear,0.500000,combined,16,0.250000,7,0.647619,0.352381,1469,0.336849,0.396469,0.001358,0.176991,0.336849,0.000000,0,-0.132645,0,0,0.001,0.063
s953,combined_wear,0.500000,combined,16,0.300000,9,0.666667,0.333333,2396,0.332362,0.383271,0.000853,0.153172,0.332362,0.000000,0,-0.075685,1,0,0.001,0.103
s953,combined_wear,0.500000,combined,16,0.350000,10,0.676190,0.323810,2885,0.324157,0.385393,0.001090,0.188908,0.324157,0.000000,0,-0.069220,1,0,0.001,0.130
s953,combined_wear,0.500000,combined,16,0.400000,12,0.695238,0.304762,4088,0.318976,0.390449,0.001550,0.224070,0.318976,0.000000,0,-0.068436,0,0,0.001,0.267
s953,combined_wear,0.500000,combined,16,0.450000,13,0.704762,0.295238,5181,0.344458,0.386344,0.000665,0.121598,0.344458,0.000000,0,-0.045480,1,0,0.006,0.239
s953,combined_wear,0.500000,combined,16,0.500000,15,0.723810,0.276190,7212,0.360150,0.391760,0.000563,0.087770,0.360150,0.000000,0,-0.043916,1,0,0.003,0.310
s953,combined_wear,0.500000,combined,16,0.550000,16,0.733333,0.266667,8180,0.359024,0.393961,0.000654,0.097311,0.359024,0.000000,0,-0.039000,1,0,0.002,0.346
s953,combined_wear,0.500000,combined,16,0.600000,17,0.742857,0.257143,8902,0.346099,0.399868,0.000878,0.155358,0.349223,0.000011,0,-0.030445,1,0,0.003,0.371
s953,combined_wear,0.500000,combined,16,0.650000,19,0.761905,0.238095,10663,0.331881,0.408634,0.001435,0.231267,0.340146,0.000062,1,-0.027460,0,0,0.002,0.444
s953,combined_wear,0.500000,combined,16,0.700000,20,0.771429,0.228571,11562,0.324775,0.407303,0.001679,0.254108,0.336341,0.000103,1,-0.019313,1,0,0.002,0.482
s953,combined_wear,0.500000,combined,16,0.750000,22,0.866667,0.133333,13595,0.315605,0.411134,0.002404,0.302685,0.334174,0.000234,2,0.052052,1,1,0.003,0.578
s953,combined_wear,0.500000,combined,16,0.800000,23,0.876190,0.123810,15165,0.322104,0.423547,0.002746,0.314936,0.344559,0.000317,2,0.028996,0,1,0.003,0.629
s953,combined_wear,0.500000,combined,16,0.850000,25,0.923810,0.076190,18044,0.324387,0.413933,0.002766,0.276047,0.352837,0.000446,2,0.082206,1,1,0.003,0.769
s953,combined_wear,0.500000,combined,16,0.900000,26,0.961905,0.038095,19992,0.332292,0.415298,0.002698,0.249800,0.362900,0.000500,2,0.113428,1,1,0.003,0.834
s953,combined_wear,0.500000,combined,16,0.950000,28,0.990476,0.009524,23295,0.333854,0.424157,0.003245,0.270487,0.373320,0.000739,3,0.109446,0,0,0.003,0.951
s953,combined_wear,0.500000,combined,16,1.000000,29,1.000000,0.000000,24933,0.333111,0.421929,0.003302,0.266635,0.376090,0.000838,3,0.119442,1,1,0.003,1.001
s953,combined_wear,0.750000,combined,16,0.050000,1,0.361905,0.638095,27,0.303371,0.303371,0.000000,0.000000,0.303371,0.000000,0,-0.323996,1,1,0.011,0.005
s953,combined_wear,0.750000,combined,16,0.100000,3,0.380952,0.619048,322,0.401998,0.453184,0.001312,0.127329,0.401998,0.000000,0,-0.643030,0,0,0.003,0.024
s953,combined_wear,0.750000,combined,16,0.150000,4,0.390476,0.609524,569,0.399579,0.491573,0.005205,0.230228,0.399579,0.000000,0,-0.856515,0,0,0.002,0.032
s953,combined_wear,0.750000,combined,16,0.200000,6,0.409524,0.590476,1112,0.347066,0.370787,0.000592,0.068345,0.347066,0.000000,0,-0.427742,0,0,0.002,0.067
s953,combined_wear,0.750000,combined,16,0.250000,7,0.419048,0.580952,1445,0.331346,0.357945,0.000506,0.080277,0.331346,0.000000,0,-0.381478,1,0,0.002,0.092
s953,combined_wear,0.750000,combined,16,0.300000,9,0.666667,0.333333,2396,0.332362,0.383271,0.000853,0.153172,0.332362,0.000000,0,-0.177532,1,0,0.001,0.139
s953,combined_wear,0.750000,combined,16,0.350000,10,0.676190,0.323810,2885,0.324157,0.385393,0.001090,0.188908,0.324157,0.000000,0,-0.171336,1,0,0.002,0.168
s953,combined_wear,0.750000,combined,16,0.400000,12,0.695238,0.304762,4088,0.318976,0.390449,0.001550,0.224070,0.318976,0.000000,0,-0.173085,0,0,0.002,0.230
s953,combined_wear,0.750000,combined,16,0.450000,13,0.704762,0.295238,5181,0.344458,0.386344,0.000665,0.121598,0.344458,0.000000,0,-0.148569,1,0,0.002,0.278
s953,combined_wear,0.750000,combined,16,0.500000,15,0.723810,0.276190,7212,0.360150,0.391760,0.000563,0.087770,0.360150,0.000000,0,-0.149674,1,0,0.002,0.363
s953,combined_wear,0.750000,combined,16,0.550000,16,0.733333,0.266667,8180,0.359024,0.393961,0.000654,0.097311,0.359024,0.000000,0,-0.145357,1,0,0.002,0.411
s953,combined_wear,0.750000,combined,16,0.600000,17,0.742857,0.257143,8902,0.346099,0.399868,0.000878,0.155358,0.349223,0.000011,0,-0.136508,1,0,0.003,0.417
s953,combined_wear,0.750000,combined,16,0.650000,19,0.761905,0.238095,10663,0.331881,0.408634,0.001435,0.231267,0.340146,0.000062,1,-0.135424,0,0,0.002,0.495
s953,combined_wear,0.750000,combined,16,0.700000,20,0.771429,0.228571,11562,0.324775,0.407303,0.001679,0.254108,0.336341,0.000103,1,-0.127459,1,0,0.002,0.508
s953,combined_wear,0.750000,combined,16,0.750000,22,0.866667,0.133333,13595,0.315605,0.411134,0.002404,0.302685,0.334174,0.000234,2,-0.059505,1,1,0.002,0.595
s953,combined_wear,0.750000,combined,16,0.800000,23,0.876190,0.123810,15165,0.322104,0.423547,0.002746,0.314936,0.344559,0.000317,2,-0.087129,0,1,0.002,0.652
s953,combined_wear,0.750000,combined,16,0.850000,25,0.923810,0.076190,18044,0.324387,0.413933,0.002766,0.276047,0.352837,0.000446,2,-0.033529,1,1,0.003,0.757
s953,combined_wear,0.750000,combined,16,0.900000,26,0.933333,0.066667,19793,0.328984,0.429991,0.003324,0.307028,0.361846,0.000584,2,-0.072865,0,1,0.003,0.604
s953,combined_wear,0.750000,combined,16,0.950000,28,0.980952,0.019048,23447,0.336032,0.428170,0.003344,0.274193,0.375928,0.000757,3,-0.033103,0,0,0.001,0.177
s953,combined_wear,0.750000,combined,16,1.000000,29,1.000000,0.000000,24933,0.333111,0.421929,0.003302,0.266635,0.376090,0.000838,3,-0.002088,1,1,0.001,0.189
s953,combined_wear,1.000000,combined,16,0.050000,1,0.361905,0.638095,27,0.303371,0.303371,0.000000,0.000000,0.303371,0.000000,0,-0.323996,1,1,0.006,0.005
s953,combined_wear,1.000000,combined,16,0.100000,3,0.380952,0.619048,322,0.401998,0.453184,0.001312,0.127329,0.401998,0.000000,0,-0.643030,0,0,0.003,0.023
s953,combined_wear,1.000000,combined,16,0.150000,4,0.390476,0.609524,569,0.399579,0.491573,0.005205,0.230228,0.399579,0.000000,0,-0.856515,0,0,0.001,0.031
s953,combined_wear,1.000000,combined,16,0.200000,6,0.409524,0.590476,1112,0.347066,0.370787,0.000592,0.068345,0.347066,0.000000,0,-0.427742,0,0,0.001,0.066
s953,combined_wear,1.000000,combined,16,0.250000,7,0.419048,0.580952,1445,0.331346,0.357945,0.000506,0.080277,0.331346,0.000000,0,-0.381478,1,0,0.002,0.087
s953,combined_wear,1.000000,combined,16,0.300000,9,0.438095,0.561905,2382,0.330420,0.363296,0.000530,0.099496,0.330420,0.000000,0,-0.367837,1,0,0.002,0.129
s953,combined_wear,1.000000,combined,16,0.350000,10,0.447619,0.552381,2892,0.324944,0.365169,0.000732,0.123790,0.324944,0.000000,0,-0.363113,1,0,0.002,0.157
s953,combined_wear,1.000000,combined,16,0.400000,12,0.466667,0.533333,4610,0.359707,0.394195,0.000637,0.095879,0.359707,0.000000,0,-0.412268,1,0,0.002,0.264
s953,combined_wear,1.000000,combined,16,0.450000,13,0.476190,0.523810,5513,0.366531,0.407087,0.000737,0.110648,0.366531,0.000000,0,-0.429148,0,0,0.002,0.270
s953,combined_wear,1.000000,combined,16,0.500000,15,0.495238,0.504762,7163,0.357703,0.405243,0.000789,0.132905,0.357703,0.000000,0,-0.399763,0,0,0.002,0.355
s953,combined_wear,1.000000,combined,16,0.550000,16,0.504762,0.495238,8213,0.360472,0.403090,0.000756,0.118227,0.360472,0.000000,0,-0.389907,0,0,0.002,0.394
s953,combined_wear,1.000000,combined,16,0.600000,17,0.742857,0.257143,8902,0.346099,0.399868,0.000878,0.155358,0.349223,0.000011,0,-0.136508,1,0,0.002,0.422
s953,combined_wear,1.000000,combined,16,0.650000,19,0.761905,0.238095,10663,0.331881,0.408634,0.001435,0.231267,0.340146,0.000062,1,-0.135424,0,0,0.002,0.481
s953,combined_wear,1.000000,combined,16,0.700000,20,0.771429,0.228571,11562,0.324775,0.407303,0.001679,0.254108,0.336341,0.000103,1,-0.127459,1,0,0.002,0.522
s953,combined_wear,1.000000,combined,16,0.750000,22,0.790476,0.209524,13852,0.321571,0.427477,0.002575,0.329339,0.340462,0.000244,2,-0.167976,0,1,0.003,0.600
s953,combined_wear,1.000000,combined,16,0.800000,23,0.876190,0.123810,15165,0.322104,0.423547,0.002746,0.314936,0.344559,0.000317,2,-0.087129,0,1,0.002,0.644
s953,combined_wear,1.000000,combined,16,0.850000,25,0.895238,0.104762,18001,0.323613,0.437303,0.003483,0.351314,0.354157,0.000521,2,-0.119373,0,1,0.002,0.750
s953,combined_wear,1.000000,combined,16,0.900000,26,0.933333,0.066667,19793,0.328984,0.429991,0.003324,0.307028,0.361846,0.000584,2,-0.072865,0,1,0.002,0.807
s953,combined_wear,1.000000,combined,16,0.950000,28,0.980952,0.019048,23447,0.336032,0.428170,0.003344,0.274193,0.375928,0.000757,3,-0.033103,0,0,0.002,0.937
s953,combined_wear,1.000000,combined,16,1.000000,29,1.000000,0.000000,24933,0.333111,0.421929,0.003302,0.266635,0.376090,0.000838,3,-0.002088,1,1,0.003,0.932
s953,combined_wear_leveling,0.000000,combined,16,0.050000,1,0.361905,0.638095,27,0.303371,0.303371,0.000000,0.000000,0.303371,0.000000,0,-0.249300,1,1,0.014,0.005
s953,combined_wear_leveling,0.000000,combined,16,0.100000,3,0.685714,0.314286,385,0.480649,0.513109,0.000536,0.067532,0.480649,0.000000,0,-0.337849,0,0,0.026,0.018
s953,combined_wear_leveling,0.000000,combined,16,0.150000,4,0.723810,0.276190,597,0.419242,0.446629,0.000254,0.065327,0.419242,0.000000,0,-0.158691,0,0,0.051,0.031
s953,combined_wear_leveling,0.000000,combined,16,0.200000,6,0.780952,0.219048,1247,0.389201,0.417603,0.000226,0.072975,0.389201,0.000000,0,-0.040789,1,0,0.055,0.065
s953,combined_wear_leveling,0.000000,combined,16,0.250000,7,0.790476,0.209524,1697,0.389131,0.418941,0.000322,0.076606,0.389131,0.000000,0,-0.036692,1,0,0.067,0.092
s953,combined_wear_leveling,0.000000,combined,16,0.300000,9,0.809524,0.190476,2933,0.406853,0.448190,0.001393,0.101602,0.406853,0.000000,0,-0.111677,0,0,0.093,0.202
s953,combined_wear_leveling,0.000000,combined,16,0.350000,10,0.819048,0.180952,3539,0.397640,0.446067,0.002149,0.121786,0.397640,0.000000,0,-0.123733,0,0,0.106,0.191
s953,combined_wear_leveling,0.000000,combined,16,0.400000,12,0.838095,0.161905,5194,0.405275,0.467228,0.003650,0.152869,0.405275,0.000000,0,-0.199207,0,0,0.141,0.256
s953,combined_wear_leveling,0.000000,combined,16,0.450000,13,0.847619,0.152381,5881,0.390998,0.458946,0.004260,0.173780,0.390998,0.000000,0,-0.193568,0,0,0.146,0.282
s953,combined_wear_leveling,0.000000,combined,16,0.500000,15,0.866667,0.133333,7645,0.381773,0.460674,0.005391,0.206671,0.381773,0.000000,0,-0.216323,0,0,0.169,0.371
s953,combined_wear_leveling,0.000000,combined,16,0.550000,16,0.876190,0.123810,8939,0.392337,0.475421,0.005688,0.211769,0.392337,0.000000,0,-0.245217,0,0,0.183,0.398
s953,combined_wear_leveling,0.000000,combined,16,0.600000,17,0.885714,0.114286,9711,0.377551,0.463318,0.005659,0.227165,0.385121,0.000042,0,-0.207232,0,0,0.210,0.429
s953,combined_wear_leveling,0.000000,combined,16,0.650000,19,0.904762,0.095238,11737,0.365309,0.454760,0.005428,0.244867,0.384795,0.000174,1,-0.156932,0,0,0.225,0.500
s953,combined_wear_leveling,0.000000,combined,16,0.700000,20,0.914286,0.085714,12826,0.360281,0.450000,0.005080,0.249025,0.383532,0.000245,1,-0.122278,0,0,0.254,0.290
s953,combined_wear_leveling,0.000000,combined,16,0.750000,22,0.933333,0.066667,15703,0.364542,0.455056,0.004620,0.248297,0.394631,0.000412,2,-0.092340,0,0,0.053,0.124
s953,combined_wear_leveling,0.000000,combined,16,0.800000,23,0.942857,0.057143,17417,0.369937,0.460674,0.004423,0.245278,0.402876,0.000501,2,-0.085274,0,0,0.056,0.132
s953,combined_wear_leveling,0.000000,combined,16,0.850000,25,0.961905,0.038095,19740,0.354876,0.445393,0.004014,0.255066,0.392219,0.000661,2,-0.017694,0,0,0.058,0.151
s953,combined_wear_leveling,0.000000,combined,16,0.900000,26,0.971429,0.028571,20955,0.348298,0.438634,0.003841,0.259365,0.387505,0.000726,2,0.012870,0,0,0.058,0.155
s953,combined_wear_leveling,0.000000,combined,16,0.950000,28,0.990476,0.009524,23707,0.339759,0.428973,0.003445,0.262581,0.381496,0.000813,3,0.067610,0,0,0.063,0.178
s953,combined_wear_leveling,0.000000,combined,16,1.000000,29,1.000000,0.000000,24933,0.333111,0.421929,0.003302,0.266635,0.376090,0.000838,3,0.097197,1,1,0.063,0.192
s953,combined_wear_leveling,0.250000,combined,16,0.050000,1,0.361905,0.638095,27,0.303371,0.303371,0.000000,0.000000,0.303371,0.000000,0,-0.249300,1,1,0.018,0.006
s953,combined_wear_leveling,0.250000,combined,16,0.100000,3,0.685714,0.314286,385,0.480649,0.513109,0.000536,0.067532,0.480649,0.000000,0,-0.354875,0,0,0.020,0.014
s953,combined_wear_leveling,0.250000,combined,16,0.150000,4,0.723810,0.276190,601,0.422051,0.452247,0.000329,0.071547,0.422051,0.000000,0,-0.180828,0,0,0.027,0.023
s953,combined_wear_leveling,0.250000,combined,16,0.200000,6,0.780952,0.219048,1247,0.389201,0.417603,0.000226,0.072975,0.389201,0.000000,0,-0.047968,0,0,0.044,0.052
s953,combined_wear_leveling,0.250000,combined,16,0.250000,7,0.790476,0.209524,1623,0.372162,0.406100,0.000694,0.091189,0.372162,0.000000,0,-0.044970,0,0,0.053,0.076
s953,combined_wear_leveling,0.250000,combined,16,0.300000,9,0.809524,0.190476,2607,0.361631,0.408240,0.002005,0.128884,0.361631,0.000000,0,-0.116295,0,0,0.073,0.130
s953,combined_wear_leveling,0.250000,combined,16,0.350000,10,0.819048,0.180952,2990,0.335955,0.367416,0.000441,0.093645,0.335955,0.000000,0,0.078163,0,0,0.086,0.168
s953,combined_wear_leveling,0.250000,combined,16,0.400000,12,0.838095,0.161905,4133,0.322488,0.358614,0.000603,0.112025,0.322488,0.000000,0,0.107503,0,0,0.124,0.220
s953,combined_wear_leveling,0.250000,combined,16,0.450000,13,0.847619,0.152381,4831,0.321189,0.351772,0.000384,0.095218,0.321189,0.000000,0,0.141633,1,0,0.125,0.245
s953,combined_wear_leveling,0.250000,combined,16,0.500000,15,0.866667,0.133333,6478,0.323496,0.364794,0.000776,0.127663,0.323496,0.000000,0,0.115964,0,0,0.152,0.349
s953,combined_wear_leveling,0.250000,combined,16,0.550000,16,0.876190,0.123810,7297,0.320269,0.363062,0.000918,0.133617,0.320269,0.000000,0,0.119780,0,1,0.176,0.379
s953,combined_wear_leveling,0.250000,combined,16,0.600000,17,0.885714,0.114286,8612,0.334824,0.361533,0.000348,0.079772,0.337327,0.000004,0,0.158789,1,0,0.187,0.444
s953,combined_wear_leveling,0.250000,combined,16,0.650000,19,0.904762,0.095238,11091,0.345202,0.371969,0.000385,0.077540,0.350865,0.000013,1,0.154037,1,0,0.241,0.558
s953,combined_wear_leveling,0.250000,combined,16,0.700000,20,0.914286,0.085714,12321,0.346096,0.376966,0.000485,0.089197,0.354284,0.000025,1,0.150202,1,0,0.269,0.585
s953,combined_wear_leveling,0.250000,combined,16,0.750000,22,0.933333,0.066667,14677,0.340723,0.391726,0.001053,0.149690,0.355305,0.000104,1,0.117470,1,0,0.282,0.659
s953,combined_wear_leveling,0.250000,combined,16,0.800000,23,0.942857,0.057143,15766,0.334870,0.393258,0.001374,0.174363,0.353078,0.000168,2,0.107289,1,0,0.303,0.688
s953,combined_wear_leveling,0.250000,combined,16,0.850000,25,0.961905,0.038095,18233,0.327784,0.402247,0.002192,0.227171,0.354101,0.000366,2,0.062992,1,1,0.322,0.806
s953,combined_wear_leveling,0.250000,combined,16,0.900000,26,0.971429,0.028571,19793,0.328984,0.410112,0.002590,0.246602,0.359145,0.000482,2,0.033491,1,1,0.190,0.161
s953,combined_wear_leveling,0.250000,combined,16,0.950000,28,0.990476,0.009524,23295,0.333854,0.424157,0.003245,0.270487,0.373320,0.000739,3,-0.015821,0,0,0.067,0.179
s953,combined_wear_leveling,0.250000,combined,16,1.000000,29,1.000000,0.000000,24933,0.333111,0.421929,0.003302,0.266635,0.376090,0.000838,3,-0.007672,1,1,0.066,0.190
s953,combined_wear_leveling,0.500000,combined,16,0.050000,1,0.361905,0.638095,27,0.303371,0.303371,0.000000,0.000000,0.303371,0.000000,0,-0.249300,1,1,0.017,0.007
s953,combined_wear_leveling,0.500000,combined,16,0.100000,3,0.685714,0.314286,385,0.480649,0.513109,0.000536,0.067532,0.480649,0.000000,0,-0.354875,0,0,0.026,0.019
s953,combined_wear_leveling,0.500000,combined,16,0.150000,4,0.723810,0.276190,601,0.422051,0.452247,0.000329,0.071547,0.422051,0.000000,0,-0.180828,0,0,0.035,0.031
s953,combined_wear_leveling,0.500000,combined,16,0.200000,6,0.771429,0.228571,1281,0.399813,0.432584,0.000796,0.081967,0.399813,0.000000,0,-0.126256,0,0,0.057,0.076
s953,combined_wear_leveling,0.500000,combined,16,0.250000,7,0.790476,0.209524,1623,0.372162,0.406100,0.000694,0.091189,0.372162,0.000000,0,-0.044970,0,0,0.067,0.110
s953,combined_wear_leveling,0.500000,combined,16,0.300000,9,0.809524,0.190476,2607,0.361631,0.408240,0.002005,0.128884,0.361631,0.000000,0,-0.116295,0,0,0.096,0.155
s953,combined_wear_leveling,0.500000,combined,16,0.350000,10,0.819048,0.180952,2990,0.335955,0.367416,0.000441,0.093645,0.335955,0.000000,0,0.078163,0,0,0.106,0.186
s953,combined_wear_leveling,0.500000,combined,16,0.400000,12,0.838095,0.161905,4133,0.322488,0.358614,0.000603,0.112025,0.322488,0.000000,0,0.107503,0,0,0.134,0.268
s953,combined_wear_leveling,0.500000,combined,16,0.450000,13,0.847619,0.152381,4831,0.321189,0.351772,0.000384,0.095218,0.321189,0.000000,0,0.141633,1,0,0.149,0.289
s953,combined_wear_leveling,0.500000,combined,16,0.500000,15,0.866667,0.133333,6478,0.323496,0.364794,0.000776,0.127663,0.323496,0.000000,0,0.115964,0,0,0.174,0.388
s953,combined_wear_leveling,0.500000,combined,16,0.550000,16,0.876190,0.123810,7297,0.320269,0.363062,0.000918,0.133617,0.320269,0.000000,0,0.119780,0,1,0.200,0.412
s953,combined_wear_leveling,0.500000,combined,16,0.600000,17,0.885714,0.114286,8612,0.334824,0.361533,0.000348,0.079772,0.337327,0.000004,0,0.158789,1,0,0.205,0.476
s953,combined_wear_leveling,0.500000,combined,16,0.650000,19,0.904762,0.095238,11091,0.345202,0.371969,0.000385,0.077540,0.350865,0.000013,1,0.154037,1,0,0.240,0.556
s953,combined_wear_leveling,0.500000,combined,16,0.700000,20,0.914286,0.085714,12321,0.346096,0.376966,0.000485,0.089197,0.354284,0.000025,1,0.150202,1,0,0.268,0.587
s953,combined_wear_leveling,0.500000,combined,16,0.750000,22,0.933333,0.066667,14677,0.340723,0.391726,0.001053,0.149690,0.355305,0.000104,1,0.117470,1,0,0.292,0.654
s953,combined_wear_leveling,0.500000,combined,16,0.800000,23,0.942857,0.057143,15766,0.334870,0.393258,0.001374,0.174363,0.353078,0.000168,2,0.107289,1,0,0.302,0.233
s953,combined_wear_leveling,0.500000,combined,16,0.850000,25,0.961905,0.038095,18233,0.327784,0.402247,0.002192,0.227171,0.354101,0.000366,2,0.062992,1,1,0.062,0.151
s953,combined_wear_leveling,0.500000,combined,16,0.900000,26,0.971429,0.028571,19793,0.328984,0.410112,0.002590,0.246602,0.359145,0.000482,2,0.033491,1,1,0.062,0.161
s953,combined_wear_leveling,0.500000,combined,16,0.950000,28,0.990476,0.009524,23295,0.333854,0.424157,0.003245,0.270487,0.373320,0.000739,3,-0.015821,0,0,0.077,0.206
s953,combined_wear_leveling,0.500000,combined,16,1.000000,29,1.000000,0.000000,24933,0.333111,0.421929,0.003302,0.266635,0.376090,0.000838,3,-0.007672,1,1,0.067,0.191
s953,combined_wear_leveling,0.750000,combined,16,0.050000,1,0.361905,0.638095,27,0.303371,0.303371,0.000000,0.000000,0.303371,0.000000,0,-0.249300,1,1,0.011,0.005
s953,combined_wear_leveling,0.750000,combined,16,0.100000,3,0.685714,0.314286,385,0.480649,0.513109,0.000536,0.067532,0.480649,0.000000,0,-0.354875,0,0,0.026,0.018
s953,combined_wear_leveling,0.750000,combined,16,0.150000,4,0.723810,0.276190,601,0.422051,0.452247,0.000329,0.071547,0.422051,0.000000,0,-0.180828,0,0,0.034,0.028
s953,combined_wear_leveling,0.750000,combined,16,0.200000,6,0.771429,0.228571,1281,0.399813,0.432584,0.000796,0.081967,0.399813,0.000000,0,-0.126256,0,0,0.056,0.066
s953,combined_wear_leveling,0.750000,combined,16,0.250000,7,0.780952,0.219048,1628,0.373309,0.415730,0.001638,0.113636,0.373309,0.000000,0,-0.136484,0,0,0.075,0.092
s953,combined_wear_leveling,0.750000,combined,16,0.300000,9,0.800000,0.200000,2532,0.351228,0.380774,0.000442,0.084123,0.351228,0.000000,0,0.030102,0,0,0.093,0.168
s953,combined_wear_leveling,0.750000,combined,16,0.350000,10,0.819048,0.180952,2990,0.335955,0.367416,0.000441,0.093645,0.335955,0.000000,0,0.078163,0,0,0.107,0.191
s953,combined_wear_leveling,0.750000,combined,16,0.400000,12,0.838095,0.161905,4133,0.322488,0.358614,0.000603,0.112025,0.322488,0.000000,0,0.107503,0,0,0.135,0.265
s953,combined_wear_leveling,0.750000,combined,16,0.450000,13,0.847619,0.152381,4831,0.321189,0.351772,0.000384,0.095218,0.321189,0.000000,0,0.141633,1,0,0.148,0.304
s953,combined_wear_leveling,0.750000,combined,16,0.500000,15,0.866667,0.133333,6478,0.323496,0.364794,0.000776,0.127663,0.323496,0.000000,0,0.115964,0,0,0.174,0.373
s953,combined_wear_leveling,0.750000,combined,16,0.550000,16,0.876190,0.123810,7297,0.320269,0.363062,0.000918,0.133617,0.320269,0.000000,0,0.119780,0,1,0.186,0.419
s953,combined_wear_leveling,0.750000,combined,16,0.600000,17,0.885714,0.114286,8612,0.334824,0.361533,0.000348,0.079772,0.337327,0.000004,0,0.158789,1,0,0.210,0.469
s953,combined_wear_leveling,0.750000,combined,16,0.650000,19,0.904762,0.095238,11091,0.345202,0.371969,0.000385,0.077540,0.350865,0.000013,1,0.154037,1,0,0.239,0.545
s953,combined_wear_leveling,0.750000,combined,16,0.700000,20,0.914286,0.085714,12321,0.346096,0.376966,0.000485,0.089197,0.354284,0.000025,1,0.150202,1,0,0.269,0.578
s953,combined_wear_leveling,0.750000,combined,16,0.750000,22,0.933333,0.066667,14677,0.340723,0.391726,0.001053,0.149690,0.355305,0.000104,1,0.117470,1,0,0.284,0.660
s953,combined_wear_leveling,0.750000,combined,16,0.800000,23,0.942857,0.057143,15766,0.334870,0.393258,0.001374,0.174363,0.353078,0.000168,2,0.107289,1,0,0.292,0.708
s953,combined_wear_leveling,0.750000,combined,16,0.850000,25,0.961905,0.038095,18233,0.327784,0.402247,0.002192,0.227171,0.354101,0.000366,2,0.062992,1,1,0.315,0.791
s953,combined_wear_leveling,0.750000,combined,16,0.900000,26,0.971429,0.028571,19793,0.328984,0.410112,0.002590,0.246602,0.359145,0.000482,2,0.033491,1,1,0.331,0.834
s953,combined_wear_leveling,0.750000,combined,16,0.950000,28,0.990476,0.009524,23295,0.333854,0.424157,0.003245,0.270487,0.373320,0.000739,3,-0.015821,0,0,0.356,0.850
s953,combined_wear_leveling,0.750000,combined,16,1.000000,29,1.000000,0.000000,24933,0.333111,0.421929,0.003302,0.266635,0.376090,0.000838,3,-0.007672,1,1,0.290,0.795
s953,combined_wear_leveling,1.000000,combined,16,0.050000,1,0.361905,0.638095,27,0.303371,0.303371,0.000000,0.000000,0.303371,0.000000,0,-0.249300,1,1,0.011,0.005
s953,combined_wear_leveling,1.000000,combined,16,0.100000,3,0.685714,0.314286,385,0.480649,0.513109,0.000536,0.067532,0.480649,0.000000,0,-0.345617,0,0,0.026,0.018
s953,combined_wear_leveling,1.000000,combined,16,0.150000,4,0.695238,0.304762,605,0.424860,0.485955,0.004278,0.143802,0.424860,0.000000,0,-0.470266,0,0,0.035,0.030
s953,combined_wear_leveling,1.000000,combined,16,0.200000,6,0.771429,0.228571,1281,0.399813,0.432584,0.000796,0.081967,0.399813,0.000000,0,-0.112516,0,0,0.056,0.072
s953,combined_wear_leveling,1.000000,combined,16,0.250000,7,0.780952,0.219048,1628,0.373309,0.415730,0.001638,0.113636,0.373309,0.000000,0,-0.108203,0,0,0.068,0.099
s953,combined_wear_leveling,1.000000,combined,16,0.300000,9,0.800000,0.200000,2532,0.351228,0.380774,0.000442,0.084123,0.351228,0.000000,0,0.037739,0,0,0.095,0.159
s953,combined_wear_leveling,1.000000,combined,16,0.350000,10,0.809524,0.190476,2966,0.333258,0.362921,0.000427,0.089009,0.333258,0.000000,0,0.084245,0,0,0.107,0.200
s953,combined_wear_leveling,1.000000,combined,16,0.400000,12,0.828571,0.171429,4251,0.331695,0.360487,0.000379,0.086803,0.331695,0.000000,0,0.110086,0,0,0.137,0.258
s953,combined_wear_leveling,1.000000,combined,16,0.450000,13,0.847619,0.152381,4831,0.321189,0.351772,0.000384,0.095218,0.321189,0.000000,0,0.148266,1,0,0.149,0.294
s953,combined_wear_leveling,1.000000,combined,16,0.500000,15,0.866667,0.133333,6478,0.323496,0.364794,0.000776,0.127663,0.323496,0.000000,0,0.129355,0,0,0.186,0.381
s953,combined_wear_leveling,1.000000,combined,16,0.550000,16,0.876190,0.123810,7297,0.320269,0.363062,0.000918,0.133617,0.320269,0.000000,0,0.135623,0,1,0.192,0.420
s953,combined_wear_leveling,1.000000,combined,16,0.600000,17,0.885714,0.114286,8612,0.334824,0.361533,0.000348,0.079772,0.337327,0.000004,0,0.164793,1,0,0.209,0.469
s953,combined_wear_leveling,1.000000,combined,16,0.650000,19,0.904762,0.095238,11091,0.345202,0.371969,0.000385,0.077540,0.350865,0.000013,1,0.160688,1,0,0.246,0.553
s953,combined_wear_leveling,1.000000,combined,16,0.700000,20,0.914286,0.085714,12321,0.346096,0.376966,0.000485,0.089197,0.354284,0.000025,1,0.158577,1,0,0.264,0.594
s953,combined_wear_leveling,1.000000,combined,16,0.750000,22,0.933333,0.066667,14677,0.340723,0.391726,0.001053,0.149690,0.355305,0.000104,1,0.135649,1,0,0.285,0.666
s953,combined_wear_leveling,1.000000,combined,16,0.800000,23,0.942857,0.057143,15766,0.334870,0.393258,0.001374,0.174363,0.353078,0.000168,2,0.131012,1,0,0.299,0.709
s953,combined_wear_leveling,1.000000,combined,16,0.850000,25,0.961905,0.038095,18233,0.327784,0.402247,0.002192,0.227171,0.354101,0.000366,2,0.100846,1,1,0.322,0.789
s953,combined_wear_leveling,1.000000,combined,16,0.900000,26,0.971429,0.028571,19793,0.328984,0.410112,0.002590,0.246602,0.359145,0.000482,2,0.078213,1,1,0.320,0.832
s953,combined_wear_leveling,1.000000,combined,16,0.950000,28,0.990476,0.009524,23295,0.333854,0.424157,0.003245,0.270487,0.373320,0.000739,3,0.040216,0,0,0.341,0.813
s953,combined_wear_leveling,1.000000,combined,16,1.000000,29,1.000000,0.000000,24933,0.333111,0.421929,0.003302,0.266635,0.376090,0.000838,3,0.049350,1,1,0.293,0.771
s953,co_wear,0.000000,combined,16,0.050000,1,0.361905,0.638095,27,0.303371,0.303371,0.000000,0.000000,0.303371,0.000000,0,-0.249300,1,1,0.009,0.005
s953,co_wear,0.000000,combined,16,0.100000,3,0.685714,0.314286,385,0.480649,0.513109,0.000536,0.067532,0.480649,0.000000,0,-0.337849,0,0,0.002,0.019
s953,co_wear,0.000000,combined,16,0.150000,4,0.723810,0.276190,597,0.419242,0.446629,0.000254,0.065327,0.419242,0.000000,0,-0.158691,0,0,0.001,0.031
s953,co_wear,0.000000,combined,16,0.200000,6,0.780952,0.219048,1247,0.389201,0.417603,0.000226,0.072975,0.389201,0.000000,0,-0.040789,1,0,0.001,0.068
s953,co_wear,0.000000,combined,16,0.250000,7,0.790476,0.209524,1697,0.389131,0.418941,0.000322,0.076606,0.389131,0.000000,0,-0.036692,1,0,0.001,0.092
s953,co_wear,0.000000,combined,16,0.300000,9,0.809524,0.190476,2933,0.406853,0.448190,0.001393,0.101602,0.406853,0.000000,0,-0.111677,0,0,0.001,0.170
s953,co_wear,0.000000,combined,16,0.350000,10,0.819048,0.180952,3539,0.397640,0.446067,0.002149,0.121786,0.397640,0.000000,0,-0.123733,0,0,0.001,0.206
s953,co_wear,0.000000,combined,16,0.400000,12,0.838095,0.161905,5194,0.405275,0.467228,0.003650,0.152869,0.405275,0.000000,0,-0.199207,0,0,0.002,0.257
s953,co_wear,0.000000,combined,16,0.450000,13,0.847619,0.152381,5881,0.390998,0.458946,0.004260,0.173780,0.390998,0.000000,0,-0.193568,0,0,0.001,0.281
s953,co_wear,0.000000,combined,16,0.500000,15,0.866667,0.133333,7645,0.381773,0.460674,0.005391,0.206671,0.381773,0.000000,0,-0.216323,0,0,0.001,0.367
s953,co_wear,0.000000,combined,16,0.550000,16,0.876190,0.123810,8939,0.392337,0.475421,0.005688,0.211769,0.392337,0.000000,0,-0.245217,0,0,0.001,0.390
s953,co_wear,0.000000,combined,16,0.600000,17,0.885714,0.114286,9711,0.377551,0.463318,0.005659,0.227165,0.385121,0.000042,0,-0.207232,0,0,0.002,0.431
s953,co_wear,0.000000,combined,16,0.650000,19,0.904762,0.095238,11737,0.365309,0.454760,0.005428,0.244867,0.384795,0.000174,1,-0.156932,0,0,0.002,0.495
s953,co_wear,0.000000,combined,16,0.700000,20,0.914286,0.085714,12826,0.360281,0.450000,0.005080,0.249025,0.383532,0.000245,1,-0.122278,0,0,0.002,0.543
s953,co_wear,0.000000,combined,16,0.750000,22,0.933333,0.066667,15703,0.364542,0.455056,0.004620,0.248297,0.394631,0.000412,2,-0.092340,0,0,0.002,0.643
s953,co_wear,0.000000,combined,16,0.800000,23,0.942857,0.057143,17417,0.369937,0.460674,0.004423,0.245278,0.402876,0.000501,2,-0.085274,0,0,0.002,0.685
s953,co_wear,0.000000,combined,16,0.850000,25,0.961905,0.038095,19740,0.354876,0.445393,0.004014,0.255066,0.392219,0.000661,2,-0.017694,0,0,0.002,0.774
s953,co_wear,0.000000,combined,16,0.900000,26,0.971429,0.028571,20955,0.348298,0.438634,0.003841,0.259365,0.387505,0.000726,2,0.012870,0,0,0.002,0.808
s953,co_wear,0.000000,combined,16,0.950000,28,0.990476,0.009524,23707,0.339759,0.428973,0.003445,0.262581,0.381496,0.000813,3,0.067610,0,0,0.002,0.909
s953,co_wear,0.000000,combined,16,1.000000,29,1.000000,0.000000,24933,0.333111,0.421929,0.003302,0.266635,0.376090,0.000838,3,0.097197,1,1,0.002,0.993
s953,co_wear,0.250000,combined,16,0.050000,1,0.361905,0.638095,27,0.303371,0.303371,0.000000,0.000000,0.303371,0.000000,0,-0.240544,1,1,0.008,0.006
s953,co_wear,0.250000,combined,16,0.100000,3,0.609524,0.390476,376,0.469413,0.543071,0.005577,0.156915,0.469413,0.000000,0,-0.622298,0,0,0.005,0.025
s953,co_wear,0.250000,combined,16,0.150000,4,0.619048,0.380952,547,0.384129,0.474719,0.006014,0.235832,0.384129,0.000000,0,-0.477180,0,0,0.002,0.037
s953,co_wear,0.250000,combined,16,0.200000,6,0.638095,0.361905,1153,0.359863,0.417603,0.001494,0.160451,0.359863,0.000000,0,-0.191821,0,0,0.002,0.085
s953,co_wear,0.250000,combined,16,0.250000,7,0.647619,0.352381,1469,0.336849,0.396469,0.001358,0.176991,0.336849,0.000000,0,-0.132645,0,0,0.002,0.104
s953,co_wear,0.250000,combined,16,0.300000,9,0.742857,0.257143,2323,0.322236,0.380774,0.001382,0.181662,0.322236,0.000000,0,-0.008390,0,0,0.002,0.171
s953,co_wear,0.250000,combined,16,0.350000,10,0.752381,0.247619,2825,0.317416,0.369663,0.001009,0.164602,0.317416,0.000000,0,0.031993,0,0,0.002,0.207
s953,co_wear,0.250000,combined,16,0.400000,12,0.771429,0.228571,4062,0.316948,0.367978,0.000942,0.161004,0.316948,0.000000,0,0.055891,1,0,0.002,0.302
s953,co_wear,0.250000,combined,16,0.450000,13,0.780952,0.219048,4705,0.312812,0.375972,0.001469,0.201913,0.312812,0.000000,0,0.040536,1,1,0.002,0.322
s953,co_wear,0.250000,combined,16,0.500000,15,0.800000,0.200000,6857,0.342422,0.379775,0.000661,0.109086,0.342422,0.000000,0,0.058150,1,0,0.003,0.431
s953,co_wear,0.250000,combined,16,0.550000,16,0.809524,0.190476,7939,0.348446,0.379916,0.000540,0.090314,0.348446,0.000000,0,0.066122,1,0,0.003,0.489
s953,co_wear,0.250000,combined,16,0.600000,17,0.819048,0.180952,8961,0.348392,0.385327,0.000643,0.106015,0.351330,0.000007,0,0.066464,1,0,0.003,0.522
s953,co_wear,0.250000,combined,16,0.650000,19,0.838095,0.161905,10841,0.337421,0.396807,0.001092,0.175999,0.345173,0.000044,1,0.067952,1,0,0.003,0.609
s953,co_wear,0.250000,combined,16,0.700000,20,0.847619,0.152381,11690,0.328371,0.402809,0.001544,0.226689,0.339712,0.000095,1,0.062799,0,0,0.003,0.648
s953,co_wear,0.250000,combined,16,0.750000,22,0.895238,0.104762,14033,0.325773,0.398876,0.001756,0.224400,0.342792,0.000177,2,0.108018,1,0,0.004,0.734
s953,co_wear,0.250000,combined,16,0.800000,23,0.904762,0.095238,15217,0.323209,0.406937,0.002254,0.259052,0.344437,0.000272,2,0.092142,1,1,0.003,0.776
s953,co_wear,0.250000,combined,16,0.850000,25,0.952381,0.047619,18489,0.332387,0.416629,0.002603,0.253448,0.360281,0.000426,2,0.106526,0,0,0.004,0.910
s953,co_wear,0.250000,combined,16,0.900000,26,0.961905,0.038095,19992,0.332292,0.415298,0.002698,0.249800,0.362900,0.000500,2,0.113428,1,1,0.004,0.955
s953,co_wear,0.250000,combined,16,0.950000,28,0.990476,0.009524,23295,0.333854,0.424157,0.003245,0.270487,0.373320,0.000739,3,0.109446,0,0,0.004,1.071
s953,co_wear,0.250000,combined,16,1.000000,29,1.000000,0.000000,24933,0.333111,0.421929,0.003302,0.266635,0.376090,0.000838,3,0.119442,1,1,0.004,1.029
s953,co_wear,0.500000,combined,16,0.050000,1,0.361905,0.638095,27,0.303371,0.303371,0.000000,0.000000,0.303371,0.000000,0,-0.240544,1,1,0.002,0.001
s953,co_wear,0.500000,combined,16,0.100000,3,0.609524,0.390476,376,0.469413,0.543071,0.005577,0.156915,0.469413,0.000000,0,-0.622298,0,0,0.001,0.007
s953,co_wear,0.500000,combined,16,0.150000,4,0.619048,0.380952,547,0.384129,0.474719,0.006014,0.235832,0.384129,0.000000,0,-0.477180,0,0,0.003,0.011
s953,co_wear,0.500000,combined,16,0.200000,6,0.638095,0.361905,1153,0.359863,0.417603,0.001494,0.160451,0.359863,0.000000,0,-0.191821,0,0,0.001,0.090
s953,co_wear,0.500000,combined,16,0.250000,7,0.647619,0.352381,1469,0.336849,0.396469,0.001358,0.176991,0.336849,0.000000,0,-0.132645,0,0,0.001,0.020
s953,co_wear,0.500000,combined,16,0.300000,9,0.666667,0.333333,2396,0.332362,0.383271,0.000853,0.153172,0.332362,0.000000,0,-0.075685,1,0,0.001,0.036
s953,co_wear,0.500000,combined,16,0.350000,10,0.676190,0.323810,2885,0.324157,0.385393,0.001090,0.188908,0.324157,0.000000,0,-0.069220,1,0,0.000,0.037
s953,co_wear,0.500000,combined,16,0.400000,12,0.695238,0.304762,4088,0.318976,0.390449,0.001550,0.224070,0.318976,0.000000,0,-0.068436,0,0,0.000,0.053
s953,co_wear,0.500000,combined,16,0.450000,13,0.704762,0.295238,5181,0.344458,0.386344,0.000665,0.121598,0.344458,0.000000,0,-0.045480,1,0,0.000,0.067
s953,co_wear,0.500000,combined,16,0.500000,15,0.723810,0.276190,7212,0.360150,0.391760,0.000563,0.087770,0.360150,0.000000,0,-0.043916,1,0,0.000,0.086
s953,co_wear,0.500000,combined,16,0.550000,16,0.733333,0.266667,8180,0.359024,0.393961,0.000654,0.097311,0.359024,0.000000,0,-0.039000,1,0,0.001,0.094
s953,co_wear,0.500000,combined,16,0.600000,17,0.742857,0.257143,8902,0.346099,0.399868,0.000878,0.155358,0.349223,0.000011,0,-0.030445,1,0,0.001,0.103
s953,co_wear,0.500000,combined,16,0.650000,19,0.761905,0.238095,10663,0.331881,0.408634,0.001435,0.231267,0.340146,0.000062,1,-0.027460,0,0,0.001,0.116
s953,co_wear,0.500000,combined,16,0.700000,20,0.771429,0.228571,11562,0.324775,0.407303,0.001679,0.254108,0.336341,0.000103,1,-0.019313,1,0,0.001,0.120
s953,co_wear,0.500000,combined,16,0.750000,22,0.866667,0.133333,13595,0.315605,0.411134,0.002404,0.302685,0.334174,0.000234,2,0.052052,1,1,0.001,0.664
s953,co_wear,0.500000,combined,16,0.800000,23,0.876190,0.123810,15165,0.322104,0.423547,0.002746,0.314936,0.344559,0.000317,2,0.028996,0,1,0.004,0.775
s953,co_wear,0.500000,combined,16,0.850000,25,0.923810,0.076190,18044,0.324387,0.413933,0.002766,0.276047,0.352837,0.000446,2,0.082206,1,1,0.004,0.891
s953,co_wear,0.500000,combined,16,0.900000,26,0.961905,0.038095,19992,0.332292,0.415298,0.002698,0.249800,0.362900,0.000500,2,0.113428,1,1,0.004,0.959
s953,co_wear,0.500000,combined,16,0.950000,28,0.990476,0.009524,23295,0.333854,0.424157,0.003245,0.270487,0.373320,0.000739,3,0.109446,0,0,0.004,1.015
s953,co_wear,0.500000,combined,16,1.000000,29,1.000000,0.000000,24933,0.333111,0.421929,0.003302,0.266635,0.376090,0.000838,3,0.119442,1,1,0.004,0.989
s953,co_wear,0.750000,combined,16,0.050000,1,0.361905,0.638095,27,0.303371,0.303371,0.000000,0.000000,0.303371,0.000000,0,-0.323996,1,1,0.008,0.007
s953,co_wear,0.750000,combined,16,0.100000,3,0.380952,0.619048,322,0.401998,0.453184,0.001312,0.127329,0.401998,0.000000,0,-0.643030,0,0,0.004,0.043
s953,co_wear,0.750000,combined,16,0.150000,4,0.390476,0.609524,569,0.399579,0.491573,0.005205,0.230228,0.399579,0.000000,0,-0.856515,0,0,0.004,0.066
s953,co_wear,0.750000,combined,16,0.200000,6,0.409524,0.590476,1112,0.347066,0.370787,0.000592,0.068345,0.347066,0.000000,0,-0.427742,0,0,0.003,0.121
s953,co_wear,0.750000,combined,16,0.250000,7,0.419048,0.580952,1445,0.331346,0.357945,0.000506,0.080277,0.331346,0.000000,0,-0.381478,1,0,0.004,0.147
s953,co_wear,0.750000,combined,16,0.300000,9,0.666667,0.333333,2396,0.332362,0.383271,0.000853,0.153172,0.332362,0.000000,0,-0.177532,1,0,0.004,0.242
s953,co_wear,0.750000,combined,16,0.350000,10,0.676190,0.323810,2885,0.324157,0.385393,0.001090,0.188908,0.324157,0.000000,0,-0.171336,1,0,0.004,0.260
s953,co_wear,0.750000,combined,16,0.400000,12,0.695238,0.304762,4088,0.318976,0.390449,0.001550,0.224070,0.318976,0.000000,0,-0.173085,0,0,0.004,0.361
s953,co_wear,0.750000,combined,16,0.450000,13,0.704762,0.295238,5181,0.344458,0.386344,0.000665,0.121598,0.344458,0.000000,0,-0.148569,1,0,0.004,0.448
s953,co_wear,0.750000,combined,16,0.500000,15,0.723810,0.276190,7212,0.360150,0.391760,0.000563,0.087770,0.360150,0.000000,0,-0.149674,1,0,0.004,0.492
s953,co_wear,0.750000,combined,16,0.550000,16,0.733333,0.266667,8180,0.359024,0.393961,0.000654,0.097311,0.359024,0.000000,0,-0.145357,1,0,0.004,0.548
s953,co_wear,0.750000,combined,16,0.600000,17,0.742857,0.257143,8902,0.346099,0.399868,0.000878,0.155358,0.349223,0.000011,0,-0.136508,1,0,0.004,0.546
s953,co_wear,0.750000,combined,16,0.650000,19,0.761905,0.238095,10663,0.331881,0.408634,0.001435,0.231267,0.340146,0.000062,1,-0.135424,0,0,0.003,0.526
s953,co_wear,0.750000,combined,16,0.700000,20,0.771429,0.228571,11562,0.324775,0.407303,0.001679,0.254108,0.336341,0.000103,1,-0.127459,1,0,0.005,0.395
s953,co_wear,0.750000,combined,16,0.750000,22,0.866667,0.133333,13595,0.315605,0.411134,0.002404,0.302685,0.334174,0.000234,2,-0.059505,1,1,0.003,0.458
s953,co_wear,0.750000,combined,16,0.800000,23,0.876190,0.123810,15165,0.322104,0.423547,0.002746,0.314936,0.344559,0.000317,2,-0.087129,0,1,0.003,0.438
s953,co_wear,0.750000,combined,16,0.850000,25,0.923810,0.076190,18044,0.324387,0.413933,0.002766,0.276047,0.352837,0.000446,2,-0.033529,1,1,0.002,0.556
s953,co_wear,0.750000,combined,16,0.900000,26,0.933333,0.066667,19793,0.328984,0.429991,0.003324,0.307028,0.361846,0.000584,2,-0.072865,0,1,0.003,0.663
s953,co_wear,0.750000,combined,16,0.950000,28,0.980952,0.019048,23447,0.336032,0.428170,0.003344,0.274193,0.375928,0.000757,3,-0.033103,0,0,0.002,0.786
s953,co_wear,0.750000,combined,16,1.000000,29,1.000000,0.000000,24933,0.333111,0.421929,0.003302,0.266635,0.376090,0.000838,3,-0.002088,1,1,0.003,0.942
s953,co_wear,1.000000,combined,16,0.050000,1,0.361905,0.638095,27,0.303371,0.303371,0.000000,0.000000,0.303371,0.000000,0,-0.323996,1,1,0.012,0.006
s953,co_wear,1.000000,combined,16,0.100000,3,0.380952,0.619048,322,0.401998,0.453184,0.001312,0.127329,0.401998,0.000000,0,-0.643030,0,0,0.004,0.028
s953,co_wear,1.000000,combined,16,0.150000,4,0.390476,0.609524,569,0.399579,0.491573,0.005205,0.230228,0.399579,0.000000,0,-0.856515,0,0,0.002,0.040
s953,co_wear,1.000000,combined,16,0.200000,6,0.409524,0.590476,1112,0.347066,0.370787,0.000592,0.068345,0.347066,0.000000,0,-0.427742,0,0,0.002,0.085
s953,co_wear,1.000000,combined,16,0.250000,7,0.419048,0.580952,1445,0.331346,0.357945,0.000506,0.080277,0.331346,0.000000,0,-0.381478,1,0,0.002,0.096
s953,co_wear,1.000000,combined,16,0.300000,9,0.438095,0.561905,2382,0.330420,0.363296,0.000530,0.099496,0.330420,0.000000,0,-0.367837,1,0,0.002,0.156
s953,co_wear,1.000000,combined,16,0.350000,10,0.447619,0.552381,2892,0.324944,0.365169,0.000732,0.123790,0.324944,0.000000,0,-0.363113,1,0,0.002,0.188
s953,co_wear,1.000000,combined,16,0.400000,12,0.466667,0.533333,4610,0.359707,0.394195,0.000637,0.095879,0.359707,0.000000,0,-0.412268,1,0,0.002,0.302
s953,co_wear,1.000000,combined,16,0.450000,13,0.476190,0.523810,5513,0.366531,0.407087,0.000737,0.110648,0.366531,0.000000,0,-0.429148,0,0,0.002,0.343
s953,co_wear,1.000000,combined,16,0.500000,15,0.495238,0.504762,7163,0.357703,0.405243,0.000789,0.132905,0.357703,0.000000,0,-0.399763,0,0,0.002,0.437
s953,co_wear,1.000000,combined,16,0.550000,16,0.504762,0.495238,8213,0.360472,0.403090,0.000756,0.118227,0.360472,0.000000,0,-0.389907,0,0,0.002,0.472
s953,co_wear,1.000000,combined,16,0.600000,17,0.742857,0.257143,8902,0.346099,0.399868,0.000878,0.155358,0.349223,0.000011,0,-0.136508,1,0,0.003,0.516
s953,co_wear,1.000000,combined,16,0.650000,19,0.761905,0.238095,10663,0.331881,0.408634,0.001435,0.231267,0.340146,0.000062,1,-0.135424,0,0,0.003,0.603
s953,co_wear,1.000000,combined,16,0.700000,20,0.771429,0.228571,11562,0.324775,0.407303,0.001679,0.254108,0.336341,0.000103,1,-0.127459,1,0,0.003,0.626
s953,co_wear,1.000000,combined,16,0.750000,22,0.790476,0.209524,13852,0.321571,0.427477,0.002575,0.329339,0.340462,0.000244,2,-0.167976,0,1,0.003,0.719
s953,co_wear,1.000000,combined,16,0.800000,23,0.876190,0.123810,15165,0.322104,0.423547,0.002746,0.314936,0.344559,0.000317,2,-0.087129,0,1,0.003,0.760
s953,co_wear,1.000000,combined,16,0.850000,25,0.895238,0.104762,18001,0.323613,0.437303,0.003483,0.351314,0.354157,0.000521,2,-0.119373,0,1,0.003,0.919
s953,co_wear,1.000000,combined,16,0.900000,26,0.933333,0.066667,19793,0.328984,0.429991,0.003324,0.307028,0.361846,0.000584,2,-0.072865,0,1,0.003,0.928
s953,co_wear,1.000000,combined,16,0.950000,28,0.980952,0.019048,23447,0.336032,0.428170,0.003344,0.274193,0.375928,0.000757,3,-0.033103,0,0,0.003,1.021
s953,co_wear,1.000000,combined,16,1.000000,29,1.000000,0.000000,24933,0.333111,0.421929,0.003302,0.266635,0.376090,0.000838,3,-0.002088,1,1,0.003,0.993
s953,co_wear_leveling,0.000000,combined,16,0.050000,1,0.361905,0.638095,27,0.303371,0.303371,0.000000,0.000000,0.303371,0.000000,0,-0.249300,1,1,0.011,0.005
s953,co_wear_leveling,0.000000,combined,16,0.100000,3,0.685714,0.314286,385,0.480649,0.513109,0.000536,0.067532,0.480649,0.000000,0,-0.337849,0,0,0.026,0.017
s953,co_wear_leveling,0.000000,combined,16,0.150000,4,0.723810,0.276190,597,0.419242,0.446629,0.000254,0.065327,0.419242,0.000000,0,-0.158691,0,0,0.042,0.029
s953,co_wear_leveling,0.000000,combined,16,0.200000,6,0.780952,0.219048,1247,0.389201,0.417603,0.000226,0.072975,0.389201,0.000000,0,-0.040789,1,0,0.056,0.065
s953,co_wear_leveling,0.000000,combined,16,0.250000,7,0.790476,0.209524,1697,0.389131,0.418941,0.000322,0.076606,0.389131,0.000000,0,-0.036692,1,0,0.067,0.090
s953,co_wear_leveling,0.000000,combined,16,0.300000,9,0.809524,0.190476,2933,0.406853,0.448190,0.001393,0.101602,0.406853,0.000000,0,-0.111677,0,0,0.091,0.166
s953,co_wear_leveling,0.000000,combined,16,0.350000,10,0.819048,0.180952,3539,0.397640,0.446067,0.002149,0.121786,0.397640,0.000000,0,-0.123733,0,0,0.103,0.194
s953,co_wear_leveling,0.000000,combined,16,0.400000,12,0.838095,0.161905,5194,0.405275,0.467228,0.003650,0.152869,0.405275,0.000000,0,-0.199207,0,0,0.138,0.257
s953,co_wear_leveling,0.000000,combined,16,0.450000,13,0.847619,0.152381,5881,0.390998,0.458946,0.004260,0.173780,0.390998,0.000000,0,-0.193568,0,0,0.147,0.284
s953,co_wear_leveling,0.000000,combined,16,0.500000,15,0.866667,0.133333,7645,0.381773,0.460674,0.005391,0.206671,0.381773,0.000000,0,-0.216323,0,0,0.170,0.367
s953,co_wear_leveling,0.000000,combined,16,0.550000,16,0.876190,0.123810,8939,0.392337,0.475421,0.005688,0.211769,0.392337,0.000000,0,-0.245217,0,0,0.185,0.395
s953,co_wear_leveling,0.000000,combined,16,0.600000,17,0.885714,0.114286,9711,0.377551,0.463318,0.005659,0.227165,0.385121,0.000042,0,-0.207232,0,0,0.205,0.431
s953,co_wear_leveling,0.000000,combined,16,0.650000,19,0.904762,0.095238,11737,0.365309,0.454760,0.005428,0.244867,0.384795,0.000174,1,-0.156932,0,0,0.227,0.502
s953,co_wear_leveling,0.000000,combined,16,0.700000,20,0.914286,0.085714,12826,0.360281,0.450000,0.005080,0.249025,0.383532,0.000245,1,-0.122278,0,0,0.251,0.540
s953,co_wear_leveling,0.000000,combined,16,0.750000,22,0.933333,0.066667,15703,0.364542,0.455056,0.004620,0.248297,0.394631,0.000412,2,-0.092340,0,0,0.275,0.643
s953,co_wear_leveling,0.000000,combined,16,0.800000,23,0.942857,0.057143,17417,0.369937,0.460674,0.004423,0.245278,0.402876,0.000501,2,-0.085274,0,0,0.288,0.696
s953,co_wear_leveling,0.000000,combined,16,0.850000,25,0.961905,0.038095,19740,0.354876,0.445393,0.004014,0.255066,0.392219,0.000661,2,-0.017694,0,0,0.303,0.773
s953,co_wear_leveling,0.000000,combined,16,0.900000,26,0.971429,0.028571,20955,0.348298,0.438634,0.003841,0.259365,0.387505,0.000726,2,0.012870,0,0,0.311,0.808
s953,co_wear_leveling,0.000000,combined,16,0.950000,28,0.990476,0.009524,23707,0.339759,0.428973,0.003445,0.262581,0.381496,0.000813,3,0.067610,0,0,0.297,0.773
s953,co_wear_leveling,0.000000,combined,16,1.000000,29,1.000000,0.000000,24933,0.333111,0.421929,0.003302,0.266635,0.376090,0.000838,3,0.097197,1,1,0.257,0.862
s953,co_wear_leveling,0.250000,combined,16,0.050000,1,0.361905,0.638095,27,0.303371,0.303371,0.000000,0.000000,0.303371,0.000000,0,-0.249300,1,1,0.011,0.005
s953,co_wear_leveling,0.250000,combined,16,0.100000,3,0.685714,0.314286,385,0.480649,0.513109,0.000536,0.067532,0.480649,0.000000,0,-0.354875,0,0,0.026,0.019
s953,co_wear_leveling,0.250000,combined,16,0.150000,4,0.723810,0.276190,601,0.422051,0.452247,0.000329,0.071547,0.422051,0.000000,0,-0.180828,0,0,0.035,0.029
s953,co_wear_leveling,0.250000,combined,16,0.200000,6,0.780952,0.219048,1247,0.389201,0.417603,0.000226,0.072975,0.389201,0.000000,0,-0.047968,0,0,0.056,0.066
s953,co_wear_leveling,0.250000,combined,16,0.250000,7,0.790476,0.209524,1623,0.372162,0.406100,0.000694,0.091189,0.372162,0.000000,0,-0.044970,0,0,0.067,0.093
s953,co_wear_leveling,0.250000,combined,16,0.300000,9,0.809524,0.190476,2607,0.361631,0.408240,0.002005,0.128884,0.361631,0.000000,0,-0.116295,0,0,0.099,0.160
s953,co_wear_leveling,0.250000,combined,16,0.350000,10,0.819048,0.180952,2990,0.335955,0.367416,0.000441,0.093645,0.335955,0.000000,0,0.078163,0,0,0.105,0.193
s953,co_wear_leveling,0.250000,combined,16,0.400000,12,0.838095,0.161905,4133,0.322488,0.358614,0.000603,0.112025,0.322488,0.000000,0,0.107503,0,0,0.131,0.261
s953,co_wear_leveling,0.250000,combined,16,0.450000,13,0.847619,0.152381,4831,0.321189,0.351772,0.000384,0.095218,0.321189,0.000000,0,0.141633,1,0,0.156,0.289
s953,co_wear_leveling,0.250000,combined,16,0.500000,15,0.866667,0.133333,6478,0.323496,0.364794,0.000776,0.127663,0.323496,0.000000,0,0.115964,0,0,0.175,0.376
s953,co_wear_leveling,0.250000,combined,16,0.550000,16,0.876190,0.123810,7297,0.320269,0.363062,0.000918,0.133617,0.320269,0.000000,0,0.119780,0,1,0.197,0.412
s953,co_wear_leveling,0.250000,combined,16,0.600000,17,0.885714,0.114286,8612,0.334824,0.361533,0.000348,0.079772,0.337327,0.000004,0,0.158789,1,0,0.204,0.478
s953,co_wear_leveling,0.250000,combined,16,0.650000,19,0.904762,0.095238,11091,0.345202,0.371969,0.000385,0.077540,0.350865,0.000013,1,0.154037,1,0,0.158,0.106
s953,co_wear_leveling,0.250000,combined,16,0.700000,20,0.914286,0.085714,12321,0.346096,0.376966,0.000485,0.089197,0.354284,0.000025,1,0.150202,1,0,0.051,0.114
s953,co_wear_leveling,0.250000,combined,16,0.750000,22,0.933333,0.066667,14677,0.340723,0.391726,0.001053,0.149690,0.355305,0.000104,1,0.117470,1,0,0.055,0.127
s953,co_wear_leveling,0.250000,combined,16,0.800000,23,0.942857,0.057143,15766,0.334870,0.393258,0.001374,0.174363,0.353078,0.000168,2,0.107289,1,0,0.057,0.135
s953,co_wear_leveling,0.250000,combined,16,0.850000,25,0.961905,0.038095,18233,0.327784,0.402247,0.002192,0.227171,0.354101,0.000366,2,0.062992,1,1,0.061,0.152
s953,co_wear_leveling,0.250000,combined,16,0.900000,26,0.971429,0.028571,19793,0.328984,0.410112,0.002590,0.246602,0.359145,0.000482,2,0.033491,1,1,0.062,0.161
s953,co_wear_leveling,0.250000,combined,16,0.950000,28,0.990476,0.009524,23295,0.333854,0.424157,0.003245,0.270487,0.373320,0.000739,3,-0.015821,0,0,0.066,0.186
s953,co_wear_leveling,0.250000,combined,16,1.000000,29,1.000000,0.000000,24933,0.333111,0.421929,0.003302,0.266635,0.376090,0.000838,3,-0.007672,1,1,0.064,0.191
s953,co_wear_leveling,0.500000,combined,16,0.050000,1,0.361905,0.638095,27,0.303371,0.303371,0.000000,0.000000,0.303371,0.000000,0,-0.249300,1,1,0.009,0.003
s953,co_wear_leveling,0.500000,combined,16,0.100000,3,0.685714,0.314286,385,0.480649,0.513109,0.000536,0.067532,0.480649,0.000000,0,-0.354875,0,0,0.016,0.018
s953,co_wear_leveling,0.500000,combined,16,0.150000,4,0.723810,0.276190,601,0.422051,0.452247,0.000329,0.071547,0.422051,0.000000,0,-0.180828,0,0,0.022,0.018
s953,co_wear_leveling,0.500000,combined,16,0.200000,6,0.771429,0.228571,1281,0.399813,0.432584,0.000796,0.081967,0.399813,0.000000,0,-0.126256,0,0,0.035,0.043
s953,co_wear_leveling,0.500000,combined,16,0.250000,7,0.790476,0.209524,1623,0.372162,0.406100,0.000694,0.091189,0.372162,0.000000,0,-0.044970,0,0,0.041,0.062
s953,co_wear_leveling,0.500000,combined,16,0.300000,9,0.809524,0.190476,2607,0.361631,0.408240,0.002005,0.128884,0.361631,0.000000,0,-0.116295,0,0,0.065,0.109
s953,co_wear_leveling,0.500000,combined,16,0.350000,10,0.819048,0.180952,2990,0.335955,0.367416,0.000441,0.093645,0.335955,0.000000,0,0.078163,0,0,0.074,0.128
s953,co_wear_leveling,0.500000,combined,16,0.400000,12,0.838095,0.161905,4133,0.322488,0.358614,0.000603,0.112025,0.322488,0.000000,0,0.107503,0,0,0.093,0.183
s953,co_wear_leveling,0.500000,combined,16,0.450000,13,0.847619,0.152381,4831,0.321189,0.351772,0.000384,0.095218,0.321189,0.000000,0,0.141633,1,0,0.108,0.219
s953,co_wear_leveling,0.500000,combined,16,0.500000,15,0.866667,0.133333,6478,0.323496,0.364794,0.000776,0.127663,0.323496,0.000000,0,0.115964,0,0,0.129,0.278
s953,co_wear_leveling,0.500000,combined,16,0.550000,16,0.876190,0.123810,7297,0.320269,0.363062,0.000918,0.133617,0.320269,0.000000,0,0.119780,0,1,0.151,0.326
s953,co_wear_leveling,0.500000,combined,16,0.600000,17,0.885714,0.114286,8612,0.334824,0.361533,0.000348,0.079772,0.337327,0.000004,0,0.158789,1,0,0.163,0.366
s953,co_wear_leveling,0.500000,combined,16,0.650000,19,0.904762,0.095238,11091,0.345202,0.371969,0.000385,0.077540,0.350865,0.000013,1,0.154037,1,0,0.200,0.470
s953,co_wear_leveling,0.500000,combined,16,0.700000,20,0.914286,0.085714,12321,0.346096,0.376966,0.000485,0.089197,0.354284,0.000025,1,0.150202,1,0,0.223,0.515
s953,co_wear_leveling,0.500000,combined,16,0.750000,22,0.933333,0.066667,14677,0.340723,0.391726,0.001053,0.149690,0.355305,0.000104,1,0.117470,1,0,0.264,0.600
s953,co_wear_leveling,0.500000,combined,16,0.800000,23,0.942857,0.057143,15766,0.334870,0.393258,0.001374,0.174363,0.353078,0.000168,2,0.107289,1,0,0.297,0.692
s953,co_wear_leveling,0.500000,combined,16,0.850000,25,0.961905,0.038095,18233,0.327784,0.402247,0.002192,0.227171,0.354101,0.000366,2,0.062992,1,1,0.321,0.735
s953,co_wear_leveling,0.500000,combined,16,0.900000,26,0.971429,0.028571,19793,0.328984,0.410112,0.002590,0.246602,0.359145,0.000482,2,0.033491,1,1,0.270,0.701
s953,co_wear_leveling,0.500000,combined,16,0.950000,28,0.990476,0.009524,23295,0.333854,0.424157,0.003245,0.270487,0.373320,0.000739,3,-0.015821,0,0,0.289,0.701
s953,co_wear_leveling,0.500000,combined,16,1.000000,29,1.000000,0.000000,24933,0.333111,0.421929,0.003302,0.266635,0.376090,0.000838,3,-0.007672,1,1,0.254,0.682
s953,co_wear_leveling,0.750000,combined,16,0.050000,1,0.361905,0.638095,27,0.303371,0.303371,0.000000,0.000000,0.303371,0.000000,0,-0.249300,1,1,0.026,0.007
s953,co_wear_leveling,0.750000,combined,16,0.100000,3,0.685714,0.314286,385,0.480649,0.513109,0.000536,0.067532,0.480649,0.000000,0,-0.354875,0,0,0.048,0.035
s953,co_wear_leveling,0.750000,combined,16,0.150000,4,0.723810,0.276190,601,0.422051,0.452247,0.000329,0.071547,0.422051,0.000000,0,-0.180828,0,0,0.068,0.060
s953,co_wear_leveling,0.750000,combined,16,0.200000,6,0.771429,0.228571,1281,0.399813,0.432584,0.000796,0.081967,0.399813,0.000000,0,-0.126256,0,0,0.110,0.128
s953,co_wear_leveling,0.750000,combined,16,0.250000,7,0.780952,0.219048,1628,0.373309,0.415730,0.001638,0.113636,0.373309,0.000000,0,-0.136484,0,0,0.156,0.165
s953,co_wear_leveling,0.750000,combined,16,0.300000,9,0.800000,0.200000,2532,0.351228,0.380774,0.000442,0.084123,0.351228,0.000000,0,0.030102,0,0,0.184,0.254
s953,co_wear_leveling,0.750000,combined,16,0.350000,10,0.819048,0.180952,2990,0.335955,0.367416,0.000441,0.093645,0.335955,0.000000,0,0.078163,0,0,0.207,0.099
s953,co_wear_leveling,0.750000,combined,16,0.400000,12,0.838095,0.161905,4133,0.322488,0.358614,0.000603,0.112025,0.322488,0.000000,0,0.107503,0,0,0.049,0.072
s953,co_wear_leveling,0.750000,combined,16,0.450000,13,0.847619,0.152381,4831,0.321189,0.351772,0.000384,0.095218,0.321189,0.000000,0,0.141633,1,0,0.052,0.083
s953,co_wear_leveling,0.750000,combined,16,0.500000,15,0.866667,0.133333,6478,0.323496,0.364794,0.000776,0.127663,0.323496,0.000000,0,0.115964,0,0,0.062,0.104
s953,co_wear_leveling,0.750000,combined,16,0.550000,16,0.876190,0.123810,7297,0.320269,0.363062,0.000918,0.133617,0.320269,0.000000,0,0.119780,0,1,0.066,0.113
s953,co_wear_leveling,0.750000,combined,16,0.600000,17,0.885714,0.114286,8612,0.334824,0.361533,0.000348,0.079772,0.337327,0.000004,0,0.158789,1,0,0.072,0.128
s953,co_wear_leveling,0.750000,combined,16,0.650000,19,0.904762,0.095238,11091,0.345202,0.371969,0.000385,0.077540,0.350865,0.000013,1,0.154037,1,0,0.083,0.150
s953,co_wear_leveling,0.750000,combined,16,0.700000,20,0.914286,0.085714,12321,0.346096,0.376966,0.000485,0.089197,0.354284,0.000025,1,0.150202,1,0,0.094,0.161
s953,co_wear_leveling,0.750000,combined,16,0.750000,22,0.933333,0.066667,14677,0.340723,0.391726,0.001053,0.149690,0.355305,0.000104,1,0.117470,1,0,0.099,0.183
s953,co_wear_leveling,0.750000,combined,16,0.800000,23,0.942857,0.057143,15766,0.334870,0.393258,0.001374,0.174363,0.353078,0.000168,2,0.107289,1,0,0.102,0.196
s953,co_wear_leveling,0.750000,combined,16,0.850000,25,0.961905,0.038095,18233,0.327784,0.402247,0.002192,0.227171,0.354101,0.000366,2,0.062992,1,1,0.108,0.221
s953,co_wear_leveling,0.750000,combined,16,0.900000,26,0.971429,0.028571,19793,0.328984,0.410112,0.002590,0.246602,0.359145,0.000482,2,0.033491,1,1,0.110,0.234
s953,co_wear_leveling,0.750000,combined,16,0.950000,28,0.990476,0.009524,23295,0.333854,0.424157,0.003245,0.270487,0.373320,0.000739,3,-0.015821,0,0,0.118,0.264
s953,co_wear_leveling,0.750000,combined,16,1.000000,29,1.000000,0.000000,24933,0.333111,0.421929,0.003302,0.266635,0.376090,0.000838,3,-0.007672,1,1,0.119,0.336
s953,co_wear_leveling,1.000000,combined,16,0.050000,1,0.361905,0.638095,27,0.303371,0.303371,0.000000,0.000000,0.303371,0.000000,0,-0.249300,1,1,0.013,0.004
s953,co_wear_leveling,1.000000,combined,16,0.100000,3,0.685714,0.314286,385,0.480649,0.513109,0.000536,0.067532,0.480649,0.000000,0,-0.345617,0,0,0.026,0.020
s953,co_wear_leveling,1.000000,combined,16,0.150000,4,0.695238,0.304762,605,0.424860,0.485955,0.004278,0.143802,0.424860,0.000000,0,-0.470266,0,0,0.038,0.035
s953,co_wear_leveling,1.000000,combined,16,0.200000,6,0.771429,0.228571,1281,0.399813,0.432584,0.000796,0.081967,0.399813,0.000000,0,-0.112516,0,0,0.119,0.050
s953,co_wear_leveling,1.000000,combined,16,0.250000,7,0.780952,0.219048,1628,0.373309,0.415730,0.001638,0.113636,0.373309,0.000000,0,-0.108203,0,0,0.046,0.054
s953,co_wear_leveling,1.000000,combined,16,0.300000,9,0.800000,0.200000,2532,0.351228,0.380774,0.000442,0.084123,0.351228,0.000000,0,0.037739,0,0,0.056,0.092
s953,co_wear_leveling,1.000000,combined,16,0.350000,10,0.809524,0.190476,2966,0.333258,0.362921,0.000427,0.089009,0.333258,0.000000,0,0.084245,0,0,0.062,0.109
s953,co_wear_leveling,1.000000,combined,16,0.400000,12,0.828571,0.171429,4251,0.331695,0.360487,0.000379,0.086803,0.331695,0.000000,0,0.110086,0,0,0.084,0.153
s953,co_wear_leveling,1.000000,combined,16,0.450000,13,0.847619,0.152381,4831,0.321189,0.351772,0.000384,0.095218,0.321189,0.000000,0,0.148266,1,0,0.096,0.199
s953,co_wear_leveling,1.000000,combined,16,0.500000,15,0.866667,0.133333,6478,0.323496,0.364794,0.000776,0.127663,0.323496,0.000000,0,0.129355,0,0,0.117,0.253
s953,co_wear_leveling,1.000000,combined,16,0.550000,16,0.876190,0.123810,7297,0.320269,0.363062,0.000918,0.133617,0.320269,0.000000,0,0.135623,0,1,0.131,0.283
s953,co_wear_leveling,1.000000,combined,16,0.600000,17,0.885714,0.114286,8612,0.334824,0.361533,0.000348,0.079772,0.337327,0.000004,0,0.164793,1,0,0.147,0.324
s953,co_wear_leveling,1.000000,combined,16,0.650000,19,0.904762,0.095238,11091,0.345202,0.371969,0.000385,0.077540,0.350865,0.000013,1,0.160688,1,0,0.162,0.379
s953,co_wear_leveling,1.000000,combined,16,0.700000,20,0.914286,0.085714,12321,0.346096,0.376966,0.000485,0.089197,0.354284,0.000025,1,0.158577,1,0,0.204,0.431
s953,co_wear_leveling,1.000000,combined,16,0.750000,22,0.933333,0.066667,14677,0.340723,0.391726,0.001053,0.149690,0.355305,0.000104,1,0.135649,1,0,0.211,0.549
s953,co_wear_leveling,1.000000,combined,16,0.800000,23,0.942857,0.057143,15766,0.334870,0.393258,0.001374,0.174363,0.353078,0.000168,2,0.131012,1,0,0.253,0.603
s953,co_wear_leveling,1.000000,combined,16,0.850000,25,0.961905,0.038095,18233,0.327784,0.402247,0.002192,0.227171,0.354101,0.000366,2,0.100846,1,1,0.270,0.701
s953,co_wear_leveling,1.000000,combined,16,0.900000,26,0.971429,0.028571,19793,0.328984,0.410112,0.002590,0.246602,0.359145,0.000482,2,0.078213,1,1,0.299,0.778
s953,co_wear_leveling,1.000000,combined,16,0.950000,28,0.990476,0.009524,23295,0.333854,0.424157,0.003245,0.270487,0.373320,0.000739,3,0.040216,0,0,0.352,0.889
s953,co_wear_leveling,1.000000,combined,16,1.000000,29,1.000000,0.000000,24933,0.333111,0.421929,0.003302,0.266635,0.376090,0.000838,3,0.049350,1,1,0.314,0.871
s953,random,0.500000,combined,16,0.050000,1,0.038095,0.961905,38,0.426966,0.426966,0.000000,0.000000,0.426966,0.000000,0,-0.812956,0,0,0.023,0.008
s953,random,0.500000,combined,16,0.100000,3,0.057143,0.942857,366,0.456929,0.539326,0.007135,0.180328,0.456929,0.000000,0,-1.071293,0,0,0.016,0.074
s953,random,0.500000,combined,16,0.150000,4,0.066667,0.933333,619,0.434691,0.556180,0.010922,0.279483,0.434691,0.000000,0,-1.128786,0,0,0.015,0.087
s953,random,0.500000,combined,16,0.200000,6,0.085714,0.914286,1262,0.393883,0.543071,0.012423,0.378764,0.393883,0.000000,0,-1.083512,0,0,0.015,0.138
s953,random,0.500000,combined,16,0.250000,7,0.323810,0.676190,1791,0.410686,0.521669,0.009876,0.270240,0.410686,0.000000,0,-0.793310,0,0,0.015,0.165
s953,random,0.500000,combined,16,0.300000,9,0.342857,0.657143,3154,0.437509,0.543071,0.007758,0.241281,0.437509,0.000000,0,-0.780235,0,0,0.015,0.250
s953,random,0.500000,combined,16,0.350000,10,0.352381,0.647619,3432,0.385618,0.488764,0.006102,0.267483,0.385618,0.000000,0,-0.631779,0,0,0.016,0.356
s953,random,0.500000,combined,16,0.400000,12,0.733333,0.266667,5091,0.397238,0.482210,0.004810,0.213907,0.397238,0.000000,0,-0.231636,0,0,0.021,0.330
s953,random,0.500000,combined,16,0.450000,13,0.742857,0.257143,6056,0.402633,0.491789,0.005162,0.221433,0.402633,0.000000,0,-0.243721,0,0,0.017,0.365
s953,random,0.500000,combined,16,0.500000,15,0.790476,0.209524,7403,0.369688,0.453184,0.004058,0.225854,0.369688,0.000000,0,-0.103133,0,0,0.015,0.503
s953,random,0.500000,combined,16,0.550000,16,0.800000,0.200000,8674,0.380706,0.454354,0.002759,0.193452,0.380706,0.000000,0,-0.080567,0,0,0.015,0.547
s953,random,0.500000,combined,16,0.600000,17,0.809524,0.190476,9698,0.377046,0.450099,0.002544,0.193751,0.381320,0.000020,0,-0.058884,0,0,0.015,0.603
s953,random,0.500000,combined,16,0.650000,19,0.904762,0.095238,11436,0.355940,0.425192,0.002495,0.194561,0.368532,0.000083,1,0.082810,0,0,0.017,0.685
s953,random,0.500000,combined,16,0.700000,20,0.914286,0.085714,12604,0.354045,0.424157,0.002498,0.198032,0.370751,0.000133,1,0.095284,0,0,0.016,0.738
s953,random,0.500000,combined,16,0.750000,22,0.933333,0.066667,15106,0.350683,0.436670,0.003623,0.245201,0.377458,0.000354,2,0.084119,0,0,0.017,0.833
s953,random,0.500000,combined,16,0.800000,23,0.942857,0.057143,16526,0.351012,0.434294,0.003173,0.237262,0.378267,0.000387,2,0.104484,0,0,0.015,0.863
s953,random,0.500000,combined,16,0.850000,25,0.961905,0.038095,18769,0.337420,0.422022,0.003092,0.250733,0.369017,0.000518,2,0.151055,0,0,0.017,1.062
s953,random,0.500000,combined,16,0.900000,26,0.971429,0.028571,20602,0.342431,0.429127,0.003287,0.253179,0.377728,0.000617,2,0.144801,0,0,0.019,1.023
s953,random,0.500000,combined,16,0.950000,28,0.990476,0.009524,23817,0.341335,0.432986,0.003794,0.268506,0.385509,0.000884,3,0.151369,0,0,0.017,1.126
s953,random,0.500000,combined,16,1.000000,29,1.000000,0.000000,24933,0.333111,0.421929,0.003302,0.266635,0.376090,0.000838,3,0.189725,1,1,0.018,1.141
